bndno,2016-02-01/2016-02-29,2016-03-01/2016-03-31,2016-04-01/2016-04-30,2016-05-01/2016-05-31,2016-06-01/2016-06-30,2016-07-01/2016-07-31
10003,1.0,0.0,0.0,1.0,1.0,1.0
10005,0.0,0.0,0.0,0.0,1.0,0.0
10007,10.0,8.0,14.0,10.0,8.0,9.0
10010,1.0,0.0,0.0,0.0,0.0,0.0
10012,5.0,2.0,1.0,5.0,0.0,1.0
10015,3.0,1.0,0.0,0.0,5.0,1.0
10029,0.0,0.0,0.0,0.0,0.0,4.0
10033,5.0,5.0,21.0,0.0,11.0,13.0
10036,0.0,0.0,0.0,1.0,0.0,0.0
10038,2.0,0.0,0.0,1.0,0.0,0.0
10043,0.0,1.0,0.0,0.0,0.0,0.0
10045,10.0,2.0,2.0,9.0,3.0,10.0
10047,0.0,2.0,0.0,0.0,0.0,0.0
10049,0.0,0.0,2.0,0.0,0.0,0.0
10053,1.0,0.0,2.0,1.0,1.0,7.0
10054,0.0,0.0,0.0,0.0,1.0,0.0
10060,6.0,9.0,18.0,25.0,32.0,16.0
10062,12.0,9.0,13.0,9.0,13.0,10.0
10063,0.0,1.0,0.0,1.0,3.0,0.0
10064,9.0,2.0,2.0,5.0,8.0,4.0
10066,5.0,3.0,0.0,0.0,0.0,0.0
10068,5.0,3.0,18.0,41.0,7.0,18.0
10069,2.0,8.0,7.0,5.0,10.0,2.0
10075,0.0,1.0,0.0,0.0,0.0,0.0
10078,0.0,0.0,0.0,1.0,0.0,0.0
10080,16.0,8.0,2.0,11.0,9.0,6.0
10082,0.0,0.0,0.0,0.0,5.0,12.0
10083,0.0,1.0,14.0,0.0,0.0,0.0
10084,6.0,0.0,0.0,0.0,0.0,1.0
10085,2.0,0.0,0.0,0.0,0.0,0.0
10086,22.0,28.0,33.0,15.0,35.0,36.0
10087,1.0,0.0,0.0,0.0,0.0,0.0
10091,37.0,0.0,4.0,35.0,12.0,8.0
10094,3.0,1.0,10.0,3.0,6.0,4.0
10097,1.0,1.0,0.0,0.0,0.0,2.0
10098,7.0,0.0,0.0,0.0,0.0,1.0
10104,23.0,4.0,20.0,10.0,0.0,0.0
10106,4.0,13.0,8.0,8.0,45.0,14.0
10107,37.0,9.0,8.0,10.0,7.0,14.0
10109,1.0,3.0,4.0,0.0,0.0,4.0
10110,1.0,1.0,1.0,1.0,1.0,2.0
10113,7.0,0.0,0.0,0.0,1.0,0.0
10114,3.0,2.0,2.0,0.0,1.0,0.0
10116,18.0,3.0,1.0,4.0,1.0,1.0
10119,2.0,2.0,2.0,0.0,0.0,2.0
10120,0.0,0.0,0.0,3.0,0.0,0.0
10123,3.0,4.0,23.0,2.0,0.0,0.0
10124,16.0,5.0,13.0,13.0,1.0,2.0
10125,1.0,1.0,1.0,1.0,0.0,10.0
10127,26.0,0.0,0.0,14.0,9.0,0.0
10128,0.0,0.0,0.0,4.0,8.0,0.0
10129,1.0,0.0,0.0,2.0,0.0,0.0
10130,0.0,0.0,1.0,2.0,0.0,0.0
10133,5.0,1.0,0.0,0.0,0.0,0.0
10137,3.0,0.0,2.0,0.0,0.0,0.0
10141,0.0,0.0,0.0,0.0,1.0,0.0
10148,0.0,0.0,0.0,18.0,52.0,0.0
10154,5.0,2.0,0.0,1.0,1.0,0.0
10161,2.0,0.0,1.0,4.0,4.0,0.0
10163,1.0,1.0,6.0,6.0,2.0,3.0
10164,0.0,0.0,0.0,0.0,0.0,6.0
10185,2.0,0.0,0.0,0.0,0.0,0.0
10190,1.0,0.0,0.0,0.0,0.0,0.0
10194,0.0,0.0,0.0,1.0,0.0,2.0
10198,4.0,0.0,0.0,0.0,2.0,2.0
10199,0.0,1.0,3.0,2.0,3.0,29.0
10208,0.0,0.0,1.0,0.0,0.0,0.0
10211,12.0,5.0,6.0,13.0,12.0,3.0
10214,0.0,0.0,2.0,0.0,0.0,0.0
10310,0.0,0.0,0.0,0.0,12.0,12.0
10401,0.0,0.0,0.0,0.0,0.0,8.0
10439,2.0,0.0,1.0,0.0,1.0,0.0
10450,0.0,0.0,0.0,1.0,0.0,0.0
10502,0.0,1.0,0.0,0.0,0.0,0.0
10608,11.0,3.0,0.0,2.0,0.0,9.0
10614,0.0,0.0,0.0,10.0,0.0,0.0
10616,4.0,0.0,0.0,0.0,1.0,0.0
10617,0.0,1.0,0.0,0.0,0.0,0.0
10619,0.0,0.0,0.0,0.0,0.0,4.0
10624,1.0,0.0,4.0,2.0,2.0,0.0
10628,0.0,0.0,1.0,0.0,0.0,0.0
10632,6.0,3.0,4.0,2.0,4.0,4.0
10637,3.0,4.0,3.0,0.0,0.0,0.0
10652,3.0,2.0,2.0,0.0,2.0,29.0
10656,0.0,1.0,0.0,0.0,0.0,4.0
10657,0.0,0.0,0.0,0.0,1.0,0.0
10659,7.0,4.0,4.0,11.0,5.0,5.0
10669,2.0,0.0,0.0,0.0,0.0,0.0
10676,0.0,0.0,1.0,0.0,0.0,0.0
10678,0.0,0.0,1.0,0.0,0.0,0.0
10679,1.0,4.0,1.0,2.0,0.0,2.0
10681,0.0,0.0,0.0,0.0,0.0,2.0
10684,0.0,0.0,0.0,0.0,17.0,0.0
10685,5.0,0.0,0.0,0.0,0.0,0.0
10691,0.0,2.0,0.0,1.0,0.0,0.0
10692,1.0,6.0,5.0,0.0,0.0,0.0
10694,0.0,0.0,0.0,1.0,0.0,0.0
10697,1.0,3.0,0.0,0.0,1.0,0.0
10701,5.0,3.0,1.0,0.0,0.0,0.0
10702,4.0,0.0,1.0,4.0,4.0,0.0
10703,4.0,1.0,4.0,1.0,1.0,0.0
10704,0.0,0.0,2.0,0.0,0.0,0.0
10705,4.0,1.0,1.0,0.0,0.0,0.0
10706,20.0,10.0,45.0,24.0,39.0,47.0
10710,3.0,0.0,3.0,2.0,1.0,0.0
10713,0.0,0.0,0.0,0.0,1.0,0.0
10714,0.0,2.0,1.0,0.0,3.0,0.0
10715,1.0,0.0,0.0,0.0,1.0,0.0
10717,1.0,0.0,0.0,0.0,0.0,0.0
10719,28.0,4.0,4.0,0.0,1.0,1.0
10721,0.0,0.0,1.0,0.0,0.0,6.0
10722,6.0,0.0,1.0,0.0,0.0,1.0
10724,13.0,5.0,8.0,4.0,1.0,0.0
10726,1.0,1.0,0.0,0.0,0.0,0.0
10727,0.0,2.0,1.0,1.0,0.0,1.0
10729,0.0,9.0,0.0,3.0,1.0,2.0
10730,0.0,0.0,5.0,0.0,3.0,0.0
10731,0.0,0.0,0.0,2.0,1.0,0.0
10732,0.0,1.0,0.0,0.0,0.0,0.0
10741,3.0,0.0,0.0,0.0,0.0,1.0
11000,0.0,1.0,0.0,0.0,0.0,1.0
11003,0.0,0.0,0.0,0.0,0.0,2.0
11004,4.0,1.0,2.0,0.0,0.0,1.0
11005,1.0,0.0,0.0,0.0,0.0,0.0
11006,1.0,0.0,0.0,2.0,0.0,1.0
11008,0.0,0.0,0.0,2.0,0.0,0.0
11010,0.0,1.0,0.0,0.0,0.0,0.0
11011,5.0,5.0,1.0,3.0,2.0,0.0
11014,0.0,0.0,1.0,0.0,0.0,0.0
11020,3.0,0.0,0.0,0.0,0.0,3.0
11022,5.0,2.0,3.0,1.0,2.0,0.0
11026,2.0,4.0,8.0,2.0,2.0,10.0
11027,0.0,0.0,0.0,0.0,0.0,1.0
11031,0.0,0.0,0.0,0.0,0.0,1.0
11032,0.0,0.0,4.0,2.0,1.0,0.0
11034,0.0,1.0,0.0,1.0,0.0,0.0
11036,2.0,10.0,6.0,1.0,1.0,0.0
11039,1.0,1.0,0.0,0.0,0.0,0.0
11040,0.0,0.0,0.0,0.0,1.0,0.0
11041,0.0,0.0,0.0,0.0,1.0,2.0
11042,0.0,0.0,0.0,0.0,1.0,3.0
11043,0.0,0.0,0.0,0.0,1.0,1.0
11044,0.0,0.0,1.0,3.0,2.0,0.0
11046,1.0,0.0,1.0,2.0,2.0,1.0
11048,3.0,4.0,2.0,0.0,2.0,7.0
11049,0.0,1.0,0.0,9.0,1.0,3.0
11050,0.0,0.0,0.0,1.0,0.0,0.0
11051,0.0,0.0,0.0,1.0,3.0,0.0
11052,2.0,3.0,3.0,0.0,1.0,0.0
11054,2.0,2.0,1.0,1.0,0.0,3.0
11055,1.0,3.0,0.0,0.0,1.0,1.0
11056,0.0,12.0,40.0,6.0,2.0,2.0
11057,5.0,2.0,2.0,0.0,3.0,1.0
11058,1.0,0.0,1.0,0.0,0.0,0.0
11067,0.0,0.0,0.0,1.0,0.0,0.0
11069,1.0,0.0,0.0,0.0,0.0,0.0
11072,0.0,0.0,0.0,1.0,0.0,0.0
11075,0.0,1.0,1.0,0.0,0.0,0.0
11079,2.0,5.0,1.0,2.0,4.0,7.0
11081,1.0,0.0,1.0,0.0,0.0,0.0
11085,1.0,0.0,0.0,0.0,0.0,0.0
11091,1.0,0.0,0.0,0.0,0.0,0.0
11092,0.0,0.0,0.0,0.0,1.0,0.0
11093,0.0,0.0,0.0,0.0,4.0,1.0
11094,0.0,1.0,3.0,1.0,3.0,1.0
11097,1.0,0.0,0.0,1.0,0.0,2.0
11098,0.0,0.0,0.0,1.0,0.0,0.0
11100,0.0,0.0,0.0,0.0,0.0,4.0
11101,0.0,0.0,1.0,0.0,0.0,1.0
11102,1.0,0.0,0.0,0.0,2.0,0.0
11103,0.0,0.0,0.0,1.0,1.0,1.0
11104,0.0,1.0,0.0,4.0,0.0,0.0
11105,0.0,0.0,0.0,0.0,1.0,0.0
11106,2.0,0.0,1.0,1.0,3.0,3.0
11107,0.0,0.0,1.0,0.0,0.0,0.0
11110,9.0,8.0,44.0,152.0,43.0,5.0
11111,1.0,2.0,1.0,1.0,0.0,1.0
11112,4.0,1.0,0.0,4.0,0.0,0.0
11114,3.0,9.0,2.0,4.0,6.0,2.0
11115,1.0,1.0,1.0,0.0,0.0,0.0
11116,2.0,0.0,0.0,2.0,1.0,3.0
11119,1.0,0.0,0.0,1.0,1.0,0.0
11121,0.0,1.0,0.0,0.0,2.0,0.0
11123,2.0,6.0,3.0,4.0,1.0,3.0
11126,0.0,0.0,0.0,0.0,0.0,1.0
11127,0.0,0.0,1.0,0.0,0.0,0.0
11128,1.0,2.0,2.0,1.0,0.0,1.0
11129,11.0,6.0,3.0,5.0,7.0,14.0
11130,1.0,1.0,1.0,0.0,0.0,0.0
11131,0.0,0.0,0.0,0.0,1.0,0.0
11132,0.0,0.0,0.0,0.0,0.0,1.0
11133,1.0,0.0,2.0,0.0,1.0,1.0
11137,1.0,0.0,0.0,0.0,0.0,0.0
11139,0.0,0.0,0.0,0.0,0.0,5.0
11140,0.0,0.0,2.0,0.0,0.0,0.0
11141,4.0,1.0,2.0,1.0,0.0,6.0
11144,1.0,2.0,0.0,1.0,0.0,1.0
11145,0.0,0.0,0.0,0.0,2.0,0.0
11146,0.0,0.0,1.0,0.0,1.0,0.0
11148,0.0,0.0,1.0,0.0,2.0,1.0
11149,0.0,0.0,2.0,2.0,0.0,0.0
11150,0.0,1.0,1.0,0.0,0.0,6.0
11151,0.0,0.0,1.0,0.0,0.0,0.0
11152,0.0,0.0,0.0,1.0,0.0,1.0
11154,5.0,2.0,8.0,4.0,5.0,2.0
11156,0.0,4.0,1.0,1.0,2.0,1.0
11159,11.0,4.0,11.0,4.0,9.0,4.0
11164,0.0,1.0,0.0,0.0,0.0,0.0
11165,0.0,1.0,1.0,0.0,0.0,1.0
11168,0.0,1.0,0.0,0.0,0.0,0.0
11200,1.0,2.0,0.0,1.0,2.0,1.0
11201,1.0,0.0,1.0,0.0,0.0,0.0
11204,2.0,1.0,1.0,3.0,0.0,3.0
11209,1.0,0.0,1.0,0.0,0.0,0.0
11210,1.0,1.0,2.0,1.0,0.0,3.0
11213,1.0,1.0,0.0,0.0,0.0,1.0
11215,0.0,1.0,2.0,0.0,0.0,0.0
11217,1.0,1.0,0.0,1.0,1.0,0.0
11219,2.0,0.0,0.0,3.0,0.0,2.0
11220,11.0,4.0,5.0,1.0,8.0,4.0
11221,4.0,1.0,4.0,1.0,5.0,2.0
11222,0.0,2.0,2.0,1.0,3.0,2.0
11223,0.0,0.0,0.0,1.0,0.0,0.0
11224,4.0,5.0,5.0,0.0,0.0,4.0
11225,0.0,3.0,0.0,0.0,0.0,1.0
11227,1.0,0.0,0.0,0.0,0.0,3.0
11228,0.0,2.0,0.0,0.0,0.0,0.0
11229,0.0,0.0,0.0,1.0,0.0,0.0
11230,4.0,0.0,6.0,2.0,2.0,7.0
11233,1.0,1.0,3.0,1.0,1.0,0.0
11234,0.0,0.0,2.0,0.0,0.0,0.0
11235,0.0,0.0,1.0,0.0,1.0,0.0
11240,1.0,2.0,1.0,0.0,0.0,0.0
11241,3.0,1.0,3.0,1.0,0.0,2.0
11250,0.0,0.0,0.0,0.0,4.0,4.0
11258,1.0,1.0,1.0,0.0,1.0,4.0
11260,1.0,0.0,4.0,0.0,0.0,0.0
11263,0.0,0.0,1.0,0.0,0.0,0.0
11265,2.0,2.0,0.0,0.0,0.0,0.0
11276,0.0,0.0,1.0,0.0,0.0,0.0
11281,2.0,1.0,0.0,1.0,0.0,0.0
11284,0.0,0.0,0.0,0.0,1.0,0.0
11286,1.0,0.0,0.0,0.0,0.0,0.0
11287,0.0,0.0,0.0,0.0,1.0,0.0
11288,0.0,2.0,1.0,1.0,1.0,3.0
11291,3.0,0.0,1.0,2.0,0.0,1.0
11293,0.0,0.0,0.0,0.0,0.0,1.0
11300,7.0,10.0,3.0,13.0,7.0,8.0
11301,7.0,0.0,3.0,3.0,2.0,6.0
11302,0.0,1.0,0.0,3.0,0.0,2.0
11303,5.0,8.0,10.0,8.0,4.0,3.0
11304,0.0,0.0,1.0,2.0,0.0,2.0
11305,2.0,0.0,0.0,1.0,3.0,0.0
11306,1.0,0.0,0.0,1.0,0.0,0.0
11310,0.0,1.0,0.0,0.0,0.0,1.0
11311,1.0,0.0,0.0,0.0,2.0,1.0
11312,1.0,0.0,1.0,0.0,0.0,0.0
11313,0.0,0.0,1.0,0.0,0.0,0.0
11314,0.0,2.0,0.0,0.0,0.0,0.0
11317,0.0,0.0,1.0,0.0,2.0,0.0
11318,0.0,0.0,1.0,0.0,0.0,0.0
11321,1.0,0.0,0.0,0.0,0.0,0.0
11322,0.0,0.0,0.0,0.0,0.0,1.0
11324,0.0,0.0,0.0,0.0,0.0,1.0
11327,0.0,11.0,3.0,1.0,0.0,3.0
11334,1.0,0.0,1.0,0.0,1.0,0.0
11337,1.0,0.0,0.0,0.0,0.0,0.0
11338,0.0,2.0,0.0,0.0,1.0,0.0
11342,1.0,0.0,0.0,0.0,0.0,0.0
11344,1.0,1.0,2.0,0.0,0.0,2.0
11345,1.0,0.0,0.0,0.0,0.0,3.0
11346,0.0,0.0,0.0,0.0,0.0,1.0
11351,0.0,1.0,0.0,0.0,0.0,0.0
11352,0.0,1.0,0.0,0.0,0.0,0.0
11356,1.0,0.0,0.0,0.0,0.0,0.0
11360,0.0,0.0,0.0,1.0,0.0,0.0
11365,1.0,0.0,0.0,0.0,0.0,0.0
11374,0.0,0.0,0.0,0.0,0.0,1.0
11375,0.0,2.0,0.0,1.0,1.0,0.0
11376,0.0,0.0,1.0,0.0,0.0,0.0
11378,0.0,1.0,1.0,0.0,1.0,0.0
11379,1.0,2.0,5.0,1.0,0.0,1.0
11381,1.0,0.0,0.0,0.0,0.0,0.0
11383,2.0,1.0,0.0,0.0,0.0,0.0
11384,1.0,1.0,0.0,2.0,0.0,1.0
11385,1.0,6.0,8.0,3.0,3.0,21.0
11386,0.0,0.0,0.0,0.0,0.0,1.0
11387,1.0,0.0,0.0,0.0,0.0,0.0
11388,0.0,0.0,0.0,1.0,1.0,0.0
11390,0.0,0.0,0.0,0.0,1.0,1.0
11400,0.0,1.0,0.0,2.0,0.0,0.0
11500,9.0,5.0,3.0,8.0,9.0,15.0
11501,2.0,1.0,2.0,3.0,0.0,3.0
11502,2.0,3.0,3.0,2.0,3.0,0.0
11504,0.0,1.0,0.0,0.0,0.0,1.0
11506,0.0,0.0,0.0,1.0,0.0,0.0
11507,0.0,0.0,1.0,6.0,0.0,0.0
11511,4.0,1.0,2.0,3.0,3.0,1.0
11521,0.0,1.0,2.0,1.0,1.0,0.0
11522,2.0,0.0,1.0,0.0,2.0,0.0
11530,0.0,0.0,0.0,1.0,0.0,0.0
11531,4.0,3.0,0.0,0.0,0.0,0.0
11532,2.0,0.0,4.0,2.0,2.0,0.0
11533,1.0,8.0,19.0,17.0,5.0,8.0
14001,2.0700000000000003,0.0,0.0,2.0,0.0,1.0
14002,0.0,4.0,1.0,0.0,1.0,0.0
14005,2.0,5.0,3.0,0.0,1.0,2.0
14008,7.0,14.0,6.0,22.0,8.0,1.0
14010,2.0,1.0,2.0,0.0,2.0,1.0
14013,0.0,0.0,0.0,1.0,1.0,1.0
14016,0.0,1.0,3.0,1.0,2.0,1.0
14018,0.0,0.0,0.0,0.0,0.0,1.0
14019,2.0,0.0,0.0,0.0,0.0,0.0
14020,3.0,2.0,0.0,3.0,1.0,2.0
14022,0.0,2.0,0.0,2.0,0.0,0.0
14024,1.0,1.0,1.0,2.0,4.0,3.0
14026,0.0,0.0,0.0,0.0,1.0,0.0
14031,1.0,3.0,1.0,2.0,3.0,0.0
14032,5.0,9.0,5.0,5.0,2.0,8.0
14033,2.0,4.0,0.0,2.0,4.0,2.0
14034,1.0,0.0,0.0,0.0,0.0,0.0
14035,1.0,6.0,0.0,5.0,2.0,7.0
14036,2.0,0.0,0.0,1.0,0.0,1.0
14038,2.0,1.0,0.0,0.0,0.0,0.0
14039,0.0,1.0,1.0,0.0,1.0,1.0
14041,1.342,0.0,2.0,0.0,1.0,14.0
14042,1.0,1.0,1.0,0.0,0.0,0.0
14043,6.0,4.0,1.0,3.0,0.0,1.0
14044,6.0,4.0,12.0,4.0,4.0,7.0
14045,1.3679999999999999,1.0,0.0,0.0,0.0,0.0
14049,0.0,1.0,0.0,0.0,0.0,1.0
14051,5.0,3.0,16.0,10.17,3.0,4.0
14054,0.0,1.0,3.0,0.0,0.0,0.0
14064,0.0,0.0,0.0,3.0,0.0,1.0
14065,0.0,0.0,0.0,3.0,0.0,0.0
14067,4.0,7.0,3.0,2.0,1.0,3.0
14069,1.0,2.0,0.0,0.0,0.0,4.0
14070,2.0,0.0,1.0,1.0,0.0,0.0
14071,1.0,1.0,2.0,3.0,2.0,3.0
14077,0.0,0.0,1.0,1.0,0.0,0.0
14079,5.0,5.0,5.0,6.0,8.0,6.0
14080,4.0,1.0,1.0,0.0,4.0,0.0
14082,7.0,7.0,15.0,9.0,9.0,3.0
14084,2.0,3.0,1.0,1.0,2.0,0.0
14088,1.0,0.0,1.0,1.0,2.0,4.0
14090,1.0,6.0,2.0,3.0,3.0,1.0
14091,0.0,1.0,2.0,2.0,0.0,0.0
14092,8.0,0.0,1.0,0.0,0.0,0.0
14097,1.0,0.0,0.0,1.0,0.0,2.0
14098,10.0,16.0,13.0,20.0,23.0,11.0
14100,0.0,0.0,0.0,1.0,0.0,0.0
14102,5.0,4.0,3.0,4.0,3.0,0.0
14104,7.0,2.0,10.0,3.0,0.0,0.0
14108,1.0,0.0,2.0,1.0,0.0,0.0
14110,3.0,3.0,2.0,8.0,0.0,4.0
14112,6.0,2.0,4.0,4.0,0.0,4.0
14116,1.0,0.0,1.0,0.0,1.0,3.0
14117,3.0,0.0,1.0,1.0,0.0,1.0
14118,1.0,0.0,1.0,1.0,0.0,1.0
14119,0.0,1.0,2.0,1.0,1.0,1.0
14121,3.0,2.0,1.0,2.0,2.0,2.0
14123,3.0,5.0,6.0,0.0,4.0,2.0
14126,5.0,5.0,2.0,3.0,2.0,3.0
14127,1.0,1.0,0.0,0.0,0.0,0.0
14129,2.0,0.0,0.0,0.0,0.0,0.0
14133,2.0,0.0,0.0,0.0,0.0,0.0
14134,0.574,0.0,0.0,0.0,0.0,0.0
14142,0.0,0.0,3.0,1.0,0.0,0.0
14145,3.0,5.0,1.0,6.0,1.0,2.0
14146,1.0,1.0,2.0,1.0,1.0,5.0
14148,0.0,0.0,2.0,0.0,0.0,2.0
14149,2.0,3.0,2.0,0.0,1.0,1.0
14151,1.0,11.0,2.0,2.0,3.0,0.0
14152,3.0,1.0,2.0,2.0,1.0,4.0
14153,2.0,0.0,0.0,0.0,0.0,0.0
14156,0.0,0.0,2.0,0.0,1.0,0.0
14157,0.0,0.0,1.0,0.0,1.0,0.0
14158,0.0,0.0,0.0,0.0,1.0,1.0
14159,2.0,0.0,0.0,0.0,0.0,1.0
14160,12.0,5.0,5.0,11.0,11.0,17.0
14162,1.0,0.0,1.0,0.0,5.0,0.0
14167,1.0,2.0,5.0,1.0,2.0,2.0
14168,4.0,1.0,4.0,5.0,10.0,9.0
14173,10.0,8.0,11.0,6.0,9.0,7.0
14174,0.0,0.0,0.0,2.0,0.0,1.0
14177,30.0,24.0,22.0,28.0,17.0,18.0
14178,0.0,0.0,0.0,0.0,1.0,0.0
14179,2.0,1.0,1.0,0.0,1.0,1.0
14186,0.0,0.0,0.0,0.0,1.0,1.0
14189,1.0,5.0,2.0,5.0,2.0,3.0
14191,7.0,1.0,2.0,3.0,2.0,7.0
14196,11.0,4.0,22.0,19.0,23.0,25.0
14197,1.0,0.0,0.0,0.0,4.0,4.0
14198,0.0,0.0,0.0,1.0,1.0,0.0
14200,3.0,7.0,2.0,8.0,0.0,2.0
14203,0.0,1.0,0.0,0.0,1.0,2.0
14208,10.0,7.0,13.0,8.0,3.0,7.0
14210,2.0,1.0,1.0,1.0,0.0,0.0
14212,3.0,1.0,2.0,0.0,0.0,0.0
14213,1.0,4.0,7.0,11.0,5.0,10.0
14218,0.0,0.0,0.0,2.0,0.0,0.0
14224,13.0,5.0,3.0,4.0,1.0,2.0
14225,5.0,5.0,7.0,6.0,8.0,8.0
14229,3.0,0.0,1.0,0.0,0.0,3.0
14230,14.0,0.0,2.0,0.46,0.0,0.0
14231,1.0,8.0,6.0,3.0,3.0,5.0
14233,3.0,1.0,1.0,1.0,1.0,1.0
14234,0.0,0.0,0.0,0.0,1.0,0.0
14236,3.0,3.0,1.0,5.0,0.0,4.0
14238,0.0,1.0,2.0,1.0,0.0,0.0
14240,0.0,0.0,0.0,0.0,0.11800000000000001,1.0
14241,0.0,2.0,4.0,1.0,7.0,6.0
14242,1.0,1.0,0.0,0.0,0.0,0.0
14245,1.0,1.0,1.0,2.0,1.0,7.0
14246,0.0,0.0,1.0,0.0,1.0,2.0
14247,0.0,0.48600000000000004,0.0,0.9540000000000001,0.0,0.0
14249,0.0,2.0,0.0,1.0,1.0,1.0
14251,3.0,1.0,0.0,4.0,1.0,1.0
14258,1.0,4.0,4.0,4.0,7.0,5.0
14261,0.0,0.0,4.0,2.0,0.0,3.0
14262,0.0,0.0,0.0,1.0,0.0,0.0
14265,10.0,9.0,20.0,12.0,12.0,9.0
14267,7.0,0.0,3.0,4.0,4.0,4.0
14268,3.0,0.0,7.0,11.0,8.0,12.0
14275,0.0,2.0,0.0,1.0,0.0,2.0
14279,2.0,4.0,2.0,0.0,0.0,0.0
14281,14.0,4.0,8.0,16.0,11.0,16.0
14284,0.0,1.0,0.0,0.0,0.0,0.0
14288,0.0,0.0,0.0,2.0,2.0,4.0
14291,4.0,3.0,0.0,0.0,0.0,0.0
14293,3.0,2.0,1.0,1.0,1.0,1.0
14301,4.0,6.0,0.0,4.0,4.0,5.0
14305,0.0,0.0,0.0,0.0,1.0,0.0
14306,0.0,1.0,0.0,2.0,1.0,2.0
14307,0.0,2.0,0.0,1.0,0.0,2.0
14313,29.0,10.0,5.0,8.0,7.0,11.0
14314,2.0,0.0,1.0,1.0,0.0,0.0
14315,0.0,1.0,0.0,0.0,0.0,0.0
14318,1.0,3.0,0.0,1.0,1.0,1.0
14319,6.0,6.0,4.0,11.0,6.0,13.0
14321,1.0,1.0,1.0,1.0,0.0,0.0
14322,13.0,9.0,28.0,17.762,19.0,19.8
14328,0.0,1.0,0.0,0.0,0.0,0.0
14329,0.0,0.0,0.0,0.0,1.0,0.0
14330,353.0,6.0,12.0,12.0,9.0,11.0
14331,0.0,3.0,4.0,2.0,0.0,2.0
14333,13.0,10.0,4.0,3.0,10.0,24.0
14335,0.0,0.0,0.0,0.0,0.0,2.0
14338,13.0,11.0,15.0,24.0,14.0,11.0
14341,1.0,5.0,0.0,1.0,3.0,0.0
14344,0.0,0.0,1.0,2.0,1.0,0.0
14345,1.0,4.0,2.0,4.0,4.0,7.0
14346,1.0,2.0,0.0,1.0,0.0,1.0
14350,3.0,6.856,7.522,0.466,1.566,2.0
14353,0.0,1.0,0.0,1.0,0.0,0.0
14354,5.0,5.0,4.0,3.0,3.0,6.0
14355,0.0,7.0,4.0,1.0,2.0,0.0
14356,6.0,6.0,1.0,0.0,0.0,0.0
14357,6.0,5.0,0.0,6.0,3.0,2.0
14362,13.0,5.0,16.0,6.0,11.0,14.0
14366,16.0,20.0,14.0,6.0,8.0,19.0
14372,9.078,2.0,7.0,2.0,3.0,2.0
14376,1.0,0.0,0.0,0.0,0.0,0.0
14377,0.0,1.0,0.0,0.0,0.0,0.0
14386,2.0,5.0,6.0,6.0,1.0,5.0
14391,0.0,0.0,0.0,0.0,1.0,2.0
14393,2.0,0.0,1.0,4.0,2.0,1.0
14395,0.0,5.0,0.0,6.0,0.0,3.0
14396,1.0,1.0,3.0,4.0,0.0,1.0
14403,0.0,0.0,0.512,1.278,1.402,2.726
14404,2.0,0.0,0.0,1.0,2.0,0.0
14408,1.0,0.0,1.0,0.0,0.0,0.0
14418,0.0,1.0,0.0,0.0,0.0,4.0
14420,1.0,0.0,0.0,1.0,0.0,1.0
14421,1.0,1.0,2.0,1.0,0.0,2.0
14422,0.0,0.0,0.0,0.0,2.0,1.0
14423,0.0,1.0,0.0,0.0,0.0,0.0
14425,1.0,0.0,1.0,0.0,1.0,0.0
14431,2.0,3.0,2.0,2.0,2.0,1.0
14435,1.0,1.0,6.0,5.0,8.0,4.0
14436,2.0,1.0,0.0,2.0,0.0,3.0
14440,0.0,3.0,5.0,2.0,11.0,0.0
14442,15.0,21.0,15.0,9.0,18.0,10.0
14443,2.0,4.0,0.0,6.0,5.0,2.0
14444,5.0,2.0,3.0,0.0,3.0,5.0
14445,6.0,3.0,4.0,4.0,1.0,4.0
14446,0.0,1.0,1.0,1.0,1.0,2.0
14447,0.0,2.0,0.0,2.0,0.0,1.0
14449,2.0,2.0,5.0,1.0,2.0,8.39
14453,0.0,0.0,0.0,1.0,2.0,2.0
14454,0.0,1.0,0.0,0.0,0.0,0.0
14455,6.0,2.0,3.0,3.0,6.0,8.0
14456,0.0,0.0,1.0,0.0,0.0,0.0
14458,0.0,1.0,1.0,1.0,1.0,0.0
14460,3.0,4.0,3.0,2.0,3.0,7.0
14461,7.0,2.0,1.0,0.0,0.0,0.0
14463,0.0,0.0,0.0,1.0,0.0,0.0
14475,12.370000000000001,10.225999999999999,13.0,19.310000000000002,8.0,19.0
14488,0.0,0.0,0.0,2.0,0.0,0.0
14504,2.0,0.0,0.0,0.0,0.0,0.0
14507,1.0,1.0,3.0,5.0,2.0,3.0
14509,1.0,3.0,7.0,3.0,2.0,3.0
14510,0.0,0.0,1.0,0.0,0.0,0.0
14518,0.0,0.0,0.0,0.0,1.0,1.0
14519,3.0,1.0,2.0,3.0,12.0,1.0
14524,1.0,0.0,0.0,0.0,0.0,0.0
14531,1.0,0.0,0.0,2.0,1.0,0.0
14533,0.0,0.0,0.0,1.0,0.0,2.0
14534,0.0,0.0,0.0,1.0,0.0,0.0
14539,0.0,2.0,3.0,0.0,1.0,0.0
14541,0.0,0.0,0.0,0.0,1.0,2.0
14543,0.0,1.0,0.0,0.0,0.0,0.0
14544,20.0,5.0,1.0,2.0,4.0,1.0
14545,2.0,3.0,5.0,5.0,3.0,4.0
14546,0.0,5.0,2.0,0.0,0.0,0.0
14556,2.0,0.0,1.0,0.0,1.0,1.0
14558,0.0,0.0,0.0,1.0,2.0,4.0
14564,2.0,1.0,1.0,1.0,0.0,0.0
14570,1.0,2.0,1.0,1.0,1.0,1.0
14571,1.0,0.0,0.0,0.0,0.0,0.0
14573,11.0,11.0,0.0,9.0,8.0,3.0
14579,1.0,2.0,0.0,1.0,1.0,0.0
14580,5.0,3.0,0.0,2.0,2.0,2.0
14581,2.0,1.0,0.0,0.0,1.0,0.0
14585,0.0,2.0,1.0,0.0,0.0,0.0
14590,0.0,1.0,0.0,0.0,0.0,0.0
14591,0.0,1.0,2.0,0.0,0.0,1.0
14592,1.0,0.0,0.0,0.0,0.0,1.0
14594,0.0,0.0,0.0,0.0,0.0,1.0
14600,0.0,0.0,0.0,0.0,0.0,1.0
14601,2.0,0.0,0.0,0.0,1.0,0.0
14612,0.0,0.0,1.0,1.0,0.0,1.0
14615,3.0,1.0,1.0,1.0,0.0,2.0
14618,1.0,0.0,0.0,0.0,0.0,0.0
14622,29.0,21.0,27.0,26.0,16.0,23.0
14623,0.0,1.0,0.0,0.0,2.0,5.0
14626,3.0,2.0,0.0,0.0,1.0,0.0
14627,2.0,1.0,0.0,0.28,1.0,2.7279999999999998
14630,1.0,2.0,1.0,2.0,2.0,0.0
14648,2.0,0.0,0.0,0.0,2.0,3.0
14650,3.0,2.0,2.0,1.0,2.0,0.0
14651,4.0,3.0,16.0,1.0,4.0,0.0
14652,1.0,0.0,0.0,1.0,2.0,5.0
14661,1.0,0.0,2.0,0.0,0.0,0.0
14665,1.0,1.0,0.0,0.0,0.0,1.0
14667,3.0,0.0,1.0,0.0,0.0,0.0
14674,2.0,0.0,0.0,0.0,0.0,0.0
14677,0.0,0.0,1.0,3.0,0.0,0.0
14678,4.0,11.0,5.0,7.0,6.0,3.0
14682,2.0,0.0,1.0,0.0,3.0,0.0
14686,1.0,1.0,1.0,0.0,1.0,0.0
14688,1.0,0.0,0.0,3.0,4.0,0.0
14689,0.0,1.0,0.0,0.0,0.0,0.0
14691,0.0,0.0,2.0,0.0,0.0,0.0
14693,0.0,3.0,0.0,0.0,0.0,4.0
14694,2.0,0.0,1.0,2.0,0.0,0.0
14700,0.0,2.0,0.0,0.0,0.0,1.0
14703,0.0,2.0,2.0,0.0,0.0,3.0
14705,19.0,4.0,5.0,1.0,0.0,1.0
14708,0.0,0.0,0.0,0.0,0.0,1.0
14709,0.0,0.0,0.0,0.0,1.0,0.0
14712,1.0,1.0,4.0,2.0,2.0,2.0
14714,0.0,1.0,5.0,0.0,0.0,0.0
14717,1.0,0.0,0.0,0.0,0.0,0.0
14719,2.0,0.0,0.0,0.0,1.0,1.0
14721,0.0,1.0,0.0,0.0,0.0,0.0
14722,1.0,0.0,1.0,0.0,0.0,1.0
14723,4.0,1.0,4.0,0.0,2.0,3.0
14724,0.0,0.0,1.0,0.0,1.0,0.0
14726,1.0,1.0,1.0,1.0,0.0,0.0
14727,1.0,2.0,3.0,0.0,0.0,2.0
14728,0.0,0.0,0.0,1.0,0.0,1.0
14729,1.0,1.0,1.0,4.0,1.0,0.0
14730,0.0,1.0,0.0,0.0,0.0,0.0
14731,0.0,1.0,0.0,0.0,0.0,6.0
14732,5.0,0.0,0.0,1.0,1.0,0.0
14735,0.0,0.0,0.0,1.0,1.0,2.0
14736,1.0,0.0,0.0,0.0,1.0,0.0
14737,3.0,7.0,3.0,1.0,2.0,2.0
14738,1.0,0.0,0.0,1.0,0.0,1.0
14739,0.0,1.0,0.0,0.0,0.0,0.0
14740,1.0,1.0,11.0,1.0,2.0,4.0
14742,7.0,0.0,6.0,0.0,0.0,0.0
14743,1.0,0.0,0.0,0.0,0.0,0.0
14745,0.0,0.0,0.0,0.0,1.0,0.0
14746,1.0,0.0,0.0,1.0,1.0,0.0
14747,1.0,0.0,0.0,0.0,0.0,1.0
14752,11.0,4.0,1.0,2.0,0.0,2.0
14753,0.0,0.0,1.0,1.0,1.0,0.0
14754,4.0,0.0,1.0,5.0,0.0,6.0
14757,1.0,0.0,0.0,0.0,0.0,0.0
14758,0.0,1.0,1.0,0.0,0.0,0.0
14759,3.0,4.0,3.0,0.0,1.0,1.0
14764,0.0,1.0,0.0,0.0,0.0,0.0
14767,0.0,0.0,1.0,1.0,2.0,1.0
14768,1.0,0.0,1.0,0.0,1.0,0.0
14769,0.0,0.0,0.0,1.0,0.0,1.0
14770,0.0,1.0,1.0,2.0,0.0,1.0
14777,0.0,0.0,1.0,0.0,0.0,0.0
14779,0.0,1.0,3.0,1.0,0.0,0.0
14780,4.0,1.0,0.0,1.0,0.0,0.0
14781,1.0,1.0,0.0,1.0,0.0,0.0
14783,1.0,1.0,1.0,1.0,1.0,0.0
14784,3.0,4.0,0.0,0.0,0.0,0.0
14785,3.0,1.0,1.0,0.0,2.0,1.0
14786,2.0,0.0,0.0,1.0,0.0,0.0
14788,0.0,4.0,0.0,0.0,7.0,1.0
14789,7.0,6.0,0.0,2.0,2.0,0.0
14790,1.0,0.0,0.0,0.0,0.0,0.0
14792,1.0,0.0,0.0,0.0,0.0,0.0
14793,1.0,2.162,3.0,1.0,1.0,0.134
14794,8.296,4.52,8.8,7.8340000000000005,6.759,2.584
14795,0.0,1.0,1.0,0.0,0.0,0.0
14796,0.0,0.0,0.0,1.0,0.0,1.0
14797,3.0,0.0,0.0,0.0,0.0,0.0
14798,4.0,2.0,2.0,0.0,2.0,1.0
14799,0.0,0.0,1.0,4.0,8.0,3.0
14801,0.0,0.0,0.0,0.0,0.0,1.0
14803,1.0,1.0,6.0,0.0,0.0,5.0
14804,0.0,0.0,4.0,0.0,0.0,0.0
14805,9.0,5.0,2.0,9.0,4.0,5.0
14807,2.0,3.0,3.0,0.0,2.0,0.0
14809,1.0,5.0,2.0,2.0,0.35,1.0
14810,14.0,31.0,12.0,20.0,9.0,21.0
14811,0.0,1.0,0.0,1.0,0.0,0.0
14818,0.0,0.0,1.0,0.0,0.0,0.0
14820,0.0,0.0,1.0,6.0,0.0,0.0
14821,1.0,0.0,0.0,0.0,0.0,0.0
14822,0.0,0.0,0.0,1.0,0.0,0.0
14824,0.0,0.0,0.0,1.0,0.0,0.0
14826,1.0,0.0,0.0,1.0,3.0,0.0
14829,0.0,0.0,0.0,0.0,0.0,0.114
14830,0.0,0.0,0.0,1.0,0.0,6.0
14831,0.0,0.0,0.0,0.0,1.0,1.0
14832,0.0,0.0,0.0,1.0,1.0,1.0
14833,0.0,0.0,0.0,0.0,1.0,3.0
14834,0.0,0.0,0.0,0.0,1.0,3.0
14835,0.0,0.0,0.0,0.0,2.0,4.0
14838,0.0,0.0,0.0,0.0,0.0,10.258
14839,0.0,0.0,0.0,0.0,0.0,1.0
15001,3.0,7.0,3.0,1.0,6.0,10.0
15002,8.0,3.0,7.0,4.0,4.0,7.0
15003,0.0,0.0,0.0,1.0,0.0,0.0
15007,0.0,0.0,1.0,0.0,0.0,0.0
15009,26.0,56.0,77.0,58.0,70.0,47.0
15010,0.0,0.0,0.0,0.0,3.0,0.0
15011,14.0,8.0,13.0,11.0,10.0,8.0
15012,228.0,227.0,194.0,260.0,212.0,252.0
15015,8.0,0.0,0.0,0.0,0.0,0.0
15026,9.0,28.0,3.0,17.0,23.0,15.0
15028,4.0,1.0,0.0,0.0,1.0,0.0
15031,1.0,1.0,0.0,1.0,0.0,2.0
15032,1.0,0.0,0.0,0.0,0.0,0.0
15033,0.0,2.0,0.0,0.0,0.0,0.0
15036,4.0,1.0,0.0,0.0,1.0,0.0
15037,0.0,0.0,1.0,0.0,0.0,0.0
15038,6.0,9.0,18.0,22.0,16.0,12.0
15039,41.0,77.0,81.0,158.0,133.0,132.0
15042,6.0,0.0,0.0,0.0,2.0,2.0
15045,10.0,4.0,24.0,17.0,23.0,41.0
15048,1.0,0.0,2.0,0.0,0.0,0.0
15049,0.0,2.0,1.0,0.0,1.0,0.0
15052,89.0,160.0,167.0,171.0,236.0,303.0
15057,6.0,7.0,6.0,3.0,3.0,9.0
15060,32.634,7.0,2.0,9.0,21.0,9.0
15061,0.0,0.0,1.0,1.0,2.0,0.0
15063,1.0,2.0,1.0,5.0,5.0,5.0
15065,1.0,0.0,0.0,0.0,0.0,0.0
15066,18.0,34.0,17.0,42.0,19.0,19.0
15067,20.0,9.0,3.0,11.0,7.0,1.0
15073,7.0,5.0,7.0,6.0,0.0,6.0
15074,12.0,3.0,4.0,0.0,4.0,6.0
15077,3.0,0.0,1.0,0.0,0.0,0.0
15078,11.0,4.0,3.0,10.0,2.0,4.0
15081,1.0,0.0,0.0,0.0,0.0,0.0
15082,0.0,0.0,0.0,1.0,3.0,0.0
15083,9.0,6.0,13.0,25.0,9.0,13.0
15092,13.0,11.0,18.0,32.0,17.0,30.0
15094,379.0,364.0,284.0,986.0,313.0,312.0
15100,0.0,0.0,1.0,0.0,0.0,0.0
15102,0.0,0.0,0.0,0.0,1.0,0.0
15110,6.0,2.0,7.0,4.0,8.0,18.0
15115,0.0,4.0,2.0,0.0,1.0,3.0
15123,17.0,8.0,17.0,7.0,8.0,8.0
15130,0.0,0.0,0.0,0.0,1.0,3.0
15209,3.0,4.0,2.0,2.0,0.0,0.0
15500,0.0,0.0,0.0,0.0,8.0,0.0
15542,1.0,1.0,0.0,0.0,0.0,2.0
15545,2.0,2.0,3.0,6.0,0.0,0.0
15546,0.0,1.0,0.0,0.0,0.0,0.0
15547,0.0,0.0,0.0,0.0,1.0,0.0
15548,0.0,1.0,4.0,2.0,2.0,0.0
15552,1.0,1.0,2.0,1.0,0.0,0.0
15554,0.0,0.0,1.0,1.0,0.0,0.0
15557,0.0,1.0,2.0,2.0,3.0,0.0
15562,0.0,0.0,0.0,0.0,0.0,1.0
15564,0.0,0.0,3.0,0.0,0.0,3.0
15570,0.0,2.0,6.0,1.0,1.0,2.0
15572,3.0,0.0,0.0,2.0,1.0,1.0
15576,0.0,0.0,1.0,0.0,0.0,0.0
15577,4.0,3.0,4.0,1.0,5.0,2.0
15581,0.0,0.0,0.0,0.0,3.0,0.0
15583,1.0,0.0,0.0,0.0,0.0,0.0
15584,1.0,0.0,0.0,0.0,0.0,0.0
15585,0.0,0.0,1.0,0.0,0.0,0.0
15588,0.0,1.0,0.0,0.0,0.0,2.0
15589,14.0,14.0,0.0,0.0,0.0,0.0
15590,34.0,31.0,21.0,24.0,14.0,20.0
15600,0.0,0.0,1.0,0.0,0.0,0.0
15604,1.0,0.0,0.0,0.0,0.0,0.0
15616,2.0,1.0,1.0,0.0,2.0,4.0
15618,0.0,0.0,0.0,1.0,0.0,0.0
15624,0.0,0.0,0.0,8.0,1.0,0.0
15629,1.0,0.0,0.0,0.0,0.0,0.0
15631,98.0,168.0,808.0,143.0,91.0,199.0
15632,9.0,9.0,0.0,0.0,2.0,6.0
15633,1.0,0.0,0.0,0.0,0.0,0.0
15635,2.0,0.0,3.0,1.0,2.0,3.0
15641,2.0,3.0,0.0,0.0,0.0,0.0
15644,0.0,0.0,0.0,1.0,0.0,4.0
15647,2.0,1.0,1.0,2.0,2.0,0.0
15648,3.0,0.0,0.0,1.0,0.0,0.0
15649,0.0,1.0,1.0,0.0,1.0,1.0
15653,1.0,0.0,5.0,2.0,2.0,7.0
15655,0.0,2.0,1.0,2.0,0.0,1.0
15665,0.0,0.0,1.0,0.0,1.0,3.0
15666,0.0,0.0,0.0,0.0,1.0,2.0
15667,0.0,0.0,4.0,4.0,0.0,0.0
15669,0.0,0.0,1.0,0.0,0.0,0.0
20012,812.0,784.0,918.0,658.0,0.0,0.0
20014,0.0,0.0,0.0,0.0,1.4739999999999998,0.842
20100,0.0,0.0,0.0,0.243,0.344,0.5
20101,2.0,0.0,0.22,1.111,0.0,3.0
20102,0.0,0.0,0.228,0.0,0.0,0.0
20103,1.662,0.968,1.004,0.318,0.704,0.38799999999999996
20110,5.356,4.359999999999999,9.006,2.289,1.896,0.801
20111,0.0,0.0,0.004,0.0,0.0,0.0
20121,2.1,1.178,2.054,2.161,1.318,0.046
20130,2.9979999999999998,0.011,0.023,0.009000000000000001,0.124,0.0
20201,0.0,0.0,0.326,0.0,0.0,0.0
20202,2.408,1.19,0.522,0.0,0.0,0.0
21000,0.762,0.002,527.396,0.812,0.001,0.0
21001,0.0,0.0,0.0,3.4459999999999997,0.0,0.0
21011,4.372,0.001,3.85,2.238,3.366,0.968
21012,0.0,1.1720000000000002,0.19399999999999998,0.392,0.484,1.164
21020,0.7959999999999999,0.0,0.0,0.0,0.0,0.0
21021,2.036,2.4,15.2,10.65,8.459999999999999,8.464
21110,0.304,0.8680000000000001,0.354,0.68,0.0,0.298
21120,0.0,0.0,1.71,0.0,0.10400000000000001,0.138
21200,9.155999999999999,7.7,2.29,2.012,0.7559999999999999,1.192
21400,2.472,3.148,0.894,0.392,0.292,0.27
21700,0.5740000000000001,0.0,0.0,0.818,0.278,0.244
21801,4.6690000000000005,2.146,1.444,1.26,5.032,1.6989999999999998
21812,0.0,0.0,0.0,0.0,0.0,0.306
22000,0.7040000000000001,16.178,12.993000000000004,7.497000000000001,8.873999999999999,6.718
22001,15.473999999999997,31.714000000000002,34.452000000000005,21.182,2.0060000000000002,6.49
22002,0.0,0.636,0.002,6.668,35.518,15.575000000000001
22003,0.0,0.0,0.414,0.0,0.484,2.5540000000000003
22004,0.0,0.0,0.002,1.898,2.003,0.0
22005,0.0,0.0,0.0,3.026,6.3020000000000005,1.4609999999999999
22007,11.254,5.409,12.09,2.8190000000000004,1.715,9.809000000000001
22008,44.62699999999999,41.94600000000001,43.358000000000004,59.627,19.135,9.486
22010,9.750000000000002,10.154,4.9319999999999995,0.0,0.345,1.6039999999999999
22012,28.934000000000005,3.352,0.0,0.0,0.0,0.0
22013,39.083999999999996,19.786000000000005,6.011,0.0,0.522,0.442
22020,15.849999999999996,11.371999999999998,35.42199999999999,60.218,126.82799999999999,17.316000000000003
22021,25.102000000000007,11.350000000000001,14.641999999999998,57.785999999999994,7.069999999999999,7.791
22030,4.632,0.0,0.001,3.782,5.252,38.584999999999994
22032,8.963999999999999,0.0,0.0,0.0,0.006,0.008
22034,11.112,25.703,6.48,22.308,1.8840000000000001,5.568
22035,0.001,0.0,0.0,2.236,27.897000000000006,4.005999999999999
22036,60.85799999999999,38.73400000000001,47.274,43.144,28.080999999999996,30.298
22040,5.946,2.813,1.379,3.173,0.001,3.264
22041,0.0,0.0,0.282,0.0,0.696,0.0
22042,0.0,0.0,0.0,0.0,0.0,2.2880000000000003
22071,0.0,0.037000000000000005,0.189,0.0,0.003,0.0
22100,1.3599999999999999,2.828,7.905,11.778000000000002,13.86,9.261000000000001
22101,11.045999999999996,9.576,5.986,8.574000000000002,9.379999999999999,5.029999999999999
22102,43.483999999999995,29.506000000000007,58.782999999999994,68.70200000000004,76.50000000000007,34.086000000000006
22103,48.427,28.159,41.369,22.609999999999996,40.288,25.569999999999997
22110,4.098,6.518,0.0,1.032,0.0,4.378
22111,38.76200000000001,25.804,27.999999999999996,24.102000000000004,36.178000000000004,20.168000000000003
22120,25.038000000000007,278.25899999999996,3.619,2.02,0.292,0.382
22130,16.606,23.56300000000001,19.415999999999993,6.196000000000001,3.892,4.462
22131,0.0,0.942,1.6239999999999999,0.0,0.0,0.0
22132,1.139,1.152,1.3239999999999998,0.596,0.496,0.468
22160,1.46,0.41,0.5720000000000001,0.0,0.0,2.056
22170,4.4879999999999995,3.092,2.4120000000000004,2.9940000000000007,2.4880000000000004,1.974
22171,3.7620000000000005,1.3980000000000001,0.8420000000000001,1.252,2.192,1.6400000000000001
22172,13.962999999999997,6.151999999999999,11.202,8.985999999999999,7.177,1.894
22180,1.392,3.466,0.756,0.0,0.33,0.436
22190,10.913999999999998,7.292,3.9460000000000006,0.21400000000000002,0.428,0.187
22500,4.868000000000002,29.799,14.319999999999999,26.887,28.233999999999995,10.142999999999999
22501,0.0,0.0,0.742,0.62,0.0,0.122
22503,386.0,0.632,0.0,0.7,0.0,0.0
22511,0.44799999999999995,1.354,0.616,392.44,0.42200000000000004,0.0
22520,0.0,15.0,0.0,0.0,0.0,0.0
22600,20.884,4.444,14.312000000000001,43.208000000000006,37.384,24.933999999999997
22601,22.924,11.36,25.034000000000002,12.926000000000002,10.553999999999998,15.342
22602,0.33,1.492,0.0,0.0,0.0,0.43200000000000005
22603,1.354,0.74,2.696,9.786,7.36,3.2880000000000003
22604,0.43799999999999994,0.0,0.6,2.612,3.2699999999999996,3.5079999999999996
22610,0.48,1.05,2.018,3.226,1.99,4.506
22620,0.0,0.622,0.0,0.0,0.0,0.826
22621,0.358,0.0,0.622,0.386,0.964,1.134
22622,0.0,0.0,0.0,0.0,0.0,1.4500000000000002
22630,2.2640000000000002,3.8160000000000003,2.5799999999999996,6.517999999999999,8.16,10.524
22631,2.746,2.54,1.5939999999999999,3.89,1.284,0.5860000000000001
22671,4.142,2.436,4.99,7.367000000000003,3.258,14.506
22700,0.0,0.0,0.0,0.001,0.0,0.45799999999999996
22701,5.03,6.8340000000000005,9.64,1.134,2.662,6.482
22702,1.94,2.292,0.632,3.876000000000001,1.03,1.736
22710,6.542,0.0,0.0,0.0,0.0,0.0
22711,4.266,0.442,0.0,0.0,0.0,0.0
22712,1.04,0.3,0.302,0.0,0.0,0.0
22713,7.738000000000001,0.19,0.282,0.204,0.0,0.0
22714,2.8560000000000003,0.546,0.0,0.0,0.0,0.0
22715,4.7780000000000005,0.752,0.0,0.0,0.0,0.0
22716,3.2700000000000005,2.158,0.0,0.0,0.0,0.0
22800,0.336,0.314,2.1580000000000004,2.722,0.9620000000000001,5.608
22801,0.0,0.498,0.522,0.3,0.0,1.5679999999999998
22802,0.91,2.1879999999999997,1.734,3.492,1.346,2.144
22820,0.0,0.0,0.0,0.06,0.0,0.0
22821,0.0,0.0,0.46799999999999997,0.486,0.0,0.0
22830,0.728,0.878,0.49,0.742,0.332,0.242
22840,0.254,0.23199999999999998,0.0,0.0,0.0,1.382
22850,0.0,0.0,0.374,1.54,0.0,0.0
22851,0.0,0.0,0.364,0.5640000000000001,0.0,0.512
22852,0.0,0.0,0.0,0.0,0.0,0.506
22860,0.0,0.0,0.0,4.0,0.006999999999999999,0.0
22870,0.0,1.2340000000000002,0.176,0.08800000000000001,0.0,0.0
22900,0.11599999999999999,0.126,0.094,0.20400000000000001,0.0,0.0
22901,0.0,0.0,0.086,0.18,0.068,0.0
22902,0.0,0.16399999999999998,0.0,0.0,0.0,0.32399999999999995
23110,1711.0579999999998,1696.934,2429.926,1818.3529999999998,1121.946,1046.654
23112,6.0,6.0,6.0,4.482,4.0,4.0
23113,5.0,13.0,9.0,11.0,14.0,28.0
23120,7.2379999999999995,1.5480000000000003,2.8000000000000003,2.9179999999999997,10.178,5.3260000000000005
23121,4.662000000000001,1.992,3.0060000000000002,1.7799999999999998,2.194,1.0
23130,0.0,4.0,0.0,1.0,1.0,5.0
23131,0.012000000000000004,0.010000000000000002,0.016000000000000007,0.014000000000000005,0.02000000000000001,0.009000000000000001
23132,3.458,2.698,5.226,12.338000000000001,8.394,10.853000000000002
23133,4.0,0.0,0.0,0.0,0.0,0.0
23134,5.409999999999999,0.311,1.167,0.35500000000000004,2.5520000000000005,2.789
23135,3.0,1.0,1.0,0.0,1.0,1.0
23141,0.0,0.0,0.0,0.0,0.0,18.0
23142,0.312,0.0,0.544,0.0,23.0,0.4500000000000001
23150,0.0,1.0,0.0,0.0,0.0,0.0
23171,0.776,0.0,0.0,0.0,0.0,0.0
24000,14.172000000000002,6.053999999999999,2.8680000000000003,5.384,1.092,10.457000000000003
24010,18.872,14.419999999999998,20.362000000000002,17.229999999999997,27.793999999999997,23.68
24011,5.806000000000001,10.146,9.324000000000002,11.616,7.8919999999999995,9.392
24012,6.482000000000001,2.6439999999999997,1.96,2.0,0.6679999999999999,0.556
24030,2.798,0.266,0.258,0.268,0.0,3.1960000000000006
24032,0.266,0.0,0.0,0.0,0.0,0.0
24100,4.922,3.24,2.076,2.264,3.56,2.938
24101,11.212,8.386000000000001,14.114,10.474,9.547999999999998,10.870000000000001
24102,2.068,0.8220000000000001,0.67,2.706,0.87,0.734
24110,0.0,0.0,0.0,1.5,0.0,0.0
24111,0.0,0.0,0.0,0.9640000000000001,0.868,0.8320000000000001
24112,0.27,0.001,0.284,1.4299999999999997,0.0,0.0
24220,0.0,0.38799999999999996,0.596,0.278,0.32799999999999996,0.0
24400,0.0,0.0,0.20199999999999999,0.43799999999999994,0.0,0.0
24401,0.756,0.65,0.7720000000000001,0.668,0.33199999999999996,0.142
24403,0.21600000000000003,0.0,1.002,0.898,0.6,0.282
25005,3.508,5.016,0.0,1.508,0.0,1.508
25012,3.124,0.244,0.996,0.6280000000000001,1.228,0.406
25100,1.3459999999999999,0.21000000000000002,0.56,1.146,0.309,1.3259999999999998
25101,33.49199999999999,15.161999999999999,32.52799999999999,51.05400000000001,41.44799999999999,52.282000000000004
25102,0.001,0.0,0.0,0.0,0.0,0.0
25110,6.0,6.5,0.0,0.0,2.5,2.0
25111,41.0,136.46699999999998,63.134,53.0,62.0,54.0
25112,0.506,0.0,1.248,0.386,1.1560000000000001,0.0
25120,12.302999999999997,51.03100000000002,124.40200000000004,103.19400000000005,135.04699999999994,168.36699999999988
25121,27.461000000000002,22.898000000000003,4.044,15.368,5.5,2.418
25130,2.606,1.4660000000000002,0.0,1.686,0.624,0.8180000000000001
25150,2.092,0.0,0.0,2.092,2.092,0.0
25405,0.0,0.0,0.504,0.0,1.1219999999999999,1.59
27000,1391.03,8261.439,3291.473,6439.985000000001,8517.154,10379.898000000001
27002,18.148,28.029999999999987,528.625,155.40999999999997,177.03400000000002,17.362000000000005
27030,0.74,0.0,0.0,0.308,0.003,0.0
27100,4.7780000000000005,4.176000000000001,5.744,5.646000000000001,5.738000000000001,7.240000000000002
27200,2.935,3.0989999999999993,1.477,215.77700000000016,0.05100000000000002,7.060000000000011
27201,0.0,16.0,0.0,0.0,14.0,0.0
27210,0.0,0.0,0.0,0.0,1.574,2.361
27240,1986.0,1028.0,2042.0,4530.0,530.0,1052.0
27300,48.628000000000014,61.346,53.78199999999999,108.786,93.61400000000003,106.95499999999996
27400,131.15000000000006,1.7280000000000004,2.462,1655.9719999999995,2.7439999999999998,177.00800000000004
27401,11.964,0.6709999999999999,0.008,0.0,1.45,0.888
27410,518.9860000000003,237.69799999999998,189.682,214.55199999999996,126.526,515.144
27421,0.564,0.0,0.0,0.0,0.0,0.0
30004,0.0,0.0,2.0,1.0,0.0,0.0
30005,0.0,0.0,0.0,1.0,0.0,0.0
30007,0.0,1.0,0.0,0.0,0.0,1.0
30010,1.0,0.0,0.0,0.0,0.0,1.0
30011,0.0,0.0,0.0,1.0,1.0,0.0
30017,4.0,3.0,2.0,5.0,1.0,2.0
30027,1.0,0.0,0.0,0.0,0.0,0.0
30033,0.0,0.0,1.0,1.0,0.0,0.0
30034,0.0,0.0,0.0,0.0,0.0,1.0
30039,0.0,0.0,0.0,1.0,1.0,2.0
30040,2.0,0.0,0.0,0.0,0.0,1.0
30046,1.0,1.0,1.0,0.0,2.0,1.0
30049,0.0,6.0,0.0,0.0,2.0,0.0
30050,0.0,0.0,0.0,1.0,0.0,0.0
30053,0.0,1.0,0.0,0.0,0.0,0.0
30059,0.0,0.0,0.0,0.0,1.0,1.0
30060,1.0,1.0,2.0,1.0,1.0,1.0
30062,0.0,0.0,0.0,1.0,0.0,0.0
30063,1.0,0.0,0.0,0.0,0.0,0.0
30071,0.0,0.0,0.0,2.0,4.0,0.0
30077,0.0,1.0,0.0,0.0,1.0,0.0
30080,0.0,0.0,4.0,3.0,1.0,2.0
30083,0.0,0.0,2.0,0.0,0.0,0.0
30098,0.0,0.0,0.0,1.0,0.0,0.0
30105,1.0,0.0,2.0,0.0,0.0,0.0
30120,2.0,3.0,0.0,0.0,1.0,0.0
30123,0.0,3.0,0.0,0.0,0.0,0.0
30126,4.0,0.0,0.0,0.0,0.0,0.0
30131,2.0,1.0,0.0,0.0,0.0,0.0
30139,1.0,0.0,0.0,0.0,0.0,0.0
30146,0.0,0.0,0.0,0.0,2.0,1.0
30152,0.0,0.0,1.0,1.0,0.0,2.0
30161,3.0,0.0,0.0,0.0,0.0,0.0
30170,23.0,11.0,14.0,10.0,14.0,16.0
30172,2.0,2.0,2.0,2.0,0.0,0.0
30180,1.0,4.0,0.0,0.0,0.0,0.0
30186,0.0,1.0,1.0,1.0,1.0,0.0
30192,3.0,4.0,1.0,3.0,1.0,1.0
30198,1.0,0.0,0.0,0.0,3.0,0.0
30204,3.0,0.0,0.0,2.0,0.0,0.0
30215,0.0,1.0,0.0,0.0,0.0,0.0
30216,11.0,3.0,6.0,1.0,4.0,2.0
30228,2.0,0.0,2.0,0.0,0.0,0.0
30233,1.0,0.0,0.0,0.0,0.0,0.0
30235,0.0,0.0,0.0,0.0,1.0,0.0
30241,0.0,1.0,0.0,0.0,0.0,0.0
30248,193.0,182.0,191.0,184.0,157.0,188.0
30250,0.0,0.0,0.0,0.0,3.0,1.0
30252,0.0,2.0,0.0,0.0,0.0,1.0
30253,1.0,1.0,0.0,2.0,1.0,1.0
30256,1.0,4.0,0.0,1.0,0.0,1.0
30258,0.0,2.0,0.0,1.0,1.0,0.0
30262,2.0,2.0,0.0,3.0,2.0,2.0
30269,1.0,6.0,1.0,0.0,0.0,0.0
30288,1.0,1.0,0.0,1.0,0.0,0.0
30293,0.0,0.0,0.0,0.0,1.0,0.0
30304,1.0,0.0,0.0,0.0,0.0,0.0
30307,0.0,3.0,0.0,0.0,0.0,0.0
30308,0.0,0.0,1.0,0.0,1.0,0.0
30310,1.0,0.0,0.0,2.0,0.0,2.0
30313,0.0,0.0,0.0,2.0,0.0,0.0
30314,0.0,1.0,0.0,0.0,0.0,0.0
30322,0.0,0.0,0.0,1.0,0.0,0.0
30335,1.0,0.0,0.0,0.0,0.0,0.0
30337,1.0,0.0,0.0,0.0,1.0,0.0
30340,1.0,0.0,0.0,0.0,0.0,1.0
30348,0.0,0.0,0.0,1.0,0.0,0.0
30351,0.0,0.0,0.0,1.0,0.0,0.0
30352,0.0,0.0,0.0,1.0,1.0,0.0
30355,1.0,7.0,0.0,2.0,4.0,0.0
30358,1.0,0.0,0.0,0.0,0.0,2.0
30365,0.0,2.0,1.0,2.0,0.0,3.0
30444,0.0,1.0,0.0,0.0,0.0,0.0
30445,0.0,0.0,1.0,1.0,0.0,0.0
30514,0.0,0.0,1.0,0.0,0.0,0.0
30551,0.0,0.0,1.0,0.0,0.0,0.0
30559,0.0,0.0,0.0,1.0,0.0,0.0
30561,0.0,0.0,0.0,0.0,1.0,0.0
30562,1.0,0.0,0.0,0.0,0.0,0.0
30564,0.0,1.0,0.0,0.0,0.0,0.0
30643,0.0,0.0,0.0,0.0,0.0,2.0
30700,1.0,0.0,0.0,0.0,0.0,0.0
30707,0.0,0.0,0.0,1.0,0.0,0.0
30710,1.0,0.0,0.0,0.0,0.0,0.0
30721,0.0,13.0,0.0,0.0,0.0,1.0
30723,1.0,0.0,0.0,0.0,0.0,0.0
30727,0.0,6.0,1.0,3.0,6.0,0.0
30730,0.0,0.0,0.0,2.0,0.0,1.0
30734,1.0,0.0,0.0,0.0,1.0,1.0
30742,4.0,0.0,0.0,0.0,0.0,1.0
30746,0.0,0.0,0.0,3.0,0.0,0.0
30750,0.0,1.0,1.0,0.0,2.0,0.0
30761,0.0,0.0,0.0,1.0,0.0,0.0
30762,3.0,0.0,0.0,0.0,0.0,0.0
30764,0.0,12.0,0.0,0.0,0.0,0.0
30778,1.0,0.0,0.0,0.0,0.0,1.0
30789,2.0,0.0,0.0,0.0,0.0,0.0
30790,2.0,6.0,0.0,0.0,0.0,0.0
30791,0.0,0.0,0.0,0.0,0.0,1.0
30793,0.0,1.0,1.0,0.0,2.0,0.0
30798,4.0,2.0,3.0,1.0,1.0,5.0
30804,0.0,1.0,0.0,0.0,0.0,2.0
30806,0.0,0.0,0.0,2.0,0.0,0.0
30811,0.0,0.0,0.0,0.0,1.0,0.0
30812,4.0,0.0,0.0,0.0,4.0,0.0
30814,0.0,0.0,1.0,0.0,0.0,0.0
30815,1.0,0.0,0.0,0.0,0.0,0.0
30817,0.0,0.0,0.0,0.0,0.0,1.0
30818,0.0,0.0,0.0,1.0,0.0,0.0
30819,2.0,2.0,0.0,0.0,0.0,1.0
30821,0.0,0.0,0.0,0.0,0.0,1.0
30822,0.0,3.0,0.0,0.0,0.0,0.0
30823,0.0,0.0,0.0,6.0,0.0,0.0
30825,6.0,0.0,0.0,0.0,0.0,0.0
30829,1.0,0.0,1.0,0.0,0.0,0.0
30831,1.0,0.0,0.0,0.0,1.0,0.0
30832,2.0,2.0,0.0,0.0,0.0,1.0
30833,11.0,4.0,0.0,1.0,7.0,8.0
30835,1.0,0.0,0.0,1.0,0.0,0.0
30838,0.0,2.0,0.0,0.0,0.0,0.0
30903,0.0,1.0,0.0,0.0,0.0,0.0
31001,0.0,1.0,0.0,0.0,0.0,0.0
31008,0.0,0.0,1.0,0.0,0.0,0.0
31009,0.0,0.0,0.0,1.0,0.0,0.0
31017,1.0,2.0,7.0,5.0,7.0,6.0
31019,1.0,0.0,0.0,0.0,0.0,1.0
31024,0.0,0.0,0.0,0.0,0.0,2.0
31027,5.0,1.0,5.0,3.0,0.0,3.0
31029,0.0,0.0,0.0,2.0,0.0,0.0
31035,3.0,0.0,0.0,1.0,0.0,0.0
31037,0.0,0.0,1.0,0.0,0.0,1.0
31039,0.0,0.0,0.0,0.0,1.0,0.0
31042,2.0,1.0,0.0,2.0,0.0,0.0
31052,0.0,0.0,0.0,1.0,0.0,0.0
31059,1.0,0.0,0.0,0.0,0.0,0.0
31063,0.0,0.0,0.0,0.0,0.0,1.0
31067,0.0,0.0,1.0,0.0,0.0,0.0
31070,0.0,1.0,0.0,0.0,1.0,0.0
31094,0.0,1.0,0.0,0.0,0.0,0.0
31095,0.0,1.0,0.0,0.0,0.0,1.0
31102,0.0,0.0,0.0,0.0,1.0,0.0
31104,0.0,0.0,0.0,1.0,0.0,0.0
31129,0.0,0.0,0.0,0.0,0.0,2.0
31131,0.0,1.0,0.0,0.0,0.0,0.0
31133,1.0,1.0,2.0,0.0,2.0,0.0
31148,5.0,0.0,0.0,0.0,0.0,0.0
31160,0.0,1.0,0.0,0.0,0.0,0.0
31165,0.0,0.0,0.0,0.0,0.0,3.0
31166,0.0,0.0,1.0,0.0,0.0,0.0
31423,1.0,0.0,0.0,0.0,0.0,0.0
31425,14.0,0.0,0.0,0.0,0.0,0.0
32006,3.0,2.0,0.0,0.0,1.0,1.0
32012,1.0,0.0,0.0,0.0,0.0,0.0
32047,0.0,1.0,0.0,0.0,0.0,0.0
32053,0.0,1.0,2.0,0.0,0.0,0.0
32110,0.0,0.0,0.0,0.0,0.0,3.0
32116,1.0,0.0,0.0,0.0,0.0,0.0
32133,7.0,2.0,4.0,3.0,2.0,5.0
32151,0.0,0.0,0.0,1.0,0.0,0.0
32169,1.0,0.0,0.0,0.0,0.0,0.0
32183,1.0,1.0,0.0,0.0,0.0,0.0
32188,3.0,1.0,0.0,1.0,0.0,0.0
32196,1.0,0.0,0.0,0.0,0.0,0.0
32203,0.0,1.0,0.0,0.0,0.0,0.0
32215,0.0,3.0,0.0,0.0,0.0,0.0
32274,0.0,0.0,0.0,1.0,0.0,0.0
32293,0.0,0.0,0.0,1.0,0.0,3.0
32295,8.0,2.0,1.0,0.0,0.0,1.0
32301,0.0,0.0,0.0,0.0,1.0,0.0
32315,0.0,0.0,0.0,1.0,1.0,0.0
32322,1.0,0.0,2.0,0.0,0.0,0.0
32323,0.0,0.0,1.0,0.0,1.0,0.0
32324,0.0,0.0,0.0,0.0,0.0,1.0
32381,0.0,0.0,1.0,2.0,0.0,0.0
32382,0.0,0.0,0.0,0.0,0.0,1.0
32383,0.0,0.0,0.0,3.0,0.0,0.0
32395,1.0,0.0,0.0,0.0,0.0,0.0
32402,0.0,0.0,2.0,0.0,0.0,0.0
32403,1.0,0.0,0.0,0.0,1.0,1.0
32736,0.0,1.0,0.0,0.0,0.0,0.0
32823,0.0,0.0,0.0,0.0,0.0,1.0
32917,2.0,2.0,11.0,0.0,0.0,0.0
32994,0.0,0.0,0.0,1.0,0.0,1.0
33009,1.0,0.0,0.0,1.0,0.0,0.0
33010,0.0,0.0,0.0,0.0,0.0,0.0
33017,0.0,0.0,0.0,1.0,1.0,1.0
33020,0.0,0.0,0.0,1.0,0.0,0.0
33026,0.0,0.0,0.0,0.0,1.0,0.0
33033,2.0,0.0,0.0,1.0,1.0,2.0
33041,0.0,0.0,0.0,0.0,1.0,0.0
33046,7.0,2.0,3.0,1.0,3.0,1.0
33054,1.0,1.0,1.0,0.0,0.0,2.0
33056,0.0,0.0,0.0,1.0,0.0,0.0
33064,0.0,0.0,0.0,1.0,0.0,0.0
33073,0.0,0.0,0.0,0.0,3.0,0.0
33080,0.0,1.0,0.0,0.0,0.0,0.0
34001,0.0,4.0,1.0,0.0,1.0,1.0
34005,0.0,0.0,1.0,0.0,0.0,0.0
34017,0.0,0.0,1.0,1.0,0.0,0.0
34020,1.0,0.0,0.0,1.0,0.0,0.0
34039,2.0,0.0,2.0,1.0,0.0,2.0
34040,0.0,0.0,2.0,0.0,0.0,0.0
34048,1.0,0.0,0.0,0.0,0.0,0.0
34074,1.0,1.0,0.0,0.0,3.0,0.0
34076,0.0,0.0,0.0,2.0,0.0,1.0
34077,0.0,0.0,1.0,0.0,0.0,0.0
34078,0.0,0.0,0.0,2.0,0.0,0.0
34079,0.0,1.0,8.0,0.0,0.0,1.0
34096,0.0,0.0,0.0,0.0,1.0,0.0
34099,0.0,0.0,1.0,0.0,0.0,0.0
34106,1.0,0.0,0.0,0.0,1.0,0.0
34110,0.0,0.0,0.0,0.0,1.0,0.0
34111,0.0,0.0,1.0,1.0,0.0,0.0
34119,1.0,0.0,0.0,0.0,0.0,0.0
34122,4.0,0.0,1.0,0.0,1.0,0.0
34129,1.0,2.0,5.0,1.0,0.0,1.0
34175,2.0,0.0,0.0,0.0,2.0,0.0
34194,0.0,0.0,1.0,0.0,0.0,0.0
34195,0.0,0.0,2.0,0.0,0.0,0.0
34204,1.0,0.0,0.0,0.0,0.0,0.0
34214,0.0,5.0,6.0,20.0,4.0,4.0
34224,0.0,0.0,0.0,2.0,3.0,4.0
34241,1.0,0.0,0.0,0.0,1.0,0.0
34249,0.0,0.0,0.0,1.0,0.0,1.0
34272,0.0,0.0,0.0,0.0,1.0,2.0
34304,0.0,0.0,0.0,2.0,0.0,5.0
34350,0.0,0.0,0.0,1.0,0.0,0.0
34363,0.0,0.0,0.0,3.0,0.0,4.0
34384,0.0,1.0,0.0,0.0,1.0,0.0
34621,0.0,0.0,0.0,0.0,1.0,1.0
34641,0.0,1.0,0.0,1.0,0.0,0.0
34746,0.0,0.0,0.0,1.0,0.0,0.0
34763,0.0,0.0,3.0,3.0,2.0,0.0
34764,0.0,0.0,4.0,2.0,0.0,0.0
34800,0.0,0.0,0.0,0.0,2.0,1.0
34801,0.0,0.0,1.0,0.0,0.0,0.0
34810,0.0,0.0,0.0,0.0,0.0,1.0
34811,0.0,1.0,0.0,0.0,0.0,0.0
34815,0.0,0.0,1.0,0.0,0.0,0.0
34818,1.0,0.0,0.0,0.0,0.0,0.0
34832,0.0,0.0,0.0,1.0,1.0,0.0
34833,0.0,0.0,0.0,1.0,0.0,0.0
34845,0.0,0.0,0.0,1.0,0.0,0.0
34846,0.0,1.0,0.0,0.0,2.0,0.0
34856,0.0,0.0,0.0,1.0,2.0,0.0
36010,1.0,1.0,2.0,0.0,1.0,0.0
36020,1.0,0.0,1.0,2.0,1.0,4.0
36022,0.0,0.0,1.0,1.0,0.0,0.0
36023,2.0,0.0,0.0,0.0,0.0,0.0
36025,0.0,0.0,0.0,0.0,0.0,2.0
36030,1.0,4.0,1.0,1.0,0.0,2.0
36035,2.0,0.0,0.0,0.0,1.0,0.0
40000,8.0,7.0,1.0,6.0,3.0,6.0
