pluno,2016-02-01,2016-02-02,2016-02-03,2016-02-04,2016-02-05,2016-02-06,2016-02-07,2016-02-08,2016-02-09,2016-02-10,2016-02-11,2016-02-12,2016-02-13,2016-02-14,2016-02-15,2016-02-16,2016-02-17,2016-02-18,2016-02-19,2016-02-20,2016-02-21,2016-02-22,2016-02-23,2016-02-24,2016-02-25,2016-02-26,2016-02-27,2016-02-28,2016-02-29,2016-03-01,2016-03-02,2016-03-03,2016-03-04,2016-03-05,2016-03-06,2016-03-07,2016-03-08,2016-03-09,2016-03-10,2016-03-11,2016-03-12,2016-03-13,2016-03-14,2016-03-15,2016-03-16,2016-03-17,2016-03-18,2016-03-19,2016-03-20,2016-03-21,2016-03-22,2016-03-23,2016-03-24,2016-03-25,2016-03-26,2016-03-27,2016-03-28,2016-03-29,2016-03-30,2016-03-31,2016-04-01,2016-04-02,2016-04-03,2016-04-04,2016-04-05,2016-04-06,2016-04-07,2016-04-08,2016-04-09,2016-04-10,2016-04-11,2016-04-12,2016-04-13,2016-04-14,2016-04-15,2016-04-16,2016-04-17,2016-04-18,2016-04-19,2016-04-20,2016-04-21,2016-04-22,2016-04-23,2016-04-24,2016-04-25,2016-04-26,2016-04-27,2016-04-28,2016-04-29,2016-04-30,2016-05-01,2016-05-02,2016-05-03,2016-05-04,2016-05-05,2016-05-06,2016-05-07,2016-05-08,2016-05-09,2016-05-10,2016-05-11,2016-05-12,2016-05-13,2016-05-14,2016-05-15,2016-05-16,2016-05-17,2016-05-18,2016-05-19,2016-05-20,2016-05-21,2016-05-22,2016-05-23,2016-05-24,2016-05-25,2016-05-26,2016-05-27,2016-05-28,2016-05-29,2016-05-30,2016-05-31,2016-06-01,2016-06-02,2016-06-03,2016-06-04,2016-06-05,2016-06-06,2016-06-07,2016-06-08,2016-06-09,2016-06-10,2016-06-11,2016-06-12,2016-06-13,2016-06-14,2016-06-15,2016-06-16,2016-06-17,2016-06-18,2016-06-19,2016-06-20,2016-06-21,2016-06-22,2016-06-23,2016-06-24,2016-06-25,2016-06-26,2016-06-27,2016-06-28,2016-06-29,2016-06-30,2016-07-01,2016-07-02,2016-07-03,2016-07-04,2016-07-05,2016-07-06,2016-07-07,2016-07-08,2016-07-09,2016-07-10,2016-07-11,2016-07-12,2016-07-13,2016-07-14,2016-07-15,2016-07-16,2016-07-17,2016-07-18,2016-07-19,2016-07-20,2016-07-21,2016-07-22,2016-07-23,2016-07-24,2016-07-25,2016-07-26,2016-07-27,2016-07-28,2016-07-29,2016-07-30,2016-07-31
100,5.0,1.0,1.0,0.0,0.0,2.0,2.0,1.0,1.0,0.0,3.0,1.0,0.0,6.0,1.0,2.0,0.0,3.0,0.0,3.0,0.0,0.0,1.0,2.0,0.0,1.0,0.0,5.0,0.0,2.0,1.0,0.0,1.0,1.0,0.0,0.0,3.0,0.0,0.0,0.0,3.0,1.0,1.0,0.0,2.0,0.0,2.0,3.0,0.0,0.0,1.0,0.0,0.0,3.0,0.0,0.0,0.0,1.0,0.0,0.0,2.0,4.0,2.0,0.0,2.0,2.0,0.0,0.0,0.0,3.0,0.0,2.0,3.0,2.0,8.0,2.0,4.0,2.0,1.0,0.0,2.0,1.0,1.0,1.0,0.0,0.0,1.0,0.0,1.0,2.0,0.0,4.0,4.0,0.0,2.0,3.0,2.0,1.0,1.0,0.0,2.0,2.0,0.0,6.0,0.0,0.0,2.0,2.0,2.0,1.0,3.0,0.0,2.0,1.0,0.0,0.0,3.0,0.0,1.0,1.0,1.0,7.0,0.0,2.0,3.0,0.0,0.0,0.0,0.0,4.0,2.0,2.0,0.0,3.0,1.0,2.0,5.0,1.0,3.0,4.0,0.0,3.0,0.0,0.0,3.0,0.0,2.0,1.0,0.0,3.0,2.0,0.0,0.0,1.0,0.0,1.0,3.0,0.0,0.0,1.0,0.0,0.0,0.0,0.0,2.0,3.0,2.0,1.0,1.0,0.0,1.0,1.0,2.0,8.0,2.0,0.0,0.0,0.0,1.0,2.0,7.0,1.0
101,13.0,35.0,25.0,5.0,12.0,36.0,6.0,11.0,9.0,10.0,1.0,4.0,8.0,1.0,9.0,7.0,1.0,7.0,7.0,19.0,3.0,6.0,1.0,4.0,2.0,7.0,6.0,11.0,3.0,9.0,0.0,4.0,0.0,9.0,4.0,0.0,2.0,1.0,1.0,2.0,7.0,4.0,0.0,5.0,3.0,0.0,20.0,9.0,2.0,5.0,1.0,7.0,4.0,6.0,16.0,6.0,5.0,4.0,5.0,9.0,13.0,11.0,19.0,12.0,5.0,1.0,2.0,5.0,6.0,2.0,3.0,5.0,3.0,3.0,2.0,6.0,13.0,17.0,1.0,8.0,5.0,2.0,3.0,23.0,7.0,1.0,8.0,0.0,16.0,7.0,18.0,9.0,6.0,0.0,1.0,8.0,5.0,7.0,5.0,2.0,3.0,2.0,9.0,10.0,8.0,9.0,5.0,0.0,1.0,5.0,11.0,2.0,0.0,1.0,2.0,1.0,10.0,3.0,8.0,4.0,3.0,3.0,2.0,3.0,31.0,5.0,7.0,8.0,6.0,22.0,4.0,7.0,4.0,3.0,4.0,2.0,11.0,8.0,3.0,6.0,8.0,8.0,2.0,2.0,15.0,4.0,13.0,10.0,3.0,23.0,1.0,7.0,15.0,5.0,0.0,15.0,7.0,4.0,5.0,19.0,5.0,1.0,10.0,14.0,1.0,10.0,6.0,6.0,9.0,4.0,8.0,4.0,12.0,42.0,11.0,6.0,9.0,3.0,6.0,20.0,8.0,7.0
102,4.0,2.0,28.0,7.0,0.0,5.0,0.0,0.0,0.0,0.0,0.0,0.0,0.0,0.0,0.0,0.0,1.0,1.0,0.0,1.0,4.0,1.0,0.0,1.0,0.0,0.0,0.0,1.0,0.0,3.0,0.0,0.0,0.0,0.0,0.0,0.0,0.0,0.0,0.0,0.0,1.0,1.0,0.0,4.0,0.0,0.0,5.0,0.0,0.0,4.0,0.0,0.0,0.0,3.0,3.0,3.0,0.0,1.0,0.0,0.0,0.0,0.0,3.0,3.0,4.0,0.0,12.0,0.0,0.0,0.0,0.0,0.0,0.0,0.0,20.0,0.0,0.0,0.0,0.0,0.0,0.0,0.0,0.0,0.0,0.0,0.0,0.0,0.0,0.0,0.0,2.0,1.0,0.0,0.0,0.0,3.0,0.0,1.0,0.0,0.0,2.0,2.0,2.0,0.0,8.0,0.0,0.0,0.0,0.0,0.0,2.0,4.0,0.0,0.0,0.0,0.0,0.0,4.0,0.0,0.0,0.0,0.0,2.0,0.0,0.0,0.0,0.0,19.0,1.0,0.0,0.0,3.0,0.0,0.0,0.0,0.0,0.0,0.0,0.0,0.0,0.0,0.0,4.0,0.0,0.0,0.0,0.0,0.0,0.0,0.0,0.0,0.0,0.0,0.0,1.0,0.0,0.0,0.0,1.0,0.0,0.0,0.0,0.0,0.0,0.0,0.0,0.0,1.0,1.0,0.0,0.0,0.0,1.0,1.0,0.0,0.0,0.0,0.0,0.0,0.0,0.0,1.0
103,0.0,0.0,0.0,0.0,0.0,0.0,0.0,24.0,0.0,0.0,0.0,1.0,0.0,0.0,2.0,4.0,2.0,0.0,0.0,7.0,0.0,0.0,0.0,0.0,0.0,0.0,2.0,0.0,0.0,0.0,0.0,0.0,0.0,0.0,0.0,0.0,0.0,0.0,0.0,0.0,0.0,0.0,2.0,1.0,0.0,2.0,0.0,0.0,0.0,0.0,0.0,1.0,0.0,0.0,0.0,0.0,0.0,0.0,0.0,0.0,0.0,2.0,1.0,0.0,0.0,0.0,0.0,0.0,0.0,0.0,2.0,0.0,1.0,3.0,0.0,0.0,0.0,0.0,5.0,0.0,0.0,0.0,0.0,0.0,0.0,0.0,0.0,0.0,0.0,6.0,0.0,0.0,0.0,1.0,4.0,4.0,0.0,4.0,0.0,1.0,0.0,2.0,0.0,0.0,2.0,0.0,0.0,0.0,0.0,1.0,3.0,7.0,0.0,0.0,0.0,0.0,0.0,48.0,4.0,0.0,0.0,0.0,0.0,1.0,0.0,0.0,0.0,0.0,0.0,1.0,10.0,2.0,0.0,0.0,0.0,0.0,0.0,0.0,0.0,5.0,0.0,0.0,0.0,0.0,4.0,11.0,1.0,0.0,12.0,0.0,2.0,3.0,5.0,8.0,5.0,5.0,0.0,0.0,0.0,0.0,0.0,0.0,0.0,1.0,2.0,2.0,0.0,0.0,2.0,0.0,0.0,0.0,0.0,0.0,2.0,0.0,0.0,0.0,0.0,0.0,0.0,0.0
104,8.0,6.0,3.0,1.0,8.0,10.0,1.0,0.0,1.0,0.0,1.0,0.0,3.0,1.0,1.0,3.0,0.0,0.0,2.0,2.0,0.0,0.0,0.0,0.0,0.0,0.0,4.0,0.0,0.0,0.0,0.0,0.0,0.0,0.0,1.0,0.0,0.0,0.0,0.0,0.0,0.0,0.0,1.0,1.0,0.0,0.0,3.0,0.0,1.0,0.0,0.0,0.0,0.0,1.0,0.0,0.0,0.0,1.0,0.0,0.0,0.0,0.0,0.0,0.0,0.0,0.0,0.0,0.0,0.0,0.0,0.0,0.0,0.0,0.0,1.0,1.0,0.0,0.0,0.0,0.0,1.0,1.0,1.0,4.0,0.0,0.0,0.0,0.0,2.0,1.0,0.0,0.0,0.0,0.0,5.0,0.0,0.0,0.0,0.0,0.0,0.0,2.0,1.0,0.0,0.0,0.0,0.0,0.0,0.0,0.0,2.0,0.0,1.0,0.0,0.0,1.0,0.0,0.0,0.0,0.0,0.0,0.0,2.0,0.0,1.0,0.0,0.0,2.0,0.0,1.0,1.0,0.0,0.0,0.0,0.0,0.0,0.0,0.0,0.0,1.0,0.0,1.0,2.0,0.0,0.0,0.0,0.0,0.0,1.0,0.0,0.0,0.0,0.0,0.0,3.0,1.0,0.0,0.0,1.0,0.0,0.0,0.0,0.0,0.0,0.0,0.0,0.0,0.0,0.0,0.0,0.0,0.0,2.0,0.0,8.0,0.0,14.0,6.0,1.0,1.0,0.0,0.0
105,0.0,0.0,0.0,0.0,20.0,0.0,0.0,0.0,0.0,0.0,0.0,0.0,0.0,0.0,0.0,0.0,0.0,0.0,0.0,2.0,0.0,0.0,0.0,0.0,0.0,1.0,0.0,0.0,0.0,0.0,0.0,3.0,1.0,0.0,0.0,0.0,1.0,0.0,0.0,0.0,0.0,0.0,0.0,0.0,0.0,0.0,0.0,1.0,0.0,0.0,0.0,1.0,0.0,0.0,1.0,0.0,0.0,0.0,0.0,0.0,11.0,0.0,0.0,0.0,1.0,0.0,1.0,2.0,0.0,0.0,1.0,1.0,0.0,0.0,0.0,0.0,0.0,1.0,0.0,0.0,0.0,0.0,0.0,0.0,0.0,20.0,0.0,0.0,0.0,0.0,0.0,0.0,0.0,0.0,0.0,0.0,1.0,0.0,0.0,0.0,0.0,0.0,0.0,10.0,0.0,0.0,10.0,0.0,0.0,0.0,0.0,0.0,1.0,0.0,1.0,0.0,0.0,0.0,0.0,0.0,0.0,0.0,0.0,0.0,0.0,0.0,0.0,0.0,0.0,0.0,0.0,0.0,0.0,0.0,0.0,0.0,0.0,1.0,0.0,0.0,0.0,0.0,0.0,0.0,0.0,0.0,0.0,0.0,0.0,0.0,0.0,0.0,0.0,0.0,0.0,0.0,0.0,0.0,0.0,0.0,0.0,0.0,0.0,0.0,0.0,0.0,0.0,0.0,0.0,0.0,0.0,0.0,0.0,0.0,0.0,0.0,0.0,0.0,0.0,0.0,0.0,0.0
106,0.0,0.0,0.0,0.0,0.0,1.0,0.0,0.0,0.0,0.0,0.0,0.0,0.0,0.0,0.0,0.0,0.0,0.0,0.0,0.0,0.0,0.0,0.0,0.0,0.0,0.0,0.0,0.0,0.0,0.0,0.0,0.0,0.0,0.0,0.0,0.0,0.0,0.0,0.0,0.0,0.0,0.0,0.0,0.0,0.0,0.0,0.0,0.0,0.0,0.0,0.0,0.0,0.0,0.0,0.0,0.0,0.0,0.0,0.0,0.0,0.0,0.0,0.0,0.0,0.0,0.0,0.0,0.0,0.0,0.0,0.0,0.0,0.0,0.0,0.0,0.0,0.0,0.0,0.0,0.0,0.0,0.0,0.0,0.0,0.0,0.0,0.0,0.0,0.0,0.0,0.0,0.0,0.0,0.0,0.0,0.0,0.0,0.0,0.0,0.0,0.0,0.0,0.0,0.0,0.0,0.0,0.0,0.0,0.0,0.0,0.0,0.0,0.0,0.0,0.0,0.0,0.0,0.0,0.0,0.0,0.0,0.0,0.0,0.0,0.0,0.0,0.0,0.0,0.0,0.0,0.0,0.0,0.0,0.0,0.0,0.0,0.0,0.0,0.0,0.0,0.0,0.0,0.0,0.0,0.0,0.0,0.0,0.0,0.0,0.0,0.0,0.0,0.0,0.0,0.0,0.0,0.0,0.0,0.0,0.0,0.0,0.0,0.0,0.0,0.0,0.0,0.0,0.0,0.0,0.0,0.0,0.0,0.0,0.0,0.0,0.0,0.0,0.0,0.0,0.0,0.0,0.0
107,0.0,0.0,0.0,0.0,0.0,0.0,0.0,0.0,0.0,0.0,0.0,0.0,0.0,0.0,0.0,0.0,0.0,0.0,0.0,0.0,0.0,0.0,0.0,0.0,0.0,0.0,0.0,0.0,0.0,0.0,0.0,0.0,0.0,0.0,0.0,0.0,0.0,0.0,0.0,0.0,0.0,0.0,0.0,0.0,0.0,0.0,0.0,0.0,0.0,0.0,0.0,0.0,0.0,0.0,0.0,0.0,0.0,0.0,0.0,0.0,0.0,0.0,0.0,0.0,0.0,0.0,0.0,0.0,0.0,0.0,0.0,0.0,0.0,0.0,0.0,0.0,0.0,0.0,0.0,0.0,0.0,0.0,0.0,0.0,0.0,0.0,0.0,0.0,0.0,0.0,0.0,0.0,0.0,0.0,0.0,0.0,0.0,0.0,0.0,0.0,0.0,18.0,0.0,0.0,0.0,0.0,0.0,0.0,0.0,0.0,0.0,0.0,0.0,0.0,0.0,0.0,0.0,0.0,0.0,0.0,0.0,0.0,0.0,0.0,0.0,0.0,0.0,0.0,0.0,0.0,0.0,0.0,0.0,0.0,0.0,0.0,12.0,0.0,0.0,0.0,40.0,0.0,0.0,0.0,0.0,0.0,0.0,0.0,0.0,0.0,0.0,0.0,0.0,0.0,0.0,0.0,0.0,0.0,0.0,0.0,0.0,0.0,0.0,0.0,0.0,0.0,0.0,0.0,0.0,0.0,0.0,0.0,0.0,0.0,0.0,0.0,0.0,0.0,0.0,0.0,0.0,0.0
110,2.0,0.0,0.0,0.0,1.0,0.0,2.0,0.0,0.0,0.0,0.0,1.0,2.0,0.0,3.0,3.0,2.0,0.0,1.0,0.0,5.0,4.0,0.0,2.0,2.0,0.0,4.0,1.0,1.0,1.0,0.0,0.0,0.0,2.0,1.0,5.0,0.0,2.0,6.0,0.0,5.0,4.0,4.0,3.0,0.0,4.0,0.0,0.0,0.0,4.0,0.0,0.0,0.0,2.0,2.0,5.0,0.0,1.0,0.0,0.0,1.0,0.0,0.0,6.0,10.0,0.0,0.0,0.0,2.0,1.0,3.0,3.0,0.0,1.0,1.0,12.0,3.0,0.0,7.0,3.0,4.0,0.0,2.0,1.0,2.0,0.0,2.0,8.0,1.0,3.0,6.0,1.0,2.0,4.0,0.0,3.0,1.0,1.0,0.0,0.0,0.0,0.0,1.0,0.0,0.0,1.0,0.0,1.0,0.0,1.0,1.0,1.0,1.0,0.0,0.0,2.0,1.0,0.0,0.0,0.0,2.0,0.0,1.0,0.0,1.0,3.0,2.0,3.0,0.0,0.0,0.0,0.0,0.0,6.0,0.0,0.0,0.0,2.0,4.0,2.0,0.0,0.0,0.0,1.0,0.0,1.0,1.0,2.0,0.0,0.0,0.0,1.0,6.0,1.0,2.0,0.0,1.0,2.0,0.0,3.0,1.0,0.0,0.0,2.0,0.0,0.0,3.0,1.0,1.0,1.0,0.0,2.0,0.0,1.0,0.0,0.0,4.0,0.0,0.0,0.0,1.0,1.0
111,0.0,1.0,0.0,0.0,0.0,4.0,1.0,1.0,0.0,1.0,0.0,0.0,3.0,0.0,0.0,2.0,3.0,0.0,2.0,1.0,1.0,0.0,2.0,0.0,1.0,1.0,3.0,0.0,0.0,4.0,0.0,0.0,0.0,0.0,0.0,0.0,0.0,0.0,0.0,0.0,0.0,5.0,1.0,0.0,0.0,0.0,0.0,0.0,0.0,0.0,0.0,2.0,0.0,3.0,4.0,2.0,1.0,0.0,0.0,0.0,0.0,0.0,41.0,2.0,3.0,0.0,0.0,0.0,0.0,0.0,0.0,1.0,0.0,2.0,1.0,0.0,0.0,1.0,1.0,0.0,1.0,0.0,0.0,5.0,0.0,0.0,0.0,3.0,0.0,0.0,1.0,1.0,0.0,2.0,0.0,0.0,1.0,1.0,0.0,0.0,1.0,0.0,1.0,1.0,0.0,0.0,0.0,0.0,0.0,0.0,1.0,0.0,3.0,1.0,0.0,0.0,2.0,0.0,1.0,148.0,0.0,0.0,1.0,1.0,2.0,0.0,0.0,0.0,0.0,1.0,0.0,1.0,1.0,1.0,0.0,0.0,40.0,0.0,1.0,0.0,2.0,1.0,0.0,0.0,0.0,1.0,1.0,0.0,0.0,0.0,0.0,3.0,0.0,0.0,0.0,1.0,1.0,0.0,0.0,0.0,0.0,0.0,5.0,2.0,2.0,0.0,1.0,11.0,2.0,1.0,0.0,0.0,0.0,0.0,0.0,0.0,0.0,0.0,0.0,0.0,0.0,2.0
112,2.0,7.0,0.0,2.0,1.0,2.0,1.0,0.0,0.0,2.0,1.0,0.0,0.0,0.0,5.0,6.0,0.0,0.0,1.0,0.0,2.0,0.0,0.0,1.0,0.0,4.0,1.0,0.0,8.0,0.0,1.0,0.0,0.0,1.0,1.0,0.0,0.0,0.0,0.0,2.0,2.0,1.0,3.0,2.0,0.0,1.0,1.0,0.0,5.0,0.0,0.0,2.0,0.0,5.0,2.0,2.0,0.0,0.0,1.0,0.0,0.0,2.0,4.0,0.0,0.0,0.0,0.0,0.0,4.0,1.0,3.0,0.0,2.0,0.0,0.0,0.0,1.0,0.0,2.0,0.0,1.0,1.0,0.0,1.0,3.0,1.0,0.0,2.0,1.0,0.0,2.0,0.0,0.0,0.0,0.0,0.0,1.0,0.0,0.0,1.0,0.0,0.0,3.0,0.0,1.0,2.0,0.0,0.0,0.0,0.0,0.0,0.0,1.0,1.0,0.0,1.0,2.0,3.0,1.0,0.0,1.0,0.0,1.0,1.0,0.0,3.0,1.0,0.0,1.0,2.0,1.0,0.0,4.0,0.0,4.0,0.0,2.0,0.0,1.0,0.0,0.0,0.0,1.0,0.0,0.0,1.0,4.0,0.0,0.0,0.0,5.0,1.0,2.0,1.0,1.0,0.0,1.0,1.0,0.0,3.0,2.0,1.0,3.0,2.0,2.0,0.0,2.0,0.0,0.0,0.0,2.0,1.0,0.0,1.0,2.0,0.0,3.0,1.0,6.0,0.0,2.0,4.0
113,3.0,0.0,3.0,1.0,0.0,2.0,4.0,1.0,0.0,0.0,2.0,2.0,1.0,1.0,1.0,2.0,0.0,2.0,6.0,0.0,4.0,0.0,0.0,0.0,1.0,1.0,3.0,1.0,2.0,0.0,1.0,0.0,0.0,1.0,1.0,0.0,2.0,0.0,1.0,1.0,2.0,8.0,0.0,1.0,5.0,0.0,0.0,1.0,1.0,0.0,0.0,0.0,2.0,5.0,4.0,6.0,0.0,1.0,1.0,0.0,3.0,1.0,4.0,1.0,5.0,0.0,0.0,1.0,4.0,4.0,4.0,0.0,0.0,0.0,0.0,2.0,6.0,3.0,2.0,0.0,0.0,0.0,1.0,1.0,2.0,0.0,1.0,0.0,0.0,1.0,0.0,2.0,1.0,4.0,0.0,2.0,11.0,0.0,1.0,0.0,0.0,0.0,0.0,4.0,1.0,1.0,0.0,2.0,0.0,1.0,0.0,0.0,1.0,3.0,1.0,3.0,1.0,4.0,11.0,0.0,1.0,1.0,1.0,3.0,1.0,0.0,0.0,1.0,6.0,0.0,0.0,3.0,3.0,0.0,3.0,0.0,1.0,0.0,0.0,1.0,1.0,0.0,1.0,1.0,1.0,3.0,2.0,1.0,0.0,1.0,1.0,1.0,8.0,2.0,2.0,0.0,2.0,0.0,0.0,0.0,2.0,1.0,1.0,1.0,4.0,0.0,4.0,3.0,1.0,0.0,0.0,3.0,0.0,6.0,4.0,0.0,5.0,0.0,0.0,2.0,1.0,1.0
114,0.0,0.0,0.0,0.0,0.0,0.0,0.0,0.0,0.0,0.0,1.0,0.0,0.0,0.0,1.0,0.0,1.0,0.0,0.0,0.0,0.0,0.0,0.0,0.0,0.0,0.0,0.0,0.0,0.0,0.0,0.0,0.0,0.0,0.0,0.0,0.0,0.0,0.0,0.0,1.0,0.0,0.0,0.0,0.0,0.0,0.0,0.0,2.0,0.0,0.0,0.0,0.0,0.0,0.0,0.0,0.0,0.0,0.0,0.0,0.0,0.0,0.0,0.0,0.0,1.0,0.0,0.0,0.0,0.0,1.0,0.0,0.0,0.0,0.0,0.0,0.0,0.0,0.0,0.0,1.0,0.0,0.0,0.0,0.0,0.0,0.0,0.0,0.0,0.0,0.0,0.0,0.0,0.0,0.0,0.0,0.0,0.0,0.0,0.0,0.0,0.0,0.0,0.0,0.0,0.0,1.0,0.0,0.0,0.0,0.0,0.0,0.0,0.0,0.0,1.0,0.0,0.0,0.0,0.0,0.0,0.0,0.0,0.0,0.0,0.0,0.0,0.0,0.0,0.0,1.0,0.0,0.0,0.0,0.0,0.0,0.0,0.0,0.0,0.0,0.0,0.0,0.0,0.0,0.0,0.0,0.0,0.0,0.0,0.0,0.0,0.0,0.0,0.0,0.0,0.0,0.0,0.0,0.0,0.0,0.0,0.0,0.0,0.0,0.0,0.0,0.0,0.0,0.0,0.0,0.0,0.0,0.0,0.0,0.0,0.0,0.0,0.0,0.0,0.0,0.0,0.0,0.0
115,3.0,11.0,1.0,2.0,1.0,7.0,3.0,1.0,0.0,1.0,0.0,2.0,0.0,0.0,8.0,4.0,0.0,0.0,2.0,0.0,0.0,4.0,0.0,5.0,1.0,0.0,2.0,6.0,3.0,0.0,3.0,0.0,0.0,5.0,6.0,0.0,1.0,0.0,3.0,2.0,0.0,5.0,0.0,1.0,0.0,2.0,4.0,7.0,7.0,4.0,0.0,4.0,5.0,5.0,0.0,6.0,1.0,1.0,0.0,0.0,1.0,7.0,0.0,7.0,7.0,0.0,2.0,3.0,5.0,0.0,0.0,0.0,2.0,5.0,2.0,9.0,3.0,6.0,3.0,0.0,4.0,1.0,1.0,10.0,3.0,0.0,0.0,2.0,0.0,5.0,6.0,0.0,3.0,1.0,0.0,5.0,2.0,2.0,3.0,0.0,0.0,5.0,9.0,0.0,8.0,0.0,0.0,0.0,0.0,5.0,3.0,2.0,10.0,0.0,0.0,0.0,0.0,7.0,4.0,0.0,0.0,4.0,0.0,0.0,5.0,10.0,0.0,2.0,4.0,2.0,3.0,3.0,2.0,4.0,0.0,0.0,4.0,2.0,0.0,6.0,0.0,0.0,1.0,2.0,0.0,2.0,4.0,1.0,0.0,2.0,2.0,2.0,6.0,1.0,0.0,2.0,0.0,1.0,2.0,1.0,3.0,2.0,5.0,1.0,1.0,8.0,0.0,9.0,0.0,0.0,1.0,3.0,5.0,1.0,6.0,7.0,5.0,8.0,7.0,0.0,2.0,8.0
140,16.0,14.0,10.0,7.0,1.0,36.0,2.0,4.0,4.0,4.0,2.0,1.0,9.0,0.0,13.0,8.0,3.0,1.0,3.0,6.0,7.0,18.0,5.0,4.0,1.0,7.0,10.0,7.0,3.0,3.0,2.0,0.0,2.0,8.0,2.0,10.0,3.0,5.0,1.0,7.0,10.0,15.0,3.0,11.0,1.0,0.0,12.0,11.0,4.0,13.0,6.0,2.0,2.0,5.0,16.0,12.0,2.0,4.0,0.0,0.0,18.0,27.0,29.0,21.0,4.0,4.0,0.0,5.0,8.0,5.0,6.0,3.0,3.0,2.0,17.0,21.0,6.0,4.0,5.0,1.0,2.0,1.0,13.0,6.0,9.0,6.0,3.0,2.0,5.0,17.0,9.0,7.0,10.0,5.0,3.0,4.0,5.0,1.0,1.0,2.0,3.0,5.0,4.0,21.0,6.0,0.0,4.0,2.0,7.0,1.0,15.0,3.0,8.0,1.0,12.0,2.0,9.0,13.0,7.0,3.0,3.0,5.0,10.0,4.0,9.0,6.0,4.0,18.0,2.0,24.0,8.0,13.0,19.0,0.0,1.0,7.0,11.0,3.0,5.0,8.0,4.0,5.0,12.0,3.0,6.0,7.0,19.0,2.0,6.0,10.0,4.0,18.0,8.0,6.0,1.0,6.0,8.0,4.0,2.0,13.0,14.0,7.0,5.0,2.0,2.0,13.0,8.0,10.0,8.0,3.0,7.0,7.0,8.0,6.0,19.0,11.0,6.0,5.0,14.0,7.0,3.0,8.0
141,2.0,5.0,3.0,1.0,4.0,13.0,1.0,3.0,2.0,0.0,3.0,3.0,8.0,4.0,4.0,0.0,3.0,0.0,3.0,0.0,2.0,2.0,0.0,2.0,1.0,3.0,3.0,1.0,2.0,3.0,0.0,1.0,1.0,2.0,1.0,0.0,0.0,1.0,1.0,0.0,4.0,1.0,1.0,6.0,1.0,0.0,3.0,10.0,2.0,1.0,0.0,1.0,1.0,2.0,2.0,7.0,0.0,1.0,3.0,2.0,4.0,5.0,5.0,5.0,8.0,3.0,0.0,4.0,4.0,3.0,1.0,3.0,0.0,2.0,6.0,3.0,3.0,1.0,3.0,5.0,1.0,1.0,1.0,4.0,0.0,3.0,2.0,0.0,1.0,2.0,3.0,4.0,0.0,6.0,1.0,10.0,2.0,1.0,1.0,0.0,0.0,4.0,1.0,3.0,2.0,1.0,2.0,4.0,5.0,0.0,4.0,0.0,4.0,4.0,6.0,0.0,0.0,2.0,8.0,2.0,1.0,3.0,3.0,1.0,0.0,3.0,2.0,1.0,0.0,4.0,1.0,1.0,2.0,2.0,0.0,0.0,1.0,2.0,1.0,4.0,0.0,1.0,3.0,1.0,2.0,1.0,2.0,0.0,0.0,0.0,0.0,2.0,2.0,2.0,2.0,0.0,3.0,0.0,1.0,3.0,6.0,0.0,4.0,4.0,0.0,2.0,1.0,0.0,1.0,2.0,1.0,2.0,1.0,0.0,2.0,1.0,5.0,0.0,1.0,0.0,1.0,3.0
142,2.0,1.0,0.0,0.0,0.0,4.0,1.0,2.0,0.0,4.0,1.0,2.0,2.0,1.0,6.0,3.0,1.0,2.0,0.0,5.0,2.0,1.0,0.0,0.0,0.0,1.0,10.0,1.0,0.0,4.0,2.0,0.0,3.0,11.0,3.0,0.0,0.0,0.0,0.0,1.0,2.0,0.0,1.0,5.0,1.0,2.0,2.0,0.0,6.0,1.0,1.0,2.0,0.0,3.0,2.0,1.0,0.0,1.0,3.0,0.0,3.0,6.0,6.0,3.0,3.0,0.0,0.0,0.0,7.0,2.0,0.0,2.0,0.0,0.0,13.0,6.0,1.0,2.0,0.0,0.0,0.0,0.0,4.0,0.0,5.0,4.0,6.0,1.0,0.0,5.0,2.0,2.0,3.0,0.0,0.0,2.0,0.0,0.0,2.0,3.0,1.0,4.0,4.0,2.0,2.0,5.0,1.0,1.0,4.0,2.0,5.0,3.0,4.0,2.0,0.0,3.0,3.0,0.0,2.0,2.0,0.0,0.0,0.0,0.0,5.0,10.0,0.0,1.0,1.0,3.0,0.0,7.0,5.0,4.0,0.0,0.0,3.0,4.0,2.0,7.0,2.0,1.0,2.0,0.0,4.0,1.0,3.0,0.0,2.0,0.0,5.0,3.0,2.0,1.0,4.0,1.0,0.0,0.0,0.0,9.0,4.0,2.0,3.0,0.0,1.0,13.0,9.0,3.0,0.0,0.0,2.0,2.0,2.0,4.0,4.0,4.0,7.0,0.0,4.0,3.0,0.0,5.0
143,2.0,1.0,0.0,0.0,1.0,1.0,0.0,2.0,4.0,1.0,1.0,1.0,3.0,0.0,0.0,0.0,0.0,0.0,0.0,0.0,0.0,0.0,0.0,0.0,0.0,0.0,0.0,0.0,0.0,0.0,0.0,0.0,0.0,1.0,0.0,0.0,0.0,0.0,0.0,1.0,3.0,0.0,0.0,4.0,0.0,0.0,0.0,0.0,3.0,0.0,0.0,0.0,0.0,0.0,1.0,0.0,0.0,0.0,1.0,0.0,0.0,1.0,1.0,0.0,0.0,0.0,1.0,0.0,1.0,0.0,1.0,0.0,1.0,0.0,0.0,0.0,0.0,0.0,0.0,0.0,1.0,0.0,0.0,0.0,0.0,0.0,0.0,0.0,0.0,0.0,0.0,0.0,0.0,0.0,0.0,0.0,0.0,2.0,0.0,0.0,1.0,0.0,0.0,2.0,0.0,0.0,0.0,0.0,1.0,0.0,0.0,1.0,0.0,0.0,4.0,0.0,0.0,0.0,0.0,0.0,0.0,0.0,0.0,0.0,2.0,2.0,0.0,1.0,0.0,1.0,1.0,1.0,0.0,0.0,0.0,0.0,0.0,1.0,0.0,0.0,0.0,0.0,0.0,0.0,0.0,1.0,0.0,0.0,0.0,0.0,0.0,0.0,5.0,4.0,0.0,0.0,1.0,0.0,0.0,1.0,0.0,1.0,1.0,0.0,0.0,0.0,1.0,0.0,1.0,0.0,0.0,0.0,1.0,2.0,2.0,1.0,0.0,1.0,0.0,1.0,4.0,0.0
144,0.49,0.0,0.752,2.214,1.354,1.2519999999999998,0.37200000000000005,0.0,0.0,0.0,0.0,0.0,0.0,0.0,0.368,0.0,0.0,0.0,0.0,0.0,0.29600000000000004,0.0,0.0,0.0,0.0,0.0,0.0,0.0,0.0,0.226,0.0,0.0,0.0,0.28600000000000003,0.43800000000000006,0.0,0.0,0.0,0.0,0.0,0.0,0.0,0.0,0.37200000000000005,0.0,0.0,0.0,0.5780000000000001,0.0,0.0,0.0,0.0,0.0,0.076,0.11599999999999999,0.0,0.0,0.0,1.158,0.0,0.706,0.18,0.0,0.522,0.0,0.426,0.0,0.0,0.0,0.0,0.23800000000000002,0.25,0.1,0.0,0.0,0.0,0.0,0.0,0.0,0.0,0.0,0.0,0.0,0.0,0.41200000000000003,0.0,0.0,0.0,0.0,0.0,0.71,0.354,0.0,0.75,0.5800000000000001,0.0,0.17,0.35,0.0,0.0,0.348,0.6679999999999999,0.466,0.0,0.19,0.0,0.0,0.0,0.42599999999999993,0.0,1.042,0.0,0.0,0.0,0.0,0.0,0.46,0.0,0.0,0.0,0.0,0.0,0.0,0.362,0.0,0.19399999999999998,0.0,0.0,0.14,0.546,0.0,0.9289999999999999,0.158,0.182,0.268,0.504,0.0,2.5900000000000003,0.0,0.322,0.0,0.0,0.0,0.0,0.0,0.0,0.0,0.0,0.0,0.0,0.0,0.0,0.0,0.0,0.0,0.0,0.0,0.0,0.0,0.0,0.0,0.0,0.0,0.0,0.47600000000000003,0.382,1.19,0.0,0.0,0.0,0.0,0.0,0.0,0.8,1.01,0.0,0.0,0.0,0.0,0.168,1.082,0.626
145,0.0,3.0,3.0,0.0,1.0,5.0,4.0,0.0,0.0,0.0,1.0,0.0,0.0,2.0,3.0,0.0,0.0,0.0,0.0,1.0,2.0,11.0,0.0,0.0,1.0,1.0,3.0,1.0,0.0,3.0,1.0,4.0,2.0,12.0,2.0,1.0,1.0,0.0,0.0,3.0,2.0,2.0,1.0,0.0,0.0,0.0,1.0,2.0,0.0,2.0,2.0,7.0,0.0,0.0,1.0,5.0,0.0,2.0,3.0,2.0,4.0,10.0,0.0,0.0,0.0,3.0,0.0,4.0,0.0,3.0,1.0,7.0,0.0,0.0,0.0,0.0,2.0,1.0,0.0,0.0,4.0,3.0,0.0,0.0,0.0,4.0,1.0,1.0,0.0,3.0,1.0,5.0,0.0,4.0,0.0,2.0,3.0,1.0,5.0,0.0,2.0,0.0,0.0,2.0,1.0,2.0,1.0,1.0,4.0,1.0,3.0,4.0,3.0,0.0,3.0,0.0,1.0,5.0,0.0,0.0,3.0,1.0,3.0,0.0,1.0,2.0,0.0,1.0,0.0,4.0,0.0,0.0,1.0,1.0,0.0,1.0,2.0,0.0,3.0,1.0,1.0,0.0,2.0,0.0,3.0,0.0,3.0,0.0,0.0,0.0,4.0,1.0,1.0,2.0,2.0,0.0,2.0,1.0,0.0,4.0,4.0,1.0,3.0,3.0,0.0,5.0,2.0,1.0,1.0,0.0,0.0,2.0,1.0,3.0,1.0,3.0,0.0,1.0,5.0,1.0,1.0,3.0
146,0.0,2.0,0.0,1.0,0.0,4.0,2.0,0.0,0.0,1.0,1.0,0.0,0.0,0.0,7.0,2.0,0.0,1.0,0.0,9.0,3.0,1.0,0.0,1.0,0.0,1.0,1.0,1.0,0.0,1.0,0.0,0.0,0.0,0.0,0.0,0.0,0.0,0.0,1.0,0.0,3.0,0.0,1.0,0.0,0.0,0.0,0.0,2.0,0.0,0.0,0.0,0.0,2.0,1.0,1.0,0.0,0.0,2.0,1.0,0.0,0.0,5.0,1.0,3.0,1.0,1.0,1.0,2.0,3.0,2.0,0.0,1.0,0.0,0.0,1.0,1.0,1.0,1.0,0.0,0.0,0.0,0.0,1.0,0.0,0.0,0.0,0.0,0.0,0.0,1.0,0.0,0.0,0.0,1.0,0.0,2.0,3.0,0.0,0.0,0.0,0.0,3.0,1.0,0.0,1.0,0.0,0.0,0.0,1.0,0.0,0.0,0.0,0.0,0.0,0.0,0.0,0.0,0.0,0.0,0.0,0.0,0.0,0.0,1.0,0.0,0.0,0.0,0.0,2.0,4.0,1.0,3.0,0.0,0.0,0.0,0.0,0.0,1.0,0.0,0.0,0.0,0.0,1.0,0.0,0.0,0.0,0.0,0.0,0.0,0.0,0.0,2.0,0.0,0.0,0.0,0.0,0.0,0.0,0.0,0.0,0.0,0.0,0.0,0.0,0.0,0.0,2.0,0.0,0.0,0.0,0.0,0.0,0.0,1.0,1.0,2.0,0.0,0.0,1.0,0.0,1.0,1.0
147,8.0,9.0,4.0,4.0,7.0,4.0,3.0,5.0,0.0,6.0,1.0,0.0,6.0,2.0,4.0,0.0,1.0,6.0,4.0,5.0,14.0,4.0,0.0,3.0,0.0,1.0,6.0,10.0,1.0,0.0,3.0,3.0,3.0,6.0,3.0,1.0,1.0,2.0,3.0,1.0,3.0,3.0,1.0,3.0,0.0,2.0,1.0,8.0,3.0,0.0,3.0,6.0,1.0,12.0,2.0,3.0,2.0,3.0,4.0,0.0,2.0,5.0,2.0,3.0,0.0,0.0,5.0,3.0,2.0,4.0,0.0,1.0,1.0,6.0,1.0,1.0,4.0,7.0,0.0,4.0,1.0,3.0,1.0,3.0,2.0,0.0,1.0,1.0,1.0,2.0,3.0,3.0,0.0,4.0,0.0,8.0,7.0,0.0,3.0,2.0,3.0,5.0,1.0,5.0,6.0,5.0,0.0,1.0,5.0,1.0,1.0,1.0,0.0,0.0,0.0,3.0,2.0,3.0,1.0,3.0,0.0,5.0,3.0,0.0,6.0,0.0,0.0,0.0,1.0,5.0,1.0,2.0,5.0,0.0,1.0,1.0,5.0,0.0,2.0,2.0,1.0,1.0,0.0,6.0,1.0,5.0,1.0,1.0,0.0,1.0,6.0,2.0,5.0,4.0,3.0,2.0,1.0,5.0,3.0,2.0,3.0,1.0,1.0,4.0,1.0,6.0,6.0,1.0,11.0,0.0,0.0,4.0,4.0,2.0,1.0,3.0,2.0,0.0,2.0,5.0,2.0,6.0
148,10.0,6.0,9.0,9.0,9.0,20.0,4.0,15.0,342.0,3.0,3.0,8.0,7.0,2.0,8.0,7.0,5.0,9.0,6.0,9.0,9.0,16.0,1.0,18.0,2.0,7.0,11.0,2.0,2.0,2.0,2.0,2.0,7.0,8.0,7.0,6.0,1.0,0.0,15.0,2.0,3.0,12.0,1.0,21.0,4.0,4.0,12.0,22.0,2.0,5.0,7.0,8.0,2.0,9.0,1.0,11.0,8.0,2.0,2.0,5.0,3.0,10.0,4.0,1.0,12.0,4.0,2.0,4.0,1.0,5.0,0.0,5.0,2.0,4.0,0.0,16.0,18.0,2.0,1.0,1.0,1.0,1.0,15.0,2.0,5.0,8.0,6.0,1.0,1.0,8.0,2.0,3.0,4.0,14.0,1.0,19.0,11.0,2.0,9.0,5.0,4.0,10.0,0.0,8.0,14.0,2.0,0.0,2.0,5.0,5.0,12.0,13.0,11.0,3.0,3.0,1.0,4.0,7.0,7.0,13.0,2.0,2.0,3.0,1.0,7.0,6.0,3.0,1.0,3.0,6.0,0.0,5.0,2.0,7.0,8.0,3.0,3.0,3.0,3.0,3.0,2.0,1.0,2.0,4.0,4.0,5.0,16.0,3.0,9.0,2.0,8.0,9.0,4.0,5.0,6.0,2.0,1.0,7.0,2.0,9.0,5.0,4.0,4.0,5.0,6.0,13.0,15.0,5.0,7.0,1.0,5.0,4.0,11.0,5.0,0.0,8.0,3.0,1.0,4.0,3.0,5.0,9.0
149,4.0,6.0,1.0,4.0,2.0,2.0,4.0,5.0,0.0,4.0,1.0,0.0,0.0,0.0,2.0,4.0,1.0,6.0,1.0,3.0,2.0,9.0,1.0,0.0,0.0,0.0,6.0,0.0,0.0,0.0,0.0,1.0,1.0,0.0,8.0,0.0,0.0,2.0,0.0,0.0,1.0,3.0,0.0,2.0,2.0,2.0,2.0,14.0,2.0,3.0,0.0,7.0,1.0,2.0,0.0,2.0,1.0,3.0,0.0,2.0,0.0,1.0,0.0,1.0,1.0,1.0,0.0,2.0,5.0,0.0,0.0,1.0,0.0,5.0,1.0,4.0,0.0,7.0,0.0,0.0,0.0,1.0,0.0,1.0,0.0,2.0,0.0,1.0,1.0,0.0,0.0,3.0,0.0,1.0,0.0,4.0,1.0,2.0,8.0,9.0,0.0,3.0,3.0,0.0,4.0,0.0,0.0,0.0,0.0,0.0,1.0,9.0,2.0,2.0,0.0,1.0,0.0,3.0,2.0,4.0,0.0,2.0,0.0,0.0,3.0,8.0,0.0,5.0,1.0,1.0,0.0,3.0,0.0,3.0,4.0,0.0,0.0,0.0,4.0,0.0,0.0,0.0,6.0,2.0,0.0,0.0,4.0,1.0,0.0,1.0,0.0,3.0,10.0,2.0,3.0,1.0,0.0,0.0,4.0,2.0,0.0,1.0,3.0,1.0,6.0,1.0,1.0,1.0,0.0,0.0,0.0,1.0,0.0,0.0,0.0,1.0,5.0,3.0,0.0,9.0,1.0,1.0
150,5.0,0.0,6.0,1.0,1.0,15.0,2.0,1.0,1.0,2.0,0.0,0.0,0.0,2.0,1.0,1.0,0.0,0.0,0.0,2.0,0.0,4.0,0.0,3.0,0.0,0.0,8.0,0.0,0.0,0.0,1.0,2.0,0.0,2.0,0.0,0.0,0.0,2.0,1.0,1.0,0.0,1.0,0.0,1.0,1.0,0.0,1.0,3.0,9.0,0.0,3.0,1.0,0.0,2.0,12.0,0.0,0.0,4.0,0.0,0.0,6.0,0.0,6.0,2.0,0.0,0.0,0.0,4.0,1.0,6.0,1.0,1.0,1.0,3.0,2.0,7.0,10.0,0.0,13.0,0.0,0.0,4.0,3.0,2.0,2.0,1.0,0.0,0.0,1.0,0.0,0.0,0.0,2.0,4.0,2.0,4.0,0.0,1.0,2.0,0.0,1.0,4.0,1.0,4.0,6.0,6.0,0.0,2.0,0.0,6.0,4.0,3.0,0.0,4.0,0.0,6.0,1.0,1.0,2.0,0.0,1.0,0.0,0.0,5.0,5.0,2.0,0.0,1.0,4.0,1.0,1.0,3.0,0.0,0.0,5.0,0.0,3.0,1.0,1.0,4.0,0.0,7.0,5.0,1.0,1.0,4.0,0.0,0.0,2.0,0.0,0.0,6.0,0.0,1.0,5.0,2.0,0.0,0.0,0.0,0.0,0.0,0.0,0.0,4.0,3.0,18.0,4.0,0.0,0.0,1.0,2.0,0.0,6.0,1.0,3.0,0.0,0.0,2.0,3.0,5.0,2.0,0.0
151,26.0,29.0,43.0,36.0,20.0,75.0,5.0,12.0,10.0,5.0,21.0,6.0,9.0,17.0,35.0,22.0,10.0,19.0,2.0,4.0,21.0,12.0,10.0,13.0,10.0,28.0,32.0,8.0,15.0,29.0,7.0,11.0,3.0,34.0,42.0,19.0,11.0,8.0,14.0,5.0,29.0,44.0,20.0,21.0,8.0,22.0,1.0,29.0,33.0,93.0,15.0,6.0,4.0,23.0,12.0,45.0,32.0,42.0,53.0,10.0,24.0,33.0,42.0,24.0,24.0,13.0,17.0,27.0,25.0,17.0,706.0,27.0,22.0,21.0,28.0,22.0,19.0,14.0,10.0,16.0,10.0,24.0,12.0,20.0,9.0,8.0,2.0,22.0,4.0,33.0,35.0,7.0,19.0,12.0,14.0,32.0,32.0,30.0,50.0,8.0,40.0,6.0,23.0,37.0,755.0,15.0,23.0,17.0,21.0,14.0,47.0,43.0,91.0,13.0,11.0,1.0,29.0,42.0,25.0,9.0,3.0,27.0,8.0,20.0,51.0,13.0,4.0,45.0,2.0,30.0,12.0,37.0,30.0,25.0,15.0,22.0,10.0,19.0,25.0,28.0,6.0,7.0,37.0,10.0,43.0,26.0,74.0,8.0,10.0,26.0,32.0,24.0,52.0,65.0,26.0,11.0,22.0,22.0,16.0,28.0,31.0,18.0,29.0,42.0,21.0,20.0,32.0,23.0,16.0,15.0,64.0,19.0,15.0,49.0,30.0,28.0,19.0,36.0,10.0,50.0,29.0,75.0
152,3.0,19.0,6.0,25.0,39.0,40.0,0.0,2.0,17.0,13.0,9.0,12.0,11.0,3.0,32.0,9.0,9.0,6.0,8.0,5.0,0.0,45.0,32.0,2.0,6.0,44.0,31.0,6.0,21.0,8.0,2.0,14.0,0.0,31.0,18.0,3.0,6.0,12.0,14.0,20.0,50.0,11.0,10.0,19.0,4.0,0.0,10.0,51.0,34.0,30.0,4.0,9.0,0.0,9.0,24.0,21.0,7.0,12.0,17.0,10.0,7.0,13.0,31.0,43.0,20.0,3.0,9.0,25.0,2.0,12.0,0.0,7.0,8.0,5.0,39.0,22.0,31.0,1.0,3.0,37.0,11.0,6.0,6.0,17.0,4.0,23.0,11.0,0.0,19.0,40.0,36.0,13.0,3.0,46.0,0.0,28.0,17.0,10.0,25.0,2.0,16.0,11.0,8.0,16.0,15.0,1.0,2.0,5.0,14.0,17.0,14.0,29.0,5.0,27.0,0.0,18.0,28.0,28.0,3.0,1.0,3.0,41.0,13.0,11.0,7.0,51.0,8.0,4.0,5.0,20.0,24.0,19.0,9.0,8.0,6.0,5.0,30.0,6.0,40.0,7.0,0.0,17.0,4.0,18.0,37.0,22.0,7.0,6.0,22.0,10.0,12.0,5.0,13.0,31.0,34.0,0.0,8.0,10.0,0.0,23.0,11.0,10.0,0.0,31.0,1.0,40.0,7.0,21.0,5.0,10.0,9.0,1.0,22.0,36.0,15.0,32.0,45.0,10.0,4.0,2.0,7.0,21.0
153,0.31,0.0,0.0,1.0,0.0,2.324,1.0,0.0,0.0,1.0,0.0,0.0,0.0,0.0,2.0,2.0,0.0,0.0,0.0,1.0,0.0,2.0,0.0,0.0,0.0,0.0,1.0,0.0,0.0,1.0,0.0,0.0,0.0,1.0,0.0,0.0,0.0,1.0,0.0,0.0,0.0,0.0,2.0,2.0,0.0,0.0,0.0,0.0,0.0,0.0,1.0,0.0,0.0,0.0,1.0,0.0,0.0,2.0,0.0,0.0,0.0,1.0,0.0,0.0,0.0,0.0,0.0,1.0,0.0,0.0,0.0,0.0,0.0,1.0,1.0,2.0,1.0,0.0,0.0,0.0,0.0,0.0,0.0,0.0,0.0,0.0,0.0,0.0,0.0,0.0,0.0,0.0,0.0,0.0,0.0,0.0,0.0,0.0,0.0,0.0,0.0,1.0,0.0,0.0,2.0,1.0,0.0,0.0,1.0,0.0,0.0,0.0,0.0,0.0,0.0,0.0,0.0,0.0,1.0,0.0,0.0,0.0,0.0,0.0,0.0,0.0,0.0,0.0,2.0,3.0,1.0,0.0,0.0,0.0,0.0,0.0,0.0,0.0,1.0,1.0,0.0,0.0,0.0,2.0,0.0,0.0,0.0,0.0,0.0,0.0,0.0,0.0,0.0,0.0,0.0,0.0,0.0,0.0,0.0,0.0,1.0,0.0,0.0,0.0,0.0,0.0,2.0,1.0,1.0,0.0,0.0,0.0,3.0,0.0,0.0,0.0,0.0,0.0,0.0,0.0,0.0,1.0
154,3.0,3.0,1.0,2.0,0.0,4.0,0.0,2.0,0.0,2.0,2.0,1.0,3.0,2.0,1.0,4.0,1.0,1.0,2.0,7.0,11.0,10.0,0.0,2.0,0.0,1.0,6.0,1.0,0.0,4.0,0.0,1.0,1.0,1.0,0.0,0.0,0.0,0.0,0.0,0.0,0.0,2.0,0.0,2.0,1.0,1.0,0.0,2.0,1.0,2.0,1.0,0.0,1.0,1.0,0.0,2.0,1.0,0.0,0.0,0.0,2.0,4.0,0.0,1.0,1.0,0.0,0.0,1.0,0.0,0.0,0.0,1.0,0.0,0.0,0.0,0.0,1.0,1.0,0.0,0.0,0.0,2.0,0.0,2.0,2.0,0.0,0.0,0.0,2.0,2.0,0.0,1.0,0.0,0.0,0.0,0.0,0.0,2.0,5.0,0.0,0.0,1.0,1.0,1.0,4.0,0.0,0.0,0.0,0.0,0.0,5.0,0.0,2.0,2.0,2.0,0.0,1.0,1.0,1.0,1.0,1.0,1.0,1.0,0.0,2.0,3.0,0.0,6.0,0.0,11.0,2.0,5.0,0.0,1.0,1.0,0.0,2.0,0.0,0.0,2.0,1.0,0.0,1.0,1.0,1.0,3.0,1.0,0.0,1.0,0.0,0.0,0.0,1.0,0.0,2.0,0.0,0.0,2.0,0.0,0.0,0.0,0.0,2.0,0.0,0.0,0.0,0.0,0.0,1.0,2.0,0.0,3.0,0.0,1.0,1.0,1.0,1.0,0.0,0.0,0.0,0.0,1.0
155,0.0,0.0,0.0,1.0,1.0,1.0,1.0,0.0,0.0,0.0,0.0,0.0,0.0,0.0,0.0,2.0,0.0,0.0,1.0,3.0,0.0,2.0,0.0,1.0,0.0,2.0,0.0,0.0,1.0,0.0,0.0,1.0,1.0,0.0,0.0,0.0,0.0,3.0,2.0,1.0,1.0,0.0,1.0,2.0,0.0,0.0,2.0,1.0,1.0,0.0,0.0,0.0,0.0,3.0,1.0,0.0,0.0,4.0,0.0,0.0,0.0,0.0,0.0,1.0,3.0,0.0,1.0,0.0,0.0,0.0,0.0,0.0,0.0,1.0,0.0,1.0,0.0,0.0,3.0,0.0,0.0,0.0,0.0,2.0,0.0,1.0,1.0,0.0,0.0,0.0,1.0,2.0,0.0,1.0,0.0,1.0,1.0,0.0,0.0,0.0,1.0,0.0,2.0,1.0,1.0,1.0,0.0,0.0,0.0,4.0,1.0,0.0,0.0,0.0,0.0,0.0,0.0,0.0,0.0,1.0,0.0,0.0,0.0,0.0,0.0,1.0,0.0,0.0,0.0,0.0,0.0,1.0,0.0,1.0,0.0,1.0,0.0,8.0,2.0,1.0,1.0,0.0,0.0,0.0,0.0,0.0,4.0,0.0,0.0,0.0,0.0,1.0,0.0,0.0,0.0,0.0,0.0,2.0,0.0,1.0,0.0,0.0,4.0,0.0,1.0,1.0,0.0,0.0,1.0,8.0,1.0,5.0,1.0,1.0,2.0,0.0,4.0,1.0,1.0,0.0,1.0,0.0
156,3.0,1.0,0.0,1.0,2.0,3.0,1.0,1.0,1.0,0.0,0.0,0.0,0.0,0.0,0.0,0.0,1.0,0.0,1.0,0.0,0.0,1.0,0.0,0.0,0.0,1.0,1.0,0.0,0.0,0.0,0.0,1.0,0.0,0.0,0.0,0.0,0.0,0.0,0.0,1.0,0.0,0.0,0.0,0.0,1.0,0.0,0.0,2.0,2.0,0.0,0.0,0.0,0.0,0.0,0.0,0.0,0.0,0.0,0.0,1.0,6.0,1.0,0.0,0.0,0.0,0.0,0.0,0.0,1.0,0.0,0.0,0.0,0.0,1.0,0.0,0.0,0.0,0.0,0.0,0.0,0.0,0.0,0.0,0.0,0.0,0.0,2.0,0.0,0.0,0.0,0.0,0.0,0.0,0.0,0.0,3.0,0.0,0.0,0.0,0.0,0.0,0.0,0.0,0.0,0.0,1.0,0.0,0.0,0.0,0.0,0.0,1.0,0.0,0.0,0.0,0.0,0.0,0.0,0.0,0.0,0.0,0.0,0.0,0.0,0.0,0.0,0.0,0.0,0.0,0.0,0.0,0.0,0.0,0.0,0.0,4.0,0.0,0.0,1.0,0.0,0.0,0.0,0.0,0.0,0.0,0.0,0.0,0.0,0.0,1.0,0.0,4.0,0.0,0.0,0.0,0.0,0.0,0.0,0.0,0.0,0.0,0.0,0.0,0.0,0.0,2.0,0.0,1.0,0.0,0.0,0.0,1.0,0.0,0.0,0.0,0.0,0.0,0.0,0.0,0.0,0.0,0.0
200,0.0,0.0,0.0,0.0,0.0,0.0,0.0,0.0,0.0,434.0,0.0,378.0,0.0,0.0,0.0,0.0,0.0,0.0,0.0,0.0,0.0,0.0,0.0,0.0,0.0,0.0,0.0,0.0,0.0,0.0,0.0,0.0,246.0,0.0,0.0,296.0,0.0,0.0,242.0,0.0,0.0,0.0,0.0,0.0,0.0,0.0,0.0,0.0,0.0,0.0,0.0,0.0,0.0,0.0,0.0,0.0,0.0,0.0,0.0,0.0,0.0,0.0,0.0,0.0,0.0,0.0,0.0,0.0,0.0,0.0,0.0,0.0,0.0,0.0,0.0,538.0,0.0,0.0,380.0,0.0,0.0,0.0,0.0,0.0,0.0,0.0,0.0,0.0,0.0,0.0,0.0,0.0,0.0,0.0,436.0,0.0,0.0,0.0,0.0,0.0,0.0,0.0,0.0,0.0,0.0,0.0,0.0,0.0,0.0,0.0,0.0,222.0,0.0,0.0,0.0,0.0,0.0,0.0,0.0,0.0,0.0,0.18600000000000003,0.0,0.0,0.6459999999999999,0.0,0.0,0.0,0.0,0.196,0.0,0.226,0.0,0.0,0.0,0.0,0.0,0.0,0.0,0.22,0.0,0.0,0.0,0.0,0.0,0.0,0.0,0.0,0.0,0.0,0.0,0.0,0.632,0.0,0.0,0.0,0.0,0.0,0.0,0.21,0.0,0.0,0.0,0.0,0.0,0.0,0.0,0.0,0.0,0.0,0.0,0.0,0.0,0.0,0.0,0.0,0.0,0.0,0.0,0.0,0.0,0.0
201,2.6399999999999997,0.0,0.94,1.7680000000000002,1.304,0.7859999999999999,0.0,0.0,0.0,0.0,0.0,0.0,0.0,0.0,0.0,0.0,0.0,0.004,0.0,0.516,2.0,0.0,0.0,1.556,0.804,0.0,0.534,0.0,1.2639999999999998,1.516,0.0,0.25,0.0,1.2919999999999998,0.168,0.0,0.0,0.162,0.0,0.0,0.392,0.0,0.0,0.0,0.004,0.0,0.0,0.0,0.0,0.948,0.006999999999999999,0.0,0.0,0.374,0.456,0.948,0.0,0.0,0.0,0.0,2.0260000000000002,1.314,4.168,0.0,0.0,0.0,1.004,0.0,0.0,0.948,0.0,0.0,0.007,0.0,1.1480000000000001,0.0,0.002,0.0,0.106,0.0,0.0,0.248,0.0,0.804,0.0,0.0,0.764,0.0,0.0,0.0,0.304,0.004,0.004,1.113,0.0,0.0,0.318,0.0,0.0,0.0,0.11800000000000001,0.741,0.0,0.728,0.8200000000000001,0.0,0.134,0.134,0.0,0.0,0.385,0.0,0.365,0.818,0.001,0.0,0.0,0.14400000000000002,0.0,0.0,0.0,0.0,0.0,0.0,1.066,0.7120000000000001,0.0,0.0,0.0,0.256,0.0,0.0,0.0,0.124,0.0,0.0,0.0,0.0,0.0,1.1920000000000002,0.948,0.0,0.0,0.0,0.0,0.0,0.0,0.0,0.0,0.08800000000000001,0.0,0.5,0.0,0.0,0.0,0.38799999999999996,0.0,0.0,0.0,0.0,0.0,0.0,0.0,0.0,0.8,0.0,3.001,0.0,0.0,0.0,0.0,0.0,0.0,0.0,0.0,0.0,0.0,0.0,0.0,0.0,0.001,0.045
202,1.766,0.0,0.642,0.0,0.0,0.0,0.0,0.0,0.0,0.0,0.0,0.0,0.0,0.0,0.0,0.0,0.0,0.0,0.0,0.0,0.0,0.0,0.0,0.0,0.0,0.0,0.0,0.0,0.0,0.0,0.0,0.0,0.0,0.0,0.0,0.0,0.0,0.0,0.0,0.0,0.0,0.0,0.0,0.0,0.0,0.0,0.562,0.0,0.0,0.0,0.0,0.0,0.0,0.0,0.0,0.628,0.0,0.0,0.0,0.0,0.0,0.262,0.326,0.0,0.0,0.0,0.0,0.0,0.0,0.26,0.0,0.0,0.0,0.0,0.0,0.0,0.0,0.0,0.0,0.0,0.0,0.0,0.0,0.0,0.0,0.0,0.0,0.0,0.0,0.0,0.0,0.0,0.0,0.0,0.0,0.0,0.0,0.0,0.0,0.0,0.0,0.0,0.0,0.0,0.0,0.0,0.0,0.0,0.0,0.0,0.0,0.0,0.0,0.0,0.0,0.0,0.0,0.0,0.0,0.0,0.0,0.0,0.0,0.0,0.0,0.0,0.0,0.0,0.0,0.0,0.0,0.0,0.0,0.0,0.0,0.0,0.0,0.0,0.0,0.0,0.0,0.0,0.0,0.0,0.0,0.0,0.0,0.0,0.0,0.0,0.0,0.0,0.0,0.0,0.0,0.0,0.0,0.0,0.0,0.0,0.0,0.0,0.0,0.0,0.0,0.0,0.0,0.0,0.0,0.0,0.0,0.0,0.0,0.0,0.0,0.0,0.0,0.0,0.0,0.0,0.0,0.0
210,0.9059999999999999,0.0,0.0,0.0,0.0,3.1,0.0,0.0,0.0,0.51,0.0,0.0,0.0,0.0,0.0,0.0,0.62,0.0,0.762,1.208,0.0,0.0,0.86,0.0,0.0,0.0,0.0,0.0,0.0,0.0,0.0,0.0,0.0,1.0739999999999998,0.838,0.0,0.0,0.0,0.0,0.0,0.0,0.0,0.0,0.84,0.0,0.003,0.0,0.0,0.0,0.332,0.0,0.0,0.0,0.0,0.0,0.0,0.0,0.488,0.0,0.0,0.0,0.19399999999999998,1.532,0.5920000000000001,0.0,0.0,0.0,0.0,0.6579999999999999,0.0,0.0,0.0,0.0,0.0,0.0,526.666,2.4280000000000004,0.782,0.804,2.006,0.0,0.0,0.0,0.71,0.0,0.0,0.9,2.976,3.4440000000000004,2.948,3.0040000000000004,0.0,0.7859999999999999,0.0,0.0,2.008,3.1860000000000004,0.0,0.0,0.0,0.0,0.0,0.812,0.0,0.91,0.0,0.0,0.588,0.0,0.0,2.094,0.0,0.506,0.0,0.0,0.392,0.672,1.01,0.7559999999999999,0.8140000000000001,0.0,1.062,0.888,0.0,0.0,0.001,0.0,0.0,0.0,0.0,0.0,0.0,0.0,0.0,0.0,0.0,0.0,1.024,2.124,1.522,0.0,0.0,0.0,0.0,1.058,0.0,0.0,0.0,0.342,3.894,0.396,2.402,0.74,0.0,0.0,0.0,0.0,0.45,0.0,0.0,0.0,0.36200000000000004,0.78,0.0,0.696,1.266,0.0,0.634,0.0,0.0,0.0,0.0,0.0,0.0,1.572,0.0,0.0,0.39399999999999996,0.0,0.0,0.6940000000000001,0.606
211,0.0,0.0,0.0,0.0,0.0,0.0,0.0,0.0,0.0,0.0,0.304,0.0,0.0,0.0,0.0,0.0,0.0,0.0,0.0,0.0,0.0,0.0,0.0,0.0,0.0,0.0,0.0,0.0,0.0,0.0,0.0,0.0,0.0,0.0,0.0,0.0,0.0,0.0,0.0,0.0,0.0,0.0,0.0,0.45,0.0,0.0,0.0,0.0,0.0,0.24600000000000002,0.0,0.172,0.0,0.0,0.0,0.0,0.0,0.0,0.0,0.0,0.0,0.0,0.0,0.0,0.0,0.0,0.0,0.0,0.0,0.0,0.0,0.0,0.0,0.0,0.0,0.6,0.51,0.0,0.6,0.0,0.0,0.0,0.0,0.0,0.0,0.0,0.0,0.354,0.0,0.0,0.218,0.0,0.462,0.0,0.0,0.0,0.0,0.0,0.0,0.0,0.0,0.0,0.0,0.0,0.0,0.0,0.0,0.0,0.0,0.0,0.0,0.0,0.0,0.0,0.0,0.0,0.0,0.0,0.0,0.0,0.0,0.0,0.0,0.0,0.0,0.0,0.0,0.0,0.0,0.0,0.0,0.0,0.0,0.0,0.0,0.0,0.0,0.0,0.0,0.10400000000000001,0.0,0.0,0.0,0.0,0.0,0.0,0.0,0.0,0.0,0.0,0.0,0.0,0.0,0.0,0.0,0.0,0.0,0.0,0.0,0.0,0.0,0.0,0.0,0.0,0.0,0.138,0.0,0.0,0.0,0.0,0.0,0.0,0.0,0.298,0.0,0.0,0.0,0.0,0.0,0.0,0.0,0.0
212,0.0,0.0,0.001,0.0,0.0,0.001,0.0,0.0,0.0,0.0,0.0,0.0,0.0,0.0,0.0,0.0,0.0,0.0,0.0,2.2159999999999997,0.768,0.0,3.2039999999999997,2.242,0.0,0.0,0.0,0.7240000000000001,0.0,0.0,0.0,1.724,0.0,3.3520000000000003,0.0,0.0,0.0,1.3519999999999999,0.0,1.272,0.0,0.0,0.0,0.0,0.0,0.0,0.0,0.0,0.0,0.0,0.0,0.0,0.0,0.0,0.0,0.0,0.0,0.0,0.0,0.0,0.0,2.29,0.0,0.0,0.0,0.0,0.0,0.0,0.0,0.0,0.0,0.0,0.0,0.0,0.0,0.0,0.0,0.0,0.0,0.0,0.0,0.0,0.0,0.0,0.0,0.0,0.0,0.0,0.0,0.0,0.0,0.0,0.0,0.0,0.0,0.0,0.0,0.0,0.0,0.0,0.0,0.0,2.012,0.0,0.0,0.0,0.0,0.0,0.0,0.0,0.0,0.0,0.0,0.0,0.0,0.0,0.0,0.0,0.0,0.0,0.0,0.0,0.0,0.0,0.0,0.0,0.0,0.0,0.0,0.0,0.0,0.0,0.0,0.0,0.0,0.0,0.0,0.0,0.7559999999999999,0.0,0.0,0.0,0.0,0.0,0.0,0.0,0.0,0.0,0.0,0.0,0.0,0.0,0.0,0.0,0.0,0.0,0.0,0.0,0.0,0.0,0.0,0.0,0.0,0.0,0.0,1.192,0.0,0.0,0.0,0.0,0.0,0.0,0.0,0.0,0.0,0.0,0.0,0.0,0.0,0.0,0.0,0.0
214,0.0,0.0,0.0,0.0,0.0,0.0,0.0,0.0,0.0,0.0,0.0,0.0,0.0,0.0,0.6339999999999999,0.0,0.0,0.0,0.0,0.8240000000000001,0.0,0.0,0.0,0.0,0.0,0.0,1.014,0.0,0.0,0.0,0.0,0.0,0.0,0.0,0.706,0.0,0.0,0.0,0.0,0.608,0.79,0.532,0.0,0.0,0.0,0.0,0.0,0.0,0.0,0.0,0.28600000000000003,0.0,0.0,0.0,0.0,0.226,0.0,0.0,0.0,0.0,0.0,0.0,0.0,0.0,0.0,0.0,0.0,0.0,0.0,0.0,0.0,0.0,0.0,0.0,0.0,0.0,0.0,0.0,0.0,0.894,0.0,0.0,0.0,0.0,0.0,0.0,0.0,0.0,0.0,0.0,0.124,0.0,0.0,0.0,0.0,0.0,0.0,0.0,0.0,0.0,0.0,0.0,0.0,0.0,0.0,0.0,0.268,0.0,0.0,0.0,0.0,0.0,0.0,0.0,0.0,0.0,0.0,0.0,0.0,0.0,0.0,0.0,0.0,0.0,0.0,0.0,0.0,0.0,0.0,0.0,0.0,0.0,0.0,0.0,0.292,0.0,0.0,0.0,0.0,0.0,0.0,0.0,0.0,0.0,0.0,0.0,0.0,0.0,0.0,0.0,0.0,0.0,0.0,0.0,0.0,0.0,0.0,0.0,0.0,0.0,0.0,0.0,0.0,0.0,0.0,0.0,0.0,0.0,0.0,0.0,0.0,0.0,0.0,0.0,0.0,0.0,0.0,0.27,0.0,0.0,0.0,0.0
217,0.0,0.426,0.0,0.0,0.0,0.0,0.0,0.0,0.0,0.0,0.0,0.0,0.0,0.0,0.0,0.0,0.0,0.0,0.0,0.0,0.0,0.0,0.0,0.0,0.0,0.0,0.0,0.0,0.14800000000000002,0.0,0.0,0.0,0.0,0.0,0.0,0.0,0.0,0.0,0.0,0.0,0.0,0.0,0.0,0.0,0.0,0.0,0.0,0.0,0.0,0.0,0.0,0.0,0.0,0.0,0.0,0.0,0.0,0.0,0.0,0.0,0.0,0.0,0.0,0.0,0.0,0.0,0.0,0.0,0.0,0.0,0.0,0.0,0.0,0.0,0.0,0.0,0.0,0.0,0.0,0.0,0.0,0.0,0.0,0.0,0.0,0.0,0.0,0.0,0.0,0.0,0.33799999999999997,0.0,0.0,0.0,0.0,0.0,0.0,0.156,0.0,0.0,0.0,0.0,0.0,0.0,0.324,0.0,0.0,0.0,0.0,0.0,0.0,0.0,0.0,0.0,0.0,0.0,0.0,0.0,0.0,0.0,0.0,0.0,0.0,0.0,0.0,0.0,0.0,0.0,0.0,0.0,0.0,0.0,0.0,0.0,0.0,0.0,0.0,0.0,0.0,0.278,0.0,0.0,0.0,0.0,0.0,0.0,0.0,0.0,0.0,0.0,0.0,0.0,0.0,0.0,0.0,0.0,0.0,0.0,0.0,0.0,0.0,0.0,0.0,0.0,0.0,0.244,0.0,0.0,0.0,0.0,0.0,0.0,0.0,0.0,0.0,0.0,0.0,0.0,0.0,0.0,0.0,0.0
218,0.0,0.0,0.102,0.001,0.0,0.708,0.0,0.0,0.0,0.0,0.746,0.0,0.0,0.752,0.306,0.0,0.0,0.10800000000000001,0.0,0.0,0.0,0.0,0.0,0.0,0.0,0.0,0.8480000000000001,0.0,1.0979999999999999,0.0,0.0,0.0,0.0,0.0,0.73,0.0,0.126,0.0,0.0,0.0,0.0,0.0,0.0,0.0,0.0,0.0,0.092,0.124,0.0,0.092,0.0,0.0,0.774,0.0,0.0,0.1,0.0,0.0,0.10800000000000001,0.0,0.0,0.46,0.142,0.184,0.0,0.0,0.5,0.0,0.0,0.0,0.0,0.0,0.0,0.098,0.0,0.0,0.0,0.0,0.06,0.0,0.0,0.0,0.0,0.0,0.0,0.0,0.0,0.0,0.0,0.0,0.0,0.0,0.0,0.0,0.0,0.102,0.0,0.106,0.0,0.0,0.0,0.0,0.0,0.0,0.0,0.0,0.0,0.20600000000000002,0.0,0.0,0.32199999999999995,0.0,0.0,0.0,0.0,0.0,0.0,0.0,0.524,0.0,0.0,0.0,0.0,0.0,0.0,0.198,0.0,0.0,0.0,0.0,0.0,0.0,0.616,0.0,1.066,0.0,1.05,0.0,0.0,0.15,0.12,0.136,0.19,0.0,0.0,0.0,0.0,0.08800000000000001,0.174,0.0,1.244,0.15000000000000002,0.0,0.185,0.0,0.17,0.001,0.0,0.0,0.0,0.439,0.0,0.0,0.0,0.0,0.0,0.0,0.0,0.0,0.0,0.092,0.0,0.122,0.0,0.086,0.0,0.0,0.0,0.0,0.0,0.0,0.76
220,2.155,10.208,14.672,10.661999999999999,11.35,30.437,10.059999999999999,0.0,3.63,5.890000000000001,12.408,12.156999999999998,6.532,10.423,11.334,6.366,9.6,12.438000000000002,12.165999999999999,4.22,20.859,8.406,4.744,13.748,6.598,6.067,5.843999999999999,9.806000000000001,9.512,9.299,9.350000000000001,4.515000000000001,5.098,15.165000000000001,8.8,6.2940000000000005,9.527999999999999,3.0229999999999997,1.879,4.554,13.416999999999998,8.169,3.478,5.708,12.366,3.737,2.544,8.86,8.764,4.077999999999999,4.973999999999999,13.8,2.0679999999999996,11.331000000000001,10.55,11.174999999999999,6.432,4.941000000000001,2.447,2.84,6.571000000000001,10.464,5.275,0.97,10.949999999999998,3.086,9.44,9.272,6.658,12.534,1.462,7.3919999999999995,4.854000000000001,6.65,7.742,4.105000000000001,7.3229999999999995,3.839,2.944,10.272,3.674,10.540000000000001,6.772,15.861,2.13,4.165,4.3740000000000006,14.229,9.752,16.623,13.213,13.216000000000001,4.202,11.325999999999999,6.059,22.079999999999995,15.187999999999999,7.714,8.045,2.188,15.554000000000002,7.446000000000001,6.962000000000001,14.812000000000001,10.794,13.163999999999998,15.605,9.724,4.752000000000001,14.663,20.191,2.078,5.428,6.926,4.612,5.391,1.7120000000000002,9.817000000000002,8.850000000000001,13.652,0.0,4.506,6.012,2.184,4.995,20.700000000000003,4.556,6.72,5.471000000000001,8.574,2.7539999999999996,11.891,1.7479999999999998,0.642,3.0589999999999997,1.7160000000000002,18.494,43.749,49.054,14.102,6.172000000000001,4.565,3.13,10.566,8.545,0.746,9.46,7.317,1.212,8.11,3.872,17.278,9.244,7.438000000000001,3.836,0.007,3.466,4.752000000000001,2.0,10.116,7.3100000000000005,2.508,1.91,1.6019999999999999,3.46,9.575999999999999,10.062000000000001,1.236,0.0,2.148,11.934000000000001,3.524,1.824,6.66,5.458,7.712,3.356,7.484,2.527,3.668,6.121,5.046
221,12.545999999999998,2.2199999999999998,4.378,14.888,2.683,18.056,6.109999999999999,1.27,6.553999999999999,4.274,5.577999999999999,8.504,2.266,5.043,22.975999999999992,12.594999999999999,10.435999999999998,10.646,5.576,16.573000000000004,6.369000000000001,12.164,1.92,7.5489999999999995,8.562999999999999,4.818,4.9639999999999995,3.48,2.94,5.861999999999999,3.4570000000000003,0.668,7.434000000000001,10.592,3.427,2.021,7.177999999999999,2.816,2.4199999999999995,11.084,6.2040000000000015,5.468,2.264,6.414,4.856999999999999,2.714,1.05,6.384,5.281999999999999,276.942,8.124,4.494,3.022,6.629999999999999,0.52,6.616,5.432,6.037999999999999,4.5489999999999995,8.154,7.248,12.607000000000005,7.207999999999999,0.877,2.692,3.6559999999999997,3.903,4.491999999999999,5.085999999999999,6.008,0.48,1.059,4.408,5.574,2.597,13.952000000000002,16.499999999999996,3.844,4.478000000000001,9.212,3.3419999999999996,3.8339999999999996,2.012,5.7299999999999995,3.692,5.339,11.812,10.639999999999999,11.452,14.021999999999998,6.106,3.6399999999999997,2.3480000000000003,1.1480000000000001,0.776,1.646,10.524000000000003,0.846,6.976000000000002,0.0,0.978,3.6769999999999996,2.012,12.642000000000003,6.574000000000002,7.601,6.7540000000000004,8.158000000000001,0.0,3.95,6.495000000000001,10.920000000000002,8.376000000000001,0.196,1.782,3.75,3.956,16.409999999999997,11.388,5.875,3.552,11.731999999999998,9.46,6.0840000000000005,3.616,8.270999999999999,3.234,9.975999999999999,14.923000000000002,6.470000000000001,5.437,4.353999999999999,3.206,5.326,3.776,3.444,11.872,6.904,11.22,4.896000000000001,2.502,2.78,7.32,14.303999999999997,9.689,1.65,1.758,4.625000000000001,1.0339999999999998,7.451999999999998,6.186,12.646,2.512,7.577,3.404,2.1959999999999997,0.0,3.0900000000000003,3.71,5.732,1.84,2.424,2.144,3.508,2.888,3.476,5.733999999999999,0.0,0.8500000000000001,2.248,6.156000000000001,0.0,4.385999999999999,6.691,7.200000000000001,0.686,3.4160000000000004,2.576,4.75,3.621,4.545999999999999,1.9849999999999999
225,0.44899999999999995,0.0,0.0,130.0,128.78,0.001,0.0,128.0,0.001,0.0,0.0,0.0,0.0,1.264,1.328,0.0,0.0,0.001,0.0,0.0,0.0,0.0,0.0,0.0,0.7140000000000001,0.778,0.0,0.0,0.0,0.0,0.0,0.0,0.0,0.0,0.0,0.0,0.0,0.0,0.0,0.0,4.338,0.0,1.328,2.656,0.0,0.0,1.328,0.34600000000000003,0.668,1.408,3.614,7.256,1.328,0.0,0.0,0.0,0.0,17.647000000000002,0.134,4.734,0.82,2.6460000000000004,1.446,2.548,0.0,0.0,0.0,1.36,1.4780000000000002,0.0,0.0,1.1929999999999998,0.0,0.0,0.0,1.31,1.3210000000000002,0.278,0.336,0.0,0.0,0.0,0.0,0.0,0.0,0.0,0.0,0.9420000000000001,0.0,0.0,0.0,0.0,0.0,0.0,0.0,0.001,2.224,0.0,1.3239999999999998,0.0,1.0979999999999999,0.0,1.84,2.088,1.6880000000000002,4.168,1.354,0.0,0.0,2.074,0.0,392.44,2.96,1.6280000000000001,1.5299999999999998,0.0,0.0,0.52,2.14,1.57,0.0,0.972,1.03,0.0,0.0,0.0,0.0,0.738,1.9,0.0,0.0,0.0,0.0,2.298,2.008,0.0,1.764,4.609999999999999,1.2919999999999998,0.318,0.0,0.0,0.868,0.0,2.0180000000000002,1.9480000000000002,0.0,0.836,1.734,2.9,1.422,0.0,2.2720000000000002,1.4580000000000002,0.0,0.0,1.0,0.588,0.0,0.0,0.0,1.8780000000000001,0.0,0.002,1.536,1.408,0.0,0.0,0.0,0.0,0.001,0.0,0.0,0.0,0.0,0.0,0.0,0.0,0.0,0.0,0.0,0.122
226,1.6340000000000001,3.6819999999999995,0.0,0.0,1.418,3.422,0.0,0.0,0.0,0.0,0.0,1.37,9.23,0.0,3.058,1.094,4.33,0.504,0.254,4.588,0.0,6.866,1.694,0.47200000000000003,0.698,2.51,1.216,7.33,0.55,0.98,0.0,1.942,0.0,3.31,1.306,0.0,0.0,0.0,0.0,0.0,0.0,0.0,0.0,1.1320000000000001,0.0,0.0,0.0,6.46,3.418,0.0,1.9140000000000001,1.3559999999999999,0.7,0.0,1.966,0.0,0.0,1.784,0.646,1.5859999999999999,0.484,1.172,0.0,0.0,0.6659999999999999,0.0,0.0,2.034,0.0,4.684,0.0,0.59,4.8340000000000005,0.46799999999999997,0.0,0.0,5.718,0.0,0.872,0.0,3.1860000000000004,0.0,3.754,5.140000000000001,1.48,8.91,0.0,3.789999999999999,1.858,4.806000000000001,1.044,4.438,0.76,0.508,3.018,4.324,2.7,0.0,1.0809999999999997,0.0,5.758,0.758,0.001,5.996,3.56,0.0,4.904000000000001,5.3260000000000005,0.58,5.792000000000001,3.7020000000000004,17.022000000000002,4.861000000000001,0.0,4.061999999999999,5.03,0.0,0.0,1.452,3.242,0.0,0.0,3.9480000000000004,0.0,3.2199999999999998,0.278,3.302,11.112000000000002,2.458,2.2279999999999998,0.0,2.1719999999999997,0.0,0.0,6.482,0.0,4.868,0.0,0.7440000000000001,4.0,4.212,2.45,0.0,0.49200000000000005,5.704,0.0,2.52,0.0,2.3600000000000003,0.0,11.674,2.232,2.754,4.064,1.2319999999999998,1.3719999999999999,1.762,0.0,0.654,2.6399999999999997,0.324,0.858,12.463999999999999,0.0,1.548,1.6999999999999997,2.542,1.986,1.484,0.954,7.562,0.0,1.3259999999999998,6.124,2.8680000000000003,1.024,4.792000000000001,3.856,1.548,4.828,3.922,2.616
227,1.802,2.46,8.021999999999998,1.3699999999999999,1.814,4.3340000000000005,1.7409999999999999,0.47200000000000003,0.0,0.0,1.242,0.0,0.17,0.005,0.49200000000000005,1.4280000000000002,0.406,0.592,0.0,1.146,1.45,3.316,0.858,1.1960000000000002,0.0,0.5,0.6380000000000001,1.082,0.924,0.9339999999999999,0.0,1.608,0.8619999999999999,0.44,0.0,0.626,0.0,0.34600000000000003,0.312,0.456,0.0,0.684,0.45,1.482,0.0,0.0,0.78,1.244,0.316,0.228,0.0,1.1340000000000001,0.0,1.038,0.0,0.0,0.126,0.0,0.0,0.44799999999999995,1.1880000000000002,1.024,0.488,0.0,0.0,0.0,0.302,0.444,0.0,0.718,0.8420000000000001,0.56,0.0,0.9,0.0,1.276,0.0,0.0,0.5660000000000001,0.36,0.61,0.256,0.0,0.168,0.0,0.0,0.316,0.43200000000000005,0.406,0.0,0.0,0.0,0.462,0.16399999999999998,0.0,0.424,0.0,0.0,0.0,0.0,0.204,0.0,0.0,1.1420000000000001,0.0,0.0,0.28600000000000003,0.0,0.23,0.0,0.547,0.35200000000000004,0.0,0.0,1.018,0.0,0.0,0.386,0.0,0.0,0.0,0.0,0.0,0.0,0.0,0.0,0.0,0.782,0.248,0.794,0.0,0.0,0.0,0.0,0.0,0.854,0.0,0.0,0.0,0.0,0.0,0.0,0.0,0.0,0.0,0.0,0.0,1.014,0.0,0.0,0.0,0.0,0.0,0.0,0.0,0.0,0.0,0.0,0.0,0.726,0.28800000000000003,0.218,0.0,0.0,0.0,0.0,0.0,1.274,0.0,0.0,1.552,0.0,0.41200000000000003,0.0,0.0,0.818,0.0,0.0,0.452,0.0,1.296,1.64
228,0.46399999999999997,0.1,0.0,0.0,0.0,0.254,0.0,0.0,0.0,0.0,0.0,0.336,0.0,0.0,0.0,0.0,0.16399999999999998,0.0,0.0,0.0,0.91,0.0,0.0,0.0,0.0,0.0,0.0,0.0,0.0,0.0,0.0,0.0,0.0,0.055999999999999994,0.0,0.0,0.0,0.292,0.0,0.11,0.0,0.08199999999999999,0.0,1.0,0.0,0.0,0.15200000000000002,0.192,0.14600000000000002,0.504,0.0,0.0,0.13,0.0,0.0,0.184,0.0,0.6559999999999999,1.84,0.0,0.7040000000000001,0.0,0.064,0.0,0.462,0.0,0.0,0.0,0.0,0.0,0.0,0.12000000000000001,0.055999999999999994,0.0,0.568,1.3319999999999999,0.066,0.0,0.46799999999999997,0.0,0.0,1.576,0.0,0.0,0.0,0.0,0.0,0.0,0.506,0.364,0.0,0.0,0.0,0.782,0.57,1.294,0.58,0.06,0.0,0.0,0.528,0.0,0.6459999999999999,0.518,1.6340000000000001,0.0,0.0,0.48,0.0,0.066,4.66,0.092,0.0,0.3,0.0,0.0,0.0,0.8140000000000001,0.5640000000000001,0.406,0.0,0.0,0.006999999999999999,0.526,0.0,0.82,0.0,0.9620000000000001,0.0,0.0,0.0,0.0,0.0,0.11199999999999999,0.0,0.0,0.0,0.0,0.0,0.0,0.0,0.0,0.0,0.0,0.08800000000000001,0.0,0.0,0.132,0.0,0.0,0.0,0.0,1.13,2.4579999999999997,0.326,0.312,0.0,0.884,0.0,0.388,0.0,0.0,0.0,0.0,0.174,0.0,1.25,0.0,0.0,0.168,0.0,0.0,0.0,0.506,2.292,0.172,0.954,0.766,0.0,0.0,0.0,0.182
229,0.0,0.0,0.0,0.0,0.0,0.0,0.0,0.0,0.0,0.0,0.0,0.0,0.0,0.0,0.0,0.0,0.0,0.0,0.0,0.0,0.0,0.0,0.0,0.11599999999999999,0.0,0.0,0.0,0.0,0.0,0.0,0.0,0.0,0.0,0.0,0.0,0.0,0.0,0.0,0.0,0.0,0.0,0.0,0.0,0.126,0.0,0.0,0.0,0.16399999999999998,0.0,0.0,0.0,0.0,0.0,0.0,0.0,0.0,0.0,0.0,0.0,0.0,0.0,0.0,0.0,0.0,0.086,0.0,0.0,0.094,0.0,0.0,0.0,0.0,0.0,0.0,0.0,0.0,0.0,0.0,0.0,0.0,0.0,0.0,0.0,0.0,0.0,0.0,0.0,0.0,0.0,0.0,0.055999999999999994,0.0,0.0,0.0,0.0,0.0,0.094,0.0,0.0,0.0,0.0,0.0,0.0,0.054000000000000006,0.0,0.0,0.0,0.0,0.1,0.0,0.0,0.0,0.0,0.0,0.0,0.08,0.0,0.0,0.0,0.0,0.0,0.0,0.0,0.0,0.0,0.0,0.0,0.0,0.0,0.0,0.0,0.0,0.0,0.0,0.0,0.0,0.0,0.0,0.0,0.0,0.068,0.0,0.0,0.0,0.0,0.0,0.0,0.0,0.0,0.0,0.0,0.0,0.0,0.0,0.0,0.0,0.0,0.0,0.0,0.0,0.0,0.0,0.0,0.0,0.0,0.0,0.0,0.0,0.0,0.0,0.0,0.0,0.0,0.0,0.0,0.32399999999999995,0.0,0.0,0.0,0.0,0.0,0.0
231,90.946,27.331,215.49300000000002,44.873,86.58400000000002,66.86600000000001,3.001,4.7620000000000005,10.450999999999999,88.448,0.129,12.003,42.56499999999999,166.002,208.18599999999998,10.001,0.002,128.001,25.598,30.461000000000002,145.87900000000002,12.010000000000002,0.609,32.208,0.21,14.714,176.88200000000006,75.45700000000002,31.254,155.292,0.001,12.0,13.093,293.9889999999999,106.001,2.002,25.102,32.0,76.0,0.37200000000000005,97.057,21.740000000000002,33.001999999999995,85.80199999999999,42.305,0.41000000000000003,21.759,91.142,52.398999999999994,16.204,42.27299999999999,91.60700000000001,11.0,112.366,176.11399999999998,56.00399999999999,1.9039999999999997,41.352,15.001,3.1999999999999993,127.53,379.0439999999999,96.364,69.242,30.002000000000002,11.001,11.0,77.0,55.0,10.602,22.148,50.721,40.003,28.242,73.47,269.20599999999996,77.159,22.384999999999998,34.186,30.834,40.43,74.29400000000001,34.803,283.00199999999995,0.456,147.30599999999998,21.822,62.364999999999995,50.068000000000005,229.0,143.149,44.721000000000004,37.705999999999996,11.634999999999998,3.001,97.482,32.016,45.65299999999999,10.186,21.003000000000004,59.54599999999999,106.28100000000002,228.00400000000002,41.233999999999995,73.25200000000001,22.208,0.002,26.438,43.878,89.241,44.89099999999999,220.273,43.815,31.979999999999997,89.64500000000001,11.001,59.263999999999996,179.03799999999998,20.465999999999998,12.001,3.23,107.81400000000001,33.25900000000001,88.027,16.15,44.382,1.4060000000000001,32.467,33.88699999999999,35.257,13.0,25.457,56.0,10.0,42.001,12.001999999999999,41.32899999999999,0.608,43.995999999999995,36.184,14.357,52.199999999999996,21.306,51.97899999999999,54.089999999999996,30.999000000000002,153.147,32.385999999999996,58.714000000000006,1.977,43.903,45.394,58.0,152.145,53.0,58.961999999999996,33.862,12.156,22.075999999999997,36.001000000000005,21.477,45.142,1.001,14.003,26.503,15.199,30.76,3.466,22.674,42.409,26.55,64.006,34.317,41.564,37.401999999999994,10.306000000000001,33.021,25.355,22.439000000000004,35.26899999999999,25.148000000000003,73.474
240,5.2540000000000004,0.0,1.772,3.454,3.346,5.312,1.1360000000000001,1.386,1.014,1.038,1.912,1.6760000000000002,0.8859999999999999,0.156,0.28600000000000003,4.852,0.41200000000000003,1.182,0.0,1.224,0.6940000000000001,3.8059999999999996,0.0,0.8140000000000001,0.0,1.6720000000000002,3.7,1.328,0.084,0.102,0.8800000000000001,0.0,0.266,0.784,0.458,0.612,0.518,0.0,0.44799999999999995,0.5740000000000001,2.314,3.06,0.35600000000000004,2.4539999999999997,0.652,0.346,0.0,3.6140000000000008,0.0,2.198,2.268,1.216,0.376,0.8799999999999999,2.7800000000000002,3.7039999999999997,0.32599999999999996,0.9399999999999998,0.568,0.8360000000000001,2.5980000000000003,0.72,0.31,5.343999999999999,1.232,1.468,0.982,0.37200000000000005,0.496,1.54,0.0,0.0,0.772,2.016,0.88,0.0,2.19,1.266,0.18,0.574,0.0,1.3459999999999999,2.5,0.878,1.072,2.322,0.554,0.36200000000000004,2.4960000000000004,0.302,0.9319999999999999,0.0,0.406,2.036,0.0,0.258,2.916,0.0,1.8659999999999999,0.342,0.488,0.6699999999999999,6.2700000000000005,2.384,0.708,0.0,1.738,0.198,0.848,0.45799999999999996,5.138,1.446,0.0,0.722,0.0,0.0,2.542,1.924,0.716,0.8859999999999999,0.606,0.8899999999999999,2.4459999999999997,2.2960000000000003,3.2279999999999998,1.8,1.316,0.0,1.436,1.83,2.836,1.182,0.0,1.05,0.5820000000000001,0.0,0.0,0.594,1.5259999999999998,2.62,1.172,1.6320000000000001,0.0,1.434,1.952,0.632,2.2640000000000002,1.6480000000000001,0.46,0.1,0.52,2.068,1.4520000000000002,4.306,1.5699999999999998,1.8860000000000001,0.0,0.5820000000000001,0.0,0.452,1.486,1.156,0.0,0.652,0.162,0.0,2.7439999999999998,2.176,1.5060000000000002,1.108,0.996,0.46099999999999997,2.0060000000000002,5.338,2.8699999999999997,3.5660000000000003,3.298,0.0,0.0,2.926,1.6280000000000001,0.886
241,0.914,2.194,0.0,1.6940000000000002,1.268,1.198,0.0,0.0,0.84,0.606,0.0,0.0,0.0,0.0,0.624,1.004,0.47200000000000003,0.27,0.0,2.4939999999999998,1.664,0.998,1.01,0.0,0.0,0.0,0.8079999999999999,0.414,0.0,0.0,0.8220000000000001,0.0,0.0,0.508,0.001,0.0,1.034,0.0,0.0,1.158,1.7720000000000002,0.65,0.0,0.0,0.302,0.688,0.436,1.1740000000000002,0.276,0.0,0.0,0.0,0.0,2.456,0.956,0.0,0.0,0.21600000000000003,0.0,0.0,0.912,5.776000000000001,0.0,0.0,0.526,0.0,0.0,1.148,0.376,0.0,0.0,0.0,0.534,0.728,0.0,2.818,0.0,0.0,0.284,0.0,0.754,0.0,0.0,0.0,0.932,0.0,1.6360000000000001,0.0,0.0,0.72,3.21,0.8440000000000001,0.0,0.0,0.414,0.0,0.552,0.41200000000000003,0.17800000000000002,0.456,0.0,1.368,0.0,1.206,1.014,0.0,0.0,0.0,0.0,1.5,2.4440000000000004,0.414,0.0,0.0,0.0,0.0,3.5839999999999996,1.0,0.0,0.742,0.0,1.312,0.0,0.0,0.29600000000000004,0.544,0.0,0.0,0.0,0.0,0.9840000000000001,0.0,0.0,1.218,0.0,0.0,0.0,0.0,1.344,0.0,0.0,0.0,0.604,1.884,3.3280000000000003,0.40399999999999997,1.152,0.0,0.0,1.308,0.46799999999999997,0.956,0.8260000000000001,0.0,0.0,0.0,0.34,0.0,0.0,1.326,0.8320000000000001,0.18600000000000003,0.0,0.0,0.312,1.268,0.0,1.462,0.52,0.0,1.044,0.0,0.55,1.7159999999999997,0.0,0.0,0.9640000000000001,1.034,0.0,0.99,1.048,0.0
242,0.0,0.0,0.0,0.0,0.0,0.0,0.0,0.0,0.0,0.0,0.0,0.0,0.0,0.0,0.0,0.0,0.0,0.0,0.0,0.0,0.0,0.0,0.0,0.0,0.0,0.0,0.0,0.0,0.0,0.0,0.0,0.0,0.0,0.0,0.0,0.0,0.0,0.0,0.0,0.0,0.0,0.0,0.0,0.0,0.0,0.0,0.0,0.0,0.0,0.0,0.38799999999999996,0.0,0.0,0.0,0.0,0.0,0.0,0.0,0.0,0.0,0.0,0.298,0.0,0.0,0.0,0.154,0.0,0.0,0.0,0.0,0.0,0.0,0.0,0.0,0.0,0.0,0.0,0.0,0.0,0.0,0.0,0.0,0.0,0.0,0.0,0.0,0.14400000000000002,0.0,0.0,0.0,0.0,0.0,0.0,0.0,0.0,0.0,0.0,0.0,0.0,0.0,0.0,0.0,0.0,0.0,0.0,0.0,0.0,0.0,0.0,0.0,0.0,0.0,0.0,0.0,0.0,0.0,0.0,0.0,0.0,0.278,0.0,0.0,0.0,0.0,0.0,0.32799999999999996,0.0,0.0,0.0,0.0,0.0,0.0,0.0,0.0,0.0,0.0,0.0,0.0,0.0,0.0,0.0,0.0,0.0,0.0,0.0,0.0,0.0,0.0,0.0,0.0,0.0,0.0,0.0,0.0,0.0,0.0,0.0,0.0,0.0,0.0,0.0,0.0,0.0,0.0,0.0,0.0,0.0,0.0,0.0,0.0,0.0,0.0,0.0,0.0,0.0,0.0,0.0,0.0,0.0,0.0,0.0,0.0
244,0.0,0.0,0.0,0.0,0.0,0.0,0.0,0.0,0.0,0.0,0.0,0.0,0.0,0.0,0.0,0.22600000000000003,0.0,0.0,0.0,0.0,0.0,0.0,0.0,0.166,0.0,0.162,0.0,0.0,0.41800000000000004,0.0,0.0,0.0,0.0,0.0,0.20800000000000002,0.0,0.0,0.0,0.0,0.0,0.23800000000000002,0.0,0.0,0.0,0.0,0.0,0.0,0.0,0.0,0.0,0.0,0.204,0.0,0.0,0.0,0.0,0.0,0.0,0.0,0.0,0.47400000000000003,0.254,0.0,0.578,0.0,0.0,0.0,0.0,0.0,0.0,0.0,0.37200000000000005,0.0,0.0,0.0,0.0,0.0,0.0,0.0,0.0,0.0,0.0,0.0,0.0,0.0,0.298,0.0,0.0,0.0,0.0,0.0,0.0,0.0,0.668,0.0,0.0,0.348,0.156,0.0,0.106,0.10400000000000001,0.0,0.0,0.0,0.622,0.0,0.0,0.0,0.0,0.0,0.0,0.0,0.0,0.0,0.0,0.0,0.0,0.0,0.0,0.0,0.0,0.0,0.0,0.0,0.0,0.19,0.0,0.0,0.0,0.0,0.0,0.0,0.0,0.0,0.0,0.0,0.0,0.436,0.0,0.0,0.0,0.0,0.0,0.0,0.0,0.0,0.16399999999999998,0.0,0.0,0.142,0.0,0.0,0.0,0.0,0.0,0.42399999999999993,0.0,0.0,0.0,0.0,0.0,0.0,0.0,0.0,0.0,0.0,0.0,0.0,0.0,0.0,0.0,0.0,0.0,0.0,0.0,0.0,0.0,0.0,0.0,0.0,0.0,0.0
250,0.35200000000000004,0.6439999999999999,0.0,0.0,0.308,0.0,0.0,0.0,0.0,2.0,0.0,0.0,0.47,0.0,0.0,0.0,0.0,0.0,0.0,0.0,0.0,0.9339999999999999,0.0,1.924,0.0,0.0,0.0,0.0,0.0,0.0,0.0,0.0,0.0,0.0,0.0,0.0,0.0,0.0,0.0,0.0,0.0,0.0,0.0,0.0,0.0,0.0,1.508,0.0,2.0,0.0,0.244,1.508,0.0,0.0,0.0,0.0,0.0,0.0,0.0,0.0,0.0,0.0,0.204,0.0,0.0,0.0,0.0,0.0,0.0,0.0,0.0,0.0,0.0,0.0,0.0,0.24,0.0,0.0,0.312,0.0,0.24,0.0,0.0,0.0,0.0,0.0,0.0,0.0,0.0,0.0,0.0,0.0,0.0,0.0,0.0,0.0,1.508,0.0,0.0,0.0,0.0,0.0,0.0,0.0,0.0,0.28800000000000003,0.0,0.0,0.0,0.0,0.0,0.0,0.0,0.0,0.0,0.34,0.0,0.0,0.0,0.0,0.0,0.0,0.0,0.0,0.0,0.348,0.0,0.0,0.0,0.0,0.0,0.0,0.0,0.0,0.0,0.0,0.0,0.0,0.0,0.0,0.0,0.582,0.0,0.0,0.298,0.0,0.0,0.0,0.0,0.0,0.0,0.0,0.0,1.508,0.0,0.0,0.0,0.0,0.0,0.0,0.0,0.0,0.0,0.0,0.0,0.0,0.0,0.0,0.0,0.0,0.0,0.0,0.0,0.0,0.0,0.0,0.0,0.406,0.0,0.0,0.0,0.0
251,6.004,0.0,3.0460000000000003,7.953,2.083,19.478,0.02,0.0,0.008,0.004,2.0,2.0,4.619,11.424,4.6,8.105,6.316,0.136,4.24,10.514,8.078,4.4990000000000006,3.3019999999999996,9.986,0.0,0.424,0.004,3.5060000000000002,4.458,18.21,4.008,2.004,2.083,6.208,11.271,0.0,8.824,0.02,2.0,0.0,28.0,4.699,2.2,7.002000000000001,6.888,3.0,23.416,7.105,6.024,16.289,5.004,8.107,16.0,1.2489999999999999,0.002,12.587,4.0,19.668000000000003,0.0,7.866,4.005,1.116,10.004,4.115,34.367000000000004,0.23399999999999999,1.454,2.6000000000000005,10.009999999999998,0.003,8.5,2.144,2.001,13.01,32.565000000000005,6.455,5.136,5.069,0.6910000000000001,32.126,8.215,7.556,0.202,3.0,3.5460000000000003,2.354,8.677,0.0,5.833,10.927999999999999,7.281999999999999,7.0,2.0,4.632000000000001,6.723000000000001,28.492,5.16,1.246,0.588,17.114,6.066,2.652,7.2,1.614,10.923,7.978,2.0,2.621,6.2,28.0,5.4,9.5,18.005,0.469,2.0,0.15600000000000003,4.0,27.093000000000004,2.232,3.18,0.4,16.505000000000003,1.071,0.9020000000000001,28.4,2.676,9.704,2.684,1.444,2.214,1.046,5.0009999999999994,4.0,10.3,32.730000000000004,0.0,18.0,2.299,2.482,18.15,2.608,0.0,0.202,31.492000000000004,9.0,0.752,0.004,34.004999999999995,2.003,9.001999999999999,2.0,15.276,0.185,0.2,6.384,38.157999999999994,0.632,2.005,5.1000000000000005,0.67,36.001,6.816000000000001,2.3,8.301,0.42800000000000005,12.233,24.046000000000003,0.015,0.596,2.003,11.006,13.0,5.37,29.019000000000002,4.546,0.0,4.0600000000000005,20.649,2.5,13.0,2.0,14.712000000000002
254,0.0,0.0,0.0,0.0,0.0,0.0,0.0,0.0,0.0,0.0,0.0,0.0,0.0,0.0,0.0,0.0,0.0,0.0,0.0,0.0,0.0,0.0,0.0,0.0,0.0,0.0,0.0,0.0,0.0,0.0,0.0,0.0,0.0,0.0,0.0,0.0,0.0,0.0,0.0,0.0,0.0,0.0,0.0,0.0,0.0,0.0,0.0,0.0,0.0,0.0,0.0,0.0,0.0,0.0,0.0,0.0,0.0,0.0,0.0,0.0,0.0,0.0,0.0,0.0,0.0,0.0,0.0,0.0,0.0,0.0,0.0,0.0,0.0,0.0,0.0,0.0,0.504,0.0,0.0,0.0,0.0,0.0,0.0,0.0,0.0,0.0,0.0,0.0,0.0,0.0,0.0,0.0,0.0,0.0,0.0,0.0,0.0,0.0,0.0,0.0,0.0,0.0,0.0,0.0,0.0,0.0,0.0,0.0,0.0,0.0,0.0,0.0,0.0,0.0,0.0,0.0,0.0,0.0,0.0,0.0,0.0,0.0,0.0,0.0,0.0,0.0,0.0,0.0,0.0,0.0,0.0,0.0,0.0,0.0,0.0,0.0,0.0,0.0,0.0,0.0,0.0,0.0,0.0,0.514,0.0,0.0,0.0,0.0,0.0,0.0,0.608,0.0,0.0,0.0,0.0,0.536,0.0,0.0,0.0,0.518,0.0,0.0,0.536,0.0,0.0,0.0,0.0,0.0,0.0,0.0,0.0,0.0,0.0,0.0,0.0,0.0,0.0,0.0,0.0,0.0,0.0,0.0
270,0.0,3.3689999999999998,143.0,2.93,3.011,819.0450000000001,2.0599999999999996,0.266,0.536,0.0,0.268,0.005,24.028,0.0,1.3359999999999999,0.0,1.502,3.15,9.006,3.79,0.5549999999999999,0.0,0.62,1.199,0.8860000000000001,76.876,306.804,2.972,2.7039999999999997,3.01,0.036000000000000004,0.9540000000000001,511.967,294.597,537.778,0.0,6.836,1.5,472.564,3.25,2579.508,1.04,421.603,211.25,421.5,1.25,1643.252,6.291,4.287,415.318,0.318,31.206,0.0,357.495,356.904,0.5459999999999999,0.0,0.8340000000000001,4.375,0.0,1392.12,2.276,20.729,0.59,251.148,1.992,1.5,1.261,714.613,2.261,0.786,2.25,1.375,535.244,361.257,292.296,0.368,3.012,0.029,1.178,0.232,219.788,1.34,1.6860000000000002,1.894,2.92,2.141,0.6409999999999999,0.652,2.519,1.821,1.3800000000000001,1.214,3.2039999999999997,0.0,1.085,10.849,0.5660000000000001,5.715999999999999,1.716,396.991,2016.45,1.838,1158.923,272.922,1.51,974.438,1.75,1.253,3.516,211.277,1.746,1071.75,3.5220000000000002,1.5,1.689,0.28900000000000003,429.168,3.262,2.604,11.754,913.643,3.1799999999999997,0.38799999999999996,414.948,32.513999999999996,0.7140000000000001,210.671,1.666,1076.276,0.508,425.035,0.236,0.99,1261.484,2453.785,4.125,32.0,2.026,693.2719999999999,1.414,1.699,0.908,3.5519999999999996,2.671,2.984,0.0,556.142,2.15,153.96,441.25,1335.557,2.475,1.3139999999999998,724.7950000000001,891.73,15.293,0.0,0.0,646.924,1332.558,1406.626,0.762,775.9110000000001,0.02,3.17,623.576,1.5799999999999998,3.5220000000000002,0.158,4.282,208.401,762.148,12.575,317.024,2.875,1.986,1148.753,1.8479999999999999,2.334,1.896,167.167
271,0.0,0.0,0.0,0.37200000000000005,0.358,0.356,0.0,0.0,0.0,0.0,0.392,0.0,0.0,0.372,0.0,0.0,0.0,0.0,0.0,0.798,0.0,0.0,0.0,0.0,0.968,0.0,0.478,0.6839999999999999,0.0,0.0,0.0,0.0,0.0,0.8400000000000001,0.23,0.0,0.0,0.552,0.0,0.0,0.85,0.4,0.0,0.0,0.0,0.434,0.0,0.0,0.0,0.0,0.0,0.42200000000000004,0.0,0.0,0.0,0.326,0.0,0.0,0.122,0.0,0.0,0.28,0.0,0.0,0.904,0.0,0.0,0.784,0.0,0.0,0.0,0.43799999999999994,0.0,0.0,0.32799999999999996,0.0,0.29,0.0,0.0,0.0,0.0,0.0,1.41,0.26,0.0,0.322,0.242,0.0,0.486,0.0,0.586,0.0,0.182,0.42200000000000004,0.0,0.0,0.0,0.6599999999999999,0.128,0.0,0.552,0.0,0.0,0.298,0.204,0.0,0.11800000000000001,0.38,0.0,0.0,0.25,0.528,0.0,0.0,0.0,0.0,0.124,1.026,0.188,0.0,0.0,0.0,3.6959999999999997,0.0,0.0,0.644,0.0,0.214,0.0,0.0,0.0,0.0,0.0,0.0,0.0,0.0,0.0,0.002,0.0,0.0,0.0,0.0,0.0,0.0,0.0,0.45,0.0,0.36200000000000004,0.0,0.0,0.37,0.0,0.0,0.94,0.0,0.46,1.162,0.0,0.37,0.0,0.0,0.0,0.0,0.298,0.0,0.0,0.19399999999999998,0.514,0.0,0.0,0.0,0.5760000000000001,0.254,0.0,1.1420000000000001,0.626,0.0,0.0,0.284,0.0,0.0,0.42
272,0.0,342.482,336.0,0.764,0.0,0.013000000000000001,0.002,0.0,0.002,304.0,0.003,0.002,0.001,0.0,0.003,0.002,0.0,0.584,0.0,228.0,0.517,0.001,0.001,0.006,436.551,340.0,0.001,0.0,0.0,0.001,0.0,0.0,406.0,0.5589999999999999,314.00199999999995,0.0,1.009,0.0,0.001,0.47900000000000004,0.0,0.002,0.010000000000000002,0.002,0.006,0.0,0.003,0.002,8.003,0.001,309.00899999999996,0.0,0.0,0.0,8.0,0.008,0.0,0.002,0.0,0.0,0.198,0.002,0.002,0.0,0.007,0.504,0.0,0.0,0.0,206.00300000000001,0.011,0.001,0.0,604.443,0.001,0.002,0.012,0.001,0.274,0.001,0.0,0.0,0.002,0.0,0.0,0.001,560.0,0.008,672.0,0.004,294.001,0.018000000000000002,0.001,0.0,0.0,0.34800000000000003,330.002,0.001,0.001,0.001,564.001,256.00199999999995,0.0,0.013000000000000001,0.0,0.0,0.901,0.46399999999999997,0.003,424.0,0.007,848.0070000000001,0.0,0.002,0.0,0.0,0.001,990.0029999999999,1038.0,0.0,0.0,0.009000000000000001,0.0,0.0,0.0,0.001,0.0,0.002,0.0,0.009000000000000001,8.0,0.0,0.002,6.006,0.0,0.003,0.0,0.002,530.0,1.574,0.002,0.0,0.003,0.001,0.005,0.001,0.001,0.0,0.0,0.001,0.003,0.0,0.002,0.787,0.010000000000000002,0.001,0.001,0.0,0.003,0.001,0.0,0.005,0.001,0.0,0.001,0.003,0.0,0.001,0.006,0.0,0.0,0.0,0.787,0.0,0.001,0.793,2.333,0.002,554.348,0.001,0.001,502.333
273,0.9059999999999999,5.92,0.0,2.032,3.2540000000000004,4.5200000000000005,0.0,0.5820000000000001,2.056,0.294,0.0,0.746,0.0,0.0,2.362,2.6799999999999997,2.588,2.304,2.232,3.736,1.46,1.288,4.78,0.74,1.0,0.672,2.476,0.0,0.0,1.54,2.3560000000000003,0.0,1.916,7.36,17.782,0.0,0.866,0.0,1.48,2.5,1.25,2.456,2.682,1.258,1.496,0.0,0.14,2.262,1.7120000000000002,1.25,4.814,0.0,0.0,0.0,0.0,3.68,0.0,1.656,0.89,0.0,2.5,1.6180000000000003,7.943999999999999,0.904,5.24,0.0,0.0,0.0,0.0,1.25,1.6720000000000002,0.5760000000000001,0.0,0.158,1.25,1.8259999999999998,5.334,0.0,1.45,2.578,1.4800000000000002,0.648,0.0,0.0,0.0,0.0,5.0,12.134,0.22,0.0,0.8140000000000001,9.93,0.0,11.602,0.0,0.0,10.82,0.672,5.47,12.0,5.322,0.604,5.0,5.304,1.572,0.0,1.03,5.0,0.0,0.442,0.0,0.85,10.154,5.356,5.0,0.266,4.25,1.424,0.0,5.904,0.0,5.0,11.062,1.0659999999999998,0.0,0.0,0.0,0.5640000000000001,1.3920000000000001,5.148,0.0,0.0,1.7959999999999998,11.072000000000001,5.1240000000000006,0.0,0.76,5.0,0.156,0.0,0.0,0.648,0.0,0.0,9.538000000000002,10.522,5.0,18.554,0.54,0.5579999999999999,0.114,5.0,1.6479999999999997,6.684,0.0,5.42,0.0,5.0,0.58,0.0,0.0,15.0,0.38,0.0,1.04,5.596,0.38,0.136,1.3299999999999998,0.512,0.916,0.0,5.886,9.0,10.182,0.11800000000000001,0.0,0.0,6.2059999999999995,15.56,0.0,10.381
274,0.0,8.111,7.402,1.4840000000000002,0.0,412.2460000000001,0.0,0.1,0.001,0.242,0.412,0.007,0.003,21.016,0.08499999999999999,12.001,136.002,0.014000000000000002,15.265,1.988,12.487,0.979,0.819,1.3390000000000002,1.6100000000000003,0.0,13.668,2.38,13.003,1.4340000000000002,1.3350000000000002,0.001,1.4190000000000003,33.902,0.29700000000000004,0.0,12.009,0.0,37.333,0.0,12.109,14.137,0.009000000000000001,13.05,0.010000000000000002,0.006,0.10900000000000001,0.268,3.8630000000000004,12.06,12.0,12.089,0.001,0.008,0.31,51.772999999999996,0.202,20.176000000000002,0.0,0.187,7.15,14.086,2.184,0.7170000000000001,19.18,12.0,4.0040000000000004,0.006,25.555,27.063000000000002,7.002,1.007,0.0,0.001,6.002,5.269,5.6,12.013,13.333,0.0,1.146,1.34,13.113,0.0,0.001,2.334,0.0,12.038,0.008,0.0,2.6719999999999997,3.0140000000000002,461.5419999999999,1.001,1.021,6.0,32.019,2.5520000000000005,1.8550000000000002,1.6270000000000002,2.6660000000000004,451.337,0.007,5.031000000000001,1.68,1.006,0.014,1.002,1.006,243.1,389.144,39.75,22.333,1.3410000000000002,2.0060000000000002,0.268,2.0069999999999997,0.28,0.09600000000000002,181.138,12.009,14.333,12.105,2.3390000000000004,13.353,0.27,0.0,1.188,0.001,0.007,0.014,2.6660000000000004,0.0,12.32,3.333,12.23,13.172,0.006999999999999999,2.2409999999999997,12.174,0.0,0.008,2.012,0.0,2.3470000000000004,14.001000000000001,0.006,9.007,0.006,0.0,1.5799999999999996,33.388,0.642,12.16,1.011,1.021,12.0,0.009000000000000001,0.0,0.11400000000000002,19.012,0.066,9.0,1.008,0.0,9.477,4.333,0.013000000000000001,0.008,0.0,0.008,3.008,1.112,206.903,3.377,0.008,0.308,2.0140000000000002,1.013,192.007,2.0060000000000002,178.014
300,0.0,0.0,0.0,1.0,0.0,1.0,1.0,0.0,0.0,0.0,0.0,0.0,0.0,0.0,2.0,1.0,0.0,0.0,0.0,0.0,0.0,0.0,0.0,1.0,0.0,0.0,1.0,4.0,0.0,18.0,0.0,0.0,0.0,0.0,0.0,0.0,0.0,0.0,0.0,0.0,0.0,1.0,0.0,0.0,4.0,0.0,0.0,0.0,1.0,0.0,0.0,0.0,2.0,1.0,7.0,1.0,1.0,0.0,0.0,1.0,0.0,0.0,0.0,0.0,2.0,0.0,2.0,0.0,0.0,0.0,0.0,0.0,1.0,0.0,0.0,0.0,0.0,0.0,0.0,0.0,0.0,0.0,0.0,0.0,0.0,0.0,0.0,0.0,0.0,0.0,0.0,0.0,0.0,0.0,0.0,0.0,0.0,0.0,0.0,0.0,0.0,1.0,0.0,0.0,0.0,0.0,0.0,0.0,0.0,0.0,2.0,0.0,8.0,0.0,0.0,0.0,0.0,0.0,0.0,0.0,0.0,1.0,0.0,0.0,0.0,1.0,1.0,0.0,0.0,1.0,1.0,0.0,0.0,0.0,0.0,0.0,1.0,1.0,0.0,0.0,1.0,2.0,0.0,0.0,0.0,0.0,0.0,0.0,0.0,0.0,0.0,0.0,0.0,1.0,1.0,1.0,2.0,1.0,0.0,1.0,1.0,0.0,0.0,0.0,0.0,0.0,0.0,1.0,0.0,0.0,0.0,1.0,0.0,0.0,0.0,0.0,0.0,0.0,0.0,1.0,0.0,0.0
301,1.0,4.0,0.0,3.0,1.0,16.0,0.0,0.0,0.0,0.0,2.0,0.0,0.0,0.0,0.0,0.0,0.0,0.0,0.0,1.0,0.0,0.0,0.0,2.0,2.0,1.0,1.0,2.0,0.0,0.0,0.0,0.0,0.0,0.0,0.0,0.0,0.0,0.0,0.0,0.0,4.0,0.0,0.0,4.0,0.0,1.0,0.0,0.0,0.0,3.0,0.0,0.0,0.0,0.0,0.0,1.0,0.0,0.0,0.0,0.0,0.0,1.0,0.0,0.0,0.0,0.0,0.0,0.0,0.0,0.0,0.0,0.0,0.0,0.0,0.0,0.0,0.0,0.0,0.0,0.0,0.0,0.0,0.0,0.0,0.0,1.0,2.0,0.0,0.0,0.0,0.0,2.0,0.0,0.0,0.0,0.0,0.0,1.0,0.0,2.0,0.0,0.0,0.0,1.0,0.0,0.0,0.0,0.0,0.0,0.0,0.0,0.0,0.0,1.0,3.0,0.0,0.0,0.0,0.0,0.0,0.0,0.0,0.0,0.0,1.0,4.0,0.0,0.0,0.0,4.0,0.0,0.0,0.0,0.0,0.0,1.0,0.0,4.0,0.0,1.0,2.0,1.0,0.0,0.0,0.0,0.0,0.0,0.0,0.0,0.0,0.0,0.0,1.0,0.0,0.0,0.0,0.0,1.0,0.0,0.0,0.0,0.0,0.0,0.0,0.0,0.0,1.0,0.0,0.0,0.0,0.0,1.0,0.0,0.0,0.0,0.0,2.0,0.0,0.0,0.0,0.0,0.0
302,0.0,0.0,0.0,0.0,1.0,0.0,0.0,0.0,0.0,0.0,0.0,0.0,0.0,0.0,0.0,0.0,0.0,0.0,0.0,0.0,0.0,1.0,0.0,0.0,0.0,0.0,0.0,1.0,0.0,0.0,0.0,0.0,0.0,0.0,0.0,0.0,0.0,0.0,0.0,0.0,0.0,1.0,0.0,0.0,0.0,0.0,0.0,0.0,0.0,0.0,0.0,0.0,0.0,0.0,0.0,0.0,0.0,0.0,0.0,0.0,0.0,0.0,0.0,0.0,0.0,0.0,1.0,0.0,0.0,0.0,0.0,1.0,1.0,0.0,0.0,0.0,0.0,0.0,0.0,0.0,0.0,0.0,0.0,0.0,0.0,0.0,0.0,1.0,0.0,0.0,0.0,0.0,0.0,0.0,0.0,0.0,0.0,0.0,1.0,0.0,0.0,0.0,0.0,0.0,0.0,0.0,0.0,0.0,0.0,0.0,0.0,0.0,0.0,1.0,0.0,0.0,0.0,0.0,0.0,0.0,0.0,0.0,0.0,0.0,0.0,0.0,0.0,0.0,0.0,0.0,0.0,0.0,0.0,0.0,0.0,0.0,0.0,0.0,0.0,0.0,0.0,0.0,0.0,0.0,0.0,0.0,0.0,0.0,0.0,0.0,0.0,0.0,0.0,0.0,0.0,0.0,0.0,0.0,0.0,0.0,0.0,0.0,0.0,0.0,0.0,0.0,0.0,0.0,0.0,0.0,0.0,0.0,0.0,0.0,0.0,0.0,0.0,0.0,0.0,0.0,0.0,0.0
303,8.0,7.0,10.0,5.0,10.0,30.0,9.0,2.0,5.0,6.0,6.0,7.0,4.0,3.0,15.0,9.0,5.0,6.0,4.0,10.0,8.0,23.0,2.0,10.0,4.0,3.0,8.0,4.0,6.0,12.0,7.0,4.0,2.0,12.0,15.0,3.0,3.0,3.0,4.0,5.0,8.0,6.0,4.0,8.0,3.0,4.0,6.0,12.0,20.0,8.0,6.0,12.0,0.0,11.0,12.0,11.0,5.0,3.0,2.0,3.0,12.0,16.0,11.0,5.0,10.0,3.0,3.0,6.0,8.0,10.0,1.0,6.0,4.0,6.0,4.0,13.0,10.0,4.0,5.0,6.0,7.0,3.0,4.0,10.0,5.0,10.0,5.0,4.0,5.0,13.0,13.0,5.0,7.0,8.0,4.0,10.0,11.0,11.0,7.0,1.0,9.0,5.0,4.0,13.0,7.0,3.0,7.0,6.0,8.0,6.0,16.0,9.0,3.0,3.0,6.0,3.0,4.0,10.0,4.0,5.0,2.0,5.0,5.0,6.0,16.0,11.0,2.0,9.0,3.0,9.0,3.0,8.0,7.0,2.0,3.0,3.0,13.0,7.0,5.0,6.0,2.0,5.0,3.0,6.0,8.0,4.0,9.0,4.0,3.0,5.0,7.0,6.0,9.0,13.0,8.0,3.0,5.0,8.0,3.0,9.0,6.0,5.0,3.0,6.0,4.0,10.0,9.0,8.0,6.0,2.0,5.0,7.0,5.0,6.0,13.0,8.0,5.0,6.0,11.0,10.0,7.0,12.0
304,0.0,0.0,0.0,1.0,0.0,3.0,1.0,0.0,0.0,0.0,0.0,0.0,0.0,1.0,1.0,0.0,0.0,0.0,0.0,0.0,0.0,0.0,0.0,0.0,0.0,0.0,0.0,0.0,0.0,0.0,0.0,0.0,0.0,0.0,0.0,0.0,1.0,0.0,0.0,0.0,0.0,0.0,0.0,1.0,2.0,0.0,1.0,1.0,0.0,0.0,0.0,2.0,0.0,0.0,0.0,0.0,0.0,0.0,0.0,0.0,0.0,0.0,0.0,0.0,0.0,1.0,0.0,0.0,1.0,0.0,0.0,0.0,0.0,0.0,0.0,0.0,0.0,0.0,0.0,0.0,0.0,2.0,0.0,0.0,1.0,0.0,0.0,0.0,0.0,0.0,0.0,0.0,0.0,0.0,0.0,0.0,0.0,0.0,0.0,0.0,0.0,0.0,1.0,1.0,0.0,0.0,0.0,0.0,0.0,0.0,0.0,0.0,0.0,0.0,0.0,0.0,0.0,0.0,2.0,0.0,0.0,0.0,0.0,0.0,1.0,1.0,0.0,0.0,0.0,1.0,0.0,1.0,0.0,0.0,1.0,0.0,0.0,2.0,0.0,0.0,0.0,0.0,0.0,0.0,0.0,0.0,0.0,0.0,0.0,0.0,0.0,0.0,0.0,0.0,1.0,0.0,0.0,0.0,0.0,1.0,0.0,0.0,0.0,0.0,0.0,0.0,0.0,0.0,0.0,0.0,0.0,0.0,0.0,0.0,0.0,2.0,0.0,0.0,0.0,0.0,0.0,1.0
305,0.0,4.0,0.0,1.0,1.0,5.0,1.0,0.0,2.0,0.0,0.0,0.0,1.0,2.0,2.0,0.0,0.0,0.0,1.0,0.0,0.0,1.0,0.0,1.0,2.0,0.0,0.0,1.0,1.0,1.0,0.0,0.0,0.0,0.0,0.0,0.0,0.0,0.0,0.0,0.0,0.0,0.0,0.0,0.0,2.0,0.0,0.0,0.0,1.0,1.0,0.0,0.0,1.0,1.0,0.0,0.0,1.0,0.0,0.0,1.0,0.0,1.0,0.0,0.0,0.0,0.0,0.0,0.0,0.0,2.0,1.0,0.0,1.0,0.0,0.0,1.0,2.0,1.0,0.0,0.0,1.0,0.0,1.0,0.0,0.0,1.0,0.0,0.0,0.0,0.0,0.0,0.0,1.0,0.0,0.0,2.0,2.0,0.0,0.0,1.0,1.0,0.0,0.0,0.0,0.0,1.0,1.0,0.0,0.0,0.0,1.0,0.0,2.0,0.0,1.0,0.0,0.0,1.0,1.0,0.0,0.0,0.0,0.0,0.0,3.0,0.0,0.0,0.0,0.0,0.0,0.0,0.0,0.0,1.0,0.0,0.0,0.0,1.0,0.0,0.0,3.0,0.0,0.0,1.0,1.0,1.0,0.0,0.0,0.0,0.0,0.0,0.0,0.0,5.0,0.0,0.0,0.0,0.0,0.0,1.0,1.0,0.0,0.0,0.0,0.0,0.0,0.0,0.0,0.0,0.0,1.0,0.0,0.0,0.0,0.0,2.0,0.0,0.0,0.0,0.0,0.0,0.0
306,0.0,0.0,0.0,0.0,0.0,0.0,0.0,0.0,0.0,0.0,0.0,0.0,0.0,0.0,0.0,0.0,0.0,0.0,0.0,1.0,0.0,0.0,0.0,0.0,0.0,0.0,0.0,0.0,0.0,0.0,0.0,0.0,0.0,0.0,0.0,0.0,0.0,0.0,0.0,0.0,0.0,0.0,0.0,0.0,0.0,1.0,1.0,1.0,3.0,1.0,0.0,1.0,0.0,0.0,0.0,0.0,0.0,0.0,0.0,0.0,0.0,0.0,0.0,1.0,0.0,1.0,0.0,0.0,0.0,0.0,0.0,0.0,0.0,0.0,0.0,0.0,0.0,0.0,0.0,0.0,0.0,0.0,0.0,0.0,0.0,0.0,0.0,0.0,0.0,0.0,0.0,0.0,0.0,0.0,0.0,0.0,0.0,0.0,0.0,0.0,0.0,0.0,1.0,0.0,0.0,0.0,0.0,0.0,0.0,0.0,0.0,0.0,0.0,0.0,0.0,0.0,0.0,0.0,1.0,1.0,0.0,0.0,1.0,0.0,0.0,1.0,0.0,1.0,0.0,1.0,0.0,0.0,1.0,0.0,0.0,0.0,0.0,0.0,0.0,0.0,0.0,0.0,0.0,0.0,1.0,0.0,0.0,0.0,0.0,0.0,0.0,0.0,0.0,0.0,0.0,0.0,0.0,0.0,0.0,0.0,0.0,0.0,0.0,0.0,0.0,2.0,0.0,1.0,0.0,0.0,0.0,0.0,0.0,0.0,0.0,0.0,0.0,0.0,0.0,0.0,0.0,0.0
307,0.0,0.0,0.0,0.0,0.0,3.0,1.0,0.0,0.0,1.0,0.0,0.0,0.0,0.0,0.0,0.0,0.0,0.0,0.0,0.0,0.0,1.0,0.0,1.0,0.0,0.0,0.0,0.0,0.0,1.0,0.0,1.0,0.0,0.0,1.0,0.0,0.0,0.0,0.0,0.0,0.0,0.0,0.0,0.0,0.0,0.0,0.0,0.0,14.0,0.0,0.0,0.0,0.0,1.0,0.0,0.0,0.0,0.0,0.0,0.0,0.0,0.0,0.0,0.0,0.0,0.0,0.0,0.0,0.0,0.0,0.0,0.0,0.0,0.0,0.0,0.0,0.0,0.0,0.0,0.0,0.0,0.0,0.0,2.0,0.0,1.0,0.0,0.0,0.0,1.0,2.0,0.0,0.0,0.0,0.0,0.0,0.0,0.0,0.0,0.0,0.0,0.0,0.0,0.0,0.0,0.0,0.0,0.0,1.0,0.0,0.0,1.0,0.0,0.0,0.0,0.0,0.0,0.0,0.0,0.0,0.0,0.0,0.0,0.0,0.0,0.0,0.0,0.0,0.0,0.0,0.0,1.0,0.0,0.0,0.0,0.0,0.0,0.0,0.0,3.0,0.0,0.0,1.0,0.0,0.0,0.0,0.0,0.0,0.0,0.0,0.0,0.0,0.0,1.0,0.0,0.0,0.0,0.0,0.0,0.0,0.0,0.0,0.0,0.0,0.0,0.0,0.0,2.0,0.0,0.0,0.0,0.0,0.0,0.0,0.0,0.0,0.0,0.0,0.0,0.0,0.0,0.0
308,0.0,0.0,0.0,0.0,0.0,0.0,0.0,0.0,0.0,0.0,0.0,2.0,0.0,0.0,0.0,0.0,0.0,0.0,0.0,0.0,0.0,2.0,0.0,0.0,0.0,1.0,1.0,0.0,0.0,3.0,0.0,0.0,0.0,1.0,0.0,0.0,0.0,1.0,0.0,0.0,0.0,0.0,0.0,0.0,0.0,0.0,0.0,0.0,0.0,0.0,0.0,2.0,0.0,0.0,0.0,1.0,0.0,0.0,2.0,0.0,0.0,0.0,0.0,0.0,0.0,0.0,0.0,0.0,0.0,0.0,0.0,0.0,0.0,0.0,0.0,0.0,0.0,1.0,0.0,0.0,0.0,0.0,0.0,1.0,0.0,0.0,0.0,1.0,0.0,0.0,0.0,0.0,0.0,0.0,0.0,0.0,1.0,0.0,0.0,0.0,1.0,0.0,0.0,1.0,1.0,0.0,0.0,0.0,0.0,0.0,0.0,0.0,2.0,0.0,0.0,0.0,0.0,0.0,1.0,0.0,0.0,0.0,0.0,0.0,1.0,0.0,0.0,1.0,0.0,0.0,0.0,0.0,0.0,0.0,0.0,0.0,0.0,0.0,0.0,0.0,0.0,0.0,1.0,0.0,0.0,0.0,0.0,0.0,0.0,2.0,0.0,0.0,0.0,3.0,0.0,2.0,0.0,0.0,0.0,0.0,1.0,0.0,1.0,0.0,0.0,0.0,0.0,0.0,0.0,0.0,0.0,0.0,0.0,0.0,0.0,1.0,0.0,0.0,0.0,0.0,0.0,0.0
309,0.0,0.0,0.0,0.0,0.0,0.0,0.0,0.0,0.0,0.0,0.0,0.0,0.0,0.0,0.0,0.0,0.0,0.0,0.0,0.0,0.0,0.0,0.0,0.0,0.0,0.0,0.0,0.0,0.0,0.0,0.0,0.0,0.0,0.0,0.0,0.0,0.0,0.0,0.0,0.0,0.0,1.0,0.0,0.0,0.0,0.0,0.0,0.0,0.0,0.0,0.0,0.0,0.0,0.0,0.0,0.0,0.0,0.0,0.0,0.0,0.0,0.0,0.0,0.0,0.0,0.0,0.0,0.0,0.0,0.0,0.0,0.0,0.0,0.0,0.0,0.0,0.0,0.0,0.0,0.0,0.0,0.0,0.0,0.0,0.0,0.0,0.0,0.0,0.0,0.0,0.0,0.0,0.0,0.0,0.0,0.0,0.0,0.0,0.0,0.0,0.0,0.0,0.0,0.0,0.0,0.0,0.0,0.0,0.0,0.0,0.0,0.0,0.0,0.0,0.0,0.0,0.0,0.0,0.0,0.0,1.0,0.0,0.0,0.0,0.0,0.0,0.0,0.0,0.0,0.0,0.0,1.0,0.0,0.0,0.0,0.0,0.0,0.0,0.0,0.0,0.0,0.0,0.0,0.0,0.0,0.0,0.0,0.0,0.0,0.0,0.0,0.0,0.0,0.0,0.0,0.0,0.0,0.0,0.0,0.0,0.0,0.0,0.0,0.0,0.0,0.0,0.0,0.0,0.0,0.0,0.0,0.0,0.0,0.0,0.0,0.0,0.0,0.0,0.0,0.0,0.0,0.0
310,0.0,0.0,1.0,0.0,1.0,2.0,0.0,0.0,0.0,0.0,0.0,0.0,0.0,0.0,0.0,1.0,0.0,0.0,1.0,0.0,0.0,0.0,2.0,2.0,0.0,1.0,0.0,0.0,0.0,0.0,0.0,0.0,0.0,1.0,0.0,0.0,0.0,1.0,0.0,0.0,0.0,0.0,0.0,0.0,0.0,0.0,0.0,0.0,0.0,0.0,0.0,2.0,0.0,0.0,3.0,0.0,0.0,0.0,1.0,2.0,1.0,1.0,0.0,0.0,1.0,2.0,0.0,0.0,1.0,0.0,0.0,1.0,0.0,0.0,0.0,1.0,0.0,1.0,1.0,0.0,0.0,4.0,0.0,0.0,0.0,0.0,0.0,1.0,0.0,2.0,1.0,0.0,0.0,0.0,0.0,0.0,0.0,0.0,0.0,0.0,0.0,1.0,0.0,1.0,0.0,2.0,1.0,0.0,1.0,0.0,1.0,0.0,0.0,0.0,0.0,4.0,0.0,0.0,0.0,0.0,0.0,1.0,0.0,0.0,0.0,0.0,0.0,0.0,0.0,0.0,0.0,1.0,0.0,0.0,0.0,1.0,0.0,0.0,0.0,5.0,0.0,1.0,0.0,0.0,0.0,0.0,0.0,0.0,0.0,3.0,0.0,0.0,0.0,2.0,0.0,0.0,0.0,2.0,0.0,0.0,1.0,3.0,0.0,0.0,0.0,1.0,1.0,0.0,0.0,0.0,0.0,0.0,0.0,5.0,0.0,0.0,0.0,0.0,4.0,0.0,0.0,0.0
311,0.0,0.0,0.0,0.0,0.0,0.0,0.0,0.0,0.0,0.0,0.0,0.0,0.0,0.0,0.0,0.0,0.0,2.0,0.0,0.0,0.0,0.0,0.0,0.0,0.0,0.0,0.0,0.0,0.0,0.0,0.0,0.0,0.0,0.0,0.0,0.0,0.0,0.0,0.0,0.0,0.0,0.0,0.0,0.0,0.0,1.0,0.0,0.0,0.0,0.0,0.0,0.0,0.0,0.0,0.0,0.0,0.0,0.0,0.0,0.0,0.0,0.0,0.0,0.0,0.0,1.0,0.0,0.0,0.0,0.0,0.0,0.0,0.0,0.0,0.0,0.0,0.0,0.0,0.0,0.0,0.0,0.0,0.0,0.0,0.0,0.0,0.0,0.0,0.0,0.0,0.0,0.0,0.0,0.0,0.0,0.0,0.0,0.0,0.0,0.0,0.0,2.0,0.0,0.0,1.0,1.0,0.0,0.0,0.0,0.0,0.0,0.0,0.0,0.0,0.0,0.0,0.0,0.0,0.0,0.0,0.0,0.0,0.0,0.0,0.0,0.0,0.0,0.0,0.0,0.0,0.0,0.0,0.0,0.0,0.0,0.0,0.0,0.0,0.0,0.0,0.0,0.0,0.0,0.0,0.0,0.0,0.0,0.0,0.0,0.0,0.0,0.0,0.0,0.0,0.0,0.0,0.0,0.0,0.0,1.0,0.0,0.0,0.0,0.0,0.0,0.0,0.0,0.0,0.0,0.0,0.0,0.0,0.0,0.0,0.0,0.0,0.0,0.0,0.0,0.0,0.0,0.0
313,0.0,0.0,0.0,0.0,0.0,0.0,0.0,0.0,0.0,0.0,0.0,0.0,0.0,0.0,0.0,0.0,0.0,1.0,0.0,0.0,0.0,0.0,0.0,0.0,0.0,0.0,0.0,0.0,0.0,0.0,0.0,0.0,0.0,0.0,0.0,0.0,0.0,0.0,0.0,0.0,0.0,0.0,0.0,0.0,0.0,0.0,0.0,0.0,0.0,0.0,0.0,0.0,0.0,0.0,0.0,0.0,0.0,0.0,0.0,0.0,0.0,0.0,0.0,0.0,0.0,0.0,0.0,0.0,0.0,0.0,0.0,0.0,0.0,0.0,0.0,0.0,0.0,0.0,0.0,0.0,0.0,0.0,0.0,0.0,0.0,0.0,0.0,0.0,0.0,0.0,0.0,0.0,0.0,0.0,0.0,0.0,0.0,0.0,0.0,0.0,0.0,0.0,0.0,0.0,0.0,0.0,0.0,0.0,0.0,0.0,0.0,0.0,0.0,0.0,0.0,0.0,0.0,0.0,0.0,0.0,0.0,0.0,0.0,0.0,0.0,0.0,0.0,0.0,0.0,0.0,0.0,0.0,0.0,0.0,0.0,0.0,0.0,0.0,0.0,0.0,0.0,0.0,0.0,0.0,0.0,0.0,0.0,0.0,0.0,0.0,0.0,0.0,0.0,0.0,0.0,0.0,0.0,0.0,0.0,0.0,0.0,0.0,0.0,0.0,0.0,0.0,0.0,0.0,0.0,0.0,0.0,0.0,0.0,0.0,0.0,0.0,0.0,0.0,0.0,0.0,0.0,0.0
314,0.0,7.0,6.0,0.0,3.0,3.0,0.0,0.0,0.0,0.0,0.0,0.0,0.0,0.0,0.0,0.0,0.0,0.0,0.0,0.0,0.0,1.0,0.0,0.0,0.0,0.0,0.0,0.0,0.0,0.0,0.0,0.0,0.0,0.0,0.0,0.0,0.0,0.0,0.0,0.0,0.0,0.0,0.0,0.0,0.0,0.0,0.0,0.0,0.0,0.0,0.0,0.0,0.0,0.0,0.0,0.0,0.0,0.0,0.0,0.0,0.0,0.0,0.0,0.0,0.0,0.0,0.0,0.0,0.0,0.0,0.0,0.0,0.0,0.0,0.0,0.0,0.0,0.0,0.0,0.0,0.0,0.0,0.0,0.0,0.0,0.0,0.0,0.0,0.0,0.0,0.0,0.0,0.0,0.0,0.0,0.0,0.0,0.0,0.0,0.0,0.0,0.0,0.0,0.0,0.0,0.0,0.0,0.0,0.0,0.0,0.0,0.0,0.0,0.0,0.0,0.0,0.0,0.0,0.0,0.0,0.0,0.0,0.0,0.0,0.0,0.0,0.0,0.0,0.0,0.0,0.0,0.0,0.0,0.0,0.0,0.0,0.0,0.0,0.0,0.0,0.0,0.0,0.0,0.0,0.0,0.0,0.0,0.0,0.0,0.0,0.0,0.0,0.0,0.0,0.0,0.0,0.0,0.0,0.0,0.0,0.0,0.0,0.0,0.0,0.0,0.0,0.0,0.0,0.0,0.0,0.0,0.0,0.0,0.0,0.0,0.0,0.0,0.0,0.0,0.0,0.0,0.0
320,1.0,0.0,0.0,0.0,0.0,0.0,0.0,0.0,0.0,0.0,0.0,0.0,0.0,0.0,0.0,0.0,0.0,0.0,0.0,0.0,0.0,0.0,0.0,0.0,0.0,0.0,0.0,0.0,0.0,0.0,0.0,0.0,1.0,0.0,0.0,0.0,0.0,0.0,0.0,0.0,0.0,0.0,0.0,0.0,0.0,0.0,0.0,0.0,0.0,0.0,0.0,0.0,0.0,0.0,0.0,0.0,0.0,0.0,0.0,0.0,0.0,0.0,0.0,0.0,1.0,0.0,0.0,0.0,0.0,0.0,0.0,0.0,0.0,0.0,0.0,0.0,0.0,0.0,0.0,0.0,0.0,1.0,0.0,0.0,0.0,0.0,0.0,0.0,0.0,0.0,0.0,0.0,0.0,0.0,0.0,0.0,0.0,0.0,0.0,0.0,0.0,0.0,0.0,1.0,0.0,0.0,0.0,0.0,0.0,0.0,0.0,0.0,0.0,0.0,0.0,0.0,0.0,0.0,0.0,0.0,0.0,0.0,0.0,0.0,0.0,0.0,0.0,0.0,0.0,0.0,0.0,0.0,0.0,0.0,0.0,0.0,0.0,0.0,0.0,0.0,0.0,0.0,0.0,0.0,0.0,0.0,0.0,0.0,0.0,0.0,0.0,0.0,0.0,0.0,0.0,0.0,0.0,0.0,0.0,0.0,0.0,0.0,3.0,0.0,0.0,0.0,0.0,0.0,0.0,1.0,0.0,0.0,0.0,0.0,0.0,0.0,0.0,0.0,0.0,0.0,0.0,0.0
321,2.0,1.0,0.0,0.0,0.0,0.0,0.0,1.0,0.0,0.0,0.0,0.0,0.0,0.0,0.0,0.0,0.0,0.0,0.0,0.0,0.0,0.0,0.0,0.0,0.0,0.0,2.0,0.0,0.0,0.0,0.0,0.0,0.0,0.0,0.0,0.0,0.0,0.0,0.0,0.0,0.0,0.0,0.0,0.0,0.0,0.0,1.0,0.0,0.0,0.0,0.0,0.0,0.0,0.0,0.0,0.0,0.0,0.0,0.0,0.0,0.0,0.0,0.0,0.0,0.0,0.0,0.0,0.0,0.0,0.0,0.0,0.0,0.0,0.0,0.0,0.0,0.0,0.0,0.0,0.0,0.0,0.0,0.0,0.0,0.0,0.0,0.0,0.0,0.0,0.0,0.0,0.0,0.0,0.0,0.0,0.0,0.0,0.0,0.0,0.0,0.0,0.0,0.0,0.0,0.0,0.0,0.0,0.0,0.0,0.0,0.0,0.0,0.0,0.0,0.0,0.0,0.0,0.0,0.0,0.0,0.0,0.0,0.0,0.0,0.0,0.0,0.0,0.0,0.0,0.0,0.0,0.0,0.0,0.0,0.0,0.0,0.0,0.0,0.0,0.0,0.0,0.0,0.0,0.0,0.0,0.0,0.0,0.0,0.0,0.0,0.0,0.0,0.0,0.0,0.0,0.0,0.0,0.0,0.0,0.0,0.0,0.0,0.0,0.0,0.0,0.0,0.0,0.0,0.0,0.0,1.0,0.0,0.0,2.0,0.0,0.0,0.0,0.0,0.0,0.0,0.0,0.0
322,0.0,0.0,0.0,0.0,0.0,0.0,0.0,0.0,0.0,0.0,0.0,0.0,0.0,0.0,0.0,0.0,1.0,0.0,0.0,0.0,0.0,0.0,0.0,0.0,0.0,0.0,0.0,0.0,0.0,0.0,0.0,0.0,0.0,0.0,0.0,0.0,0.0,0.0,0.0,0.0,1.0,0.0,0.0,0.0,0.0,0.0,0.0,0.0,0.0,0.0,0.0,0.0,0.0,0.0,0.0,0.0,0.0,0.0,0.0,0.0,0.0,0.0,0.0,0.0,0.0,1.0,0.0,0.0,0.0,0.0,0.0,0.0,0.0,0.0,0.0,0.0,0.0,0.0,0.0,0.0,0.0,0.0,0.0,0.0,0.0,0.0,0.0,0.0,0.0,0.0,0.0,0.0,0.0,0.0,0.0,0.0,0.0,0.0,0.0,0.0,0.0,0.0,0.0,0.0,0.0,0.0,0.0,0.0,0.0,0.0,0.0,0.0,0.0,0.0,0.0,0.0,0.0,0.0,0.0,0.0,0.0,0.0,0.0,0.0,0.0,0.0,0.0,0.0,0.0,0.0,0.0,0.0,0.0,0.0,0.0,0.0,0.0,0.0,0.0,0.0,0.0,0.0,0.0,0.0,0.0,0.0,0.0,0.0,0.0,0.0,0.0,0.0,0.0,0.0,0.0,0.0,0.0,0.0,0.0,0.0,0.0,0.0,1.0,0.0,0.0,0.0,0.0,0.0,0.0,0.0,0.0,0.0,0.0,0.0,0.0,0.0,0.0,0.0,0.0,0.0,0.0,0.0
323,0.0,0.0,1.0,0.0,0.0,4.0,1.0,1.0,1.0,0.0,0.0,0.0,0.0,1.0,0.0,0.0,0.0,0.0,0.0,0.0,0.0,1.0,0.0,0.0,1.0,0.0,1.0,0.0,0.0,0.0,0.0,2.0,0.0,0.0,1.0,0.0,0.0,0.0,0.0,0.0,0.0,0.0,1.0,0.0,0.0,1.0,0.0,0.0,1.0,1.0,0.0,0.0,0.0,0.0,0.0,0.0,0.0,0.0,0.0,0.0,0.0,0.0,0.0,0.0,0.0,0.0,0.0,0.0,0.0,1.0,0.0,0.0,0.0,0.0,0.0,0.0,0.0,1.0,0.0,0.0,1.0,1.0,0.0,1.0,0.0,0.0,0.0,0.0,0.0,0.0,1.0,0.0,1.0,0.0,0.0,0.0,1.0,0.0,0.0,0.0,0.0,0.0,0.0,1.0,0.0,0.0,0.0,0.0,0.0,0.0,1.0,0.0,0.0,0.0,0.0,0.0,0.0,0.0,0.0,0.0,0.0,1.0,1.0,0.0,0.0,0.0,0.0,0.0,0.0,0.0,0.0,0.0,0.0,0.0,0.0,0.0,0.0,0.0,0.0,1.0,0.0,0.0,0.0,0.0,0.0,0.0,0.0,0.0,0.0,1.0,0.0,0.0,0.0,0.0,0.0,0.0,0.0,0.0,0.0,1.0,0.0,0.0,0.0,0.0,0.0,0.0,0.0,0.0,0.0,0.0,0.0,0.0,0.0,0.0,0.0,0.0,1.0,0.0,0.0,0.0,0.0,1.0
324,0.0,0.0,0.0,0.0,0.0,6.0,0.0,0.0,0.0,0.0,0.0,0.0,0.0,1.0,0.0,0.0,0.0,0.0,0.0,0.0,1.0,0.0,0.0,0.0,0.0,0.0,0.0,0.0,0.0,0.0,0.0,0.0,0.0,0.0,0.0,0.0,0.0,0.0,0.0,0.0,0.0,0.0,0.0,0.0,0.0,1.0,0.0,0.0,0.0,0.0,0.0,0.0,0.0,1.0,0.0,0.0,0.0,0.0,0.0,0.0,0.0,0.0,0.0,0.0,2.0,0.0,0.0,0.0,0.0,0.0,0.0,0.0,0.0,0.0,0.0,0.0,1.0,0.0,0.0,0.0,1.0,0.0,0.0,0.0,0.0,0.0,0.0,0.0,0.0,0.0,0.0,1.0,0.0,0.0,0.0,0.0,0.0,0.0,0.0,0.0,3.0,0.0,0.0,0.0,0.0,0.0,0.0,0.0,0.0,0.0,0.0,0.0,1.0,0.0,0.0,0.0,0.0,0.0,0.0,0.0,0.0,0.0,1.0,0.0,1.0,0.0,1.0,0.0,0.0,0.0,0.0,0.0,0.0,0.0,0.0,0.0,0.0,0.0,0.0,0.0,0.0,0.0,0.0,0.0,0.0,0.0,0.0,0.0,0.0,0.0,0.0,0.0,0.0,1.0,0.0,0.0,0.0,0.0,0.0,1.0,1.0,0.0,0.0,0.0,0.0,0.0,0.0,0.0,0.0,1.0,0.0,1.0,0.0,0.0,1.0,0.0,1.0,0.0,0.0,0.0,0.0,0.0
326,0.0,0.0,0.0,0.0,0.0,0.0,0.0,0.0,0.0,0.0,0.0,0.0,0.0,0.0,0.0,0.0,0.0,0.0,0.0,0.0,0.0,0.0,0.0,0.0,0.0,0.0,0.0,0.0,0.0,0.0,0.0,0.0,0.0,0.0,0.0,0.0,0.0,0.0,0.0,0.0,0.0,0.0,0.0,0.0,0.0,0.0,0.0,0.0,0.0,0.0,0.0,0.0,0.0,0.0,0.0,0.0,0.0,0.0,0.0,0.0,0.0,0.0,0.0,0.0,0.0,0.0,0.0,0.0,0.0,0.0,0.0,0.0,0.0,0.0,0.0,0.0,0.0,0.0,0.0,0.0,0.0,0.0,0.0,0.0,0.0,0.0,0.0,0.0,0.0,0.0,0.0,0.0,0.0,0.0,0.0,0.0,0.0,2.0,0.0,0.0,0.0,1.0,0.0,0.0,0.0,0.0,0.0,0.0,0.0,0.0,0.0,0.0,0.0,0.0,0.0,0.0,0.0,0.0,0.0,0.0,0.0,0.0,0.0,0.0,0.0,0.0,0.0,0.0,0.0,0.0,0.0,0.0,0.0,0.0,0.0,0.0,0.0,0.0,0.0,0.0,0.0,0.0,0.0,0.0,0.0,0.0,0.0,0.0,0.0,0.0,0.0,0.0,0.0,0.0,0.0,0.0,0.0,0.0,0.0,0.0,0.0,0.0,0.0,0.0,0.0,0.0,0.0,0.0,0.0,0.0,0.0,0.0,0.0,0.0,0.0,0.0,0.0,0.0,0.0,0.0,0.0,0.0
327,0.0,0.0,0.0,0.0,0.0,0.0,0.0,0.0,0.0,0.0,0.0,0.0,0.0,0.0,0.0,0.0,0.0,0.0,0.0,0.0,0.0,0.0,0.0,0.0,0.0,0.0,0.0,0.0,0.0,0.0,0.0,1.0,0.0,0.0,0.0,0.0,0.0,0.0,0.0,0.0,0.0,0.0,0.0,0.0,0.0,0.0,0.0,0.0,0.0,0.0,0.0,0.0,0.0,0.0,0.0,0.0,0.0,0.0,0.0,0.0,0.0,0.0,0.0,0.0,0.0,0.0,0.0,0.0,0.0,0.0,0.0,0.0,0.0,0.0,0.0,0.0,0.0,0.0,0.0,0.0,0.0,0.0,0.0,0.0,0.0,0.0,0.0,0.0,0.0,0.0,0.0,0.0,0.0,0.0,0.0,0.0,0.0,0.0,0.0,0.0,0.0,0.0,0.0,0.0,0.0,0.0,0.0,0.0,0.0,0.0,0.0,0.0,0.0,0.0,0.0,0.0,0.0,0.0,0.0,0.0,0.0,0.0,0.0,0.0,0.0,0.0,0.0,0.0,0.0,0.0,0.0,0.0,0.0,0.0,0.0,0.0,0.0,0.0,0.0,0.0,0.0,0.0,0.0,0.0,0.0,0.0,0.0,0.0,0.0,0.0,0.0,0.0,0.0,0.0,0.0,0.0,0.0,0.0,0.0,0.0,0.0,0.0,0.0,0.0,0.0,0.0,0.0,0.0,0.0,0.0,0.0,0.0,0.0,0.0,0.0,0.0,0.0,0.0,0.0,0.0,0.0,0.0
328,0.0,0.0,0.0,0.0,0.0,0.0,0.0,0.0,0.0,0.0,0.0,0.0,0.0,0.0,0.0,0.0,0.0,0.0,0.0,0.0,0.0,0.0,0.0,0.0,0.0,0.0,0.0,0.0,0.0,0.0,0.0,0.0,0.0,0.0,0.0,0.0,0.0,0.0,0.0,0.0,0.0,0.0,0.0,0.0,0.0,0.0,0.0,1.0,0.0,0.0,0.0,0.0,0.0,0.0,0.0,0.0,0.0,0.0,0.0,0.0,0.0,0.0,0.0,0.0,0.0,0.0,0.0,0.0,0.0,0.0,0.0,0.0,0.0,0.0,0.0,0.0,0.0,0.0,0.0,0.0,0.0,1.0,0.0,0.0,0.0,0.0,0.0,0.0,0.0,0.0,0.0,0.0,0.0,0.0,0.0,0.0,0.0,0.0,0.0,0.0,0.0,0.0,0.0,0.0,0.0,0.0,0.0,0.0,0.0,0.0,0.0,0.0,0.0,0.0,0.0,0.0,0.0,0.0,0.0,0.0,0.0,0.0,0.0,0.0,0.0,0.0,0.0,0.0,0.0,0.0,0.0,0.0,0.0,0.0,0.0,0.0,0.0,0.0,0.0,0.0,0.0,0.0,0.0,0.0,0.0,0.0,0.0,0.0,0.0,0.0,0.0,0.0,0.0,0.0,0.0,0.0,0.0,0.0,0.0,1.0,0.0,0.0,0.0,0.0,0.0,0.0,0.0,0.0,0.0,0.0,0.0,0.0,0.0,0.0,0.0,0.0,0.0,0.0,0.0,0.0,0.0,0.0
329,0.0,0.0,0.0,2.0,0.0,0.0,0.0,0.0,0.0,0.0,0.0,0.0,0.0,0.0,0.0,0.0,0.0,0.0,0.0,0.0,0.0,0.0,0.0,1.0,0.0,0.0,0.0,0.0,0.0,0.0,0.0,0.0,0.0,0.0,0.0,0.0,0.0,0.0,0.0,0.0,0.0,0.0,0.0,0.0,0.0,0.0,2.0,0.0,0.0,0.0,0.0,0.0,0.0,0.0,0.0,0.0,0.0,1.0,0.0,0.0,0.0,1.0,1.0,1.0,1.0,0.0,0.0,2.0,0.0,2.0,0.0,1.0,2.0,0.0,0.0,0.0,0.0,0.0,0.0,0.0,0.0,0.0,0.0,0.0,0.0,0.0,0.0,0.0,0.0,0.0,0.0,0.0,0.0,0.0,0.0,0.0,0.0,0.0,0.0,0.0,0.0,0.0,0.0,0.0,0.0,0.0,0.0,0.0,0.0,0.0,0.0,0.0,0.0,0.0,0.0,0.0,0.0,0.0,0.0,0.0,0.0,0.0,0.0,0.0,0.0,0.0,0.0,0.0,0.0,0.0,0.0,0.0,0.0,0.0,0.0,0.0,0.0,0.0,0.0,0.0,0.0,0.0,0.0,0.0,0.0,0.0,0.0,0.0,0.0,0.0,0.0,0.0,0.0,0.0,0.0,0.0,0.0,0.0,0.0,0.0,0.0,0.0,0.0,0.0,0.0,0.0,0.0,0.0,0.0,0.0,0.0,0.0,0.0,0.0,0.0,0.0,0.0,0.0,0.0,0.0,0.0,0.0
330,0.0,0.0,0.0,0.0,0.0,0.0,0.0,0.0,0.0,0.0,0.0,0.0,0.0,0.0,0.0,1.0,3.0,0.0,0.0,0.0,0.0,1.0,0.0,0.0,0.0,0.0,0.0,2.0,4.0,0.0,0.0,0.0,0.0,0.0,0.0,0.0,0.0,0.0,0.0,0.0,0.0,0.0,0.0,0.0,1.0,0.0,0.0,0.0,1.0,0.0,1.0,0.0,0.0,0.0,1.0,0.0,0.0,0.0,0.0,0.0,0.0,1.0,0.0,0.0,1.0,0.0,0.0,0.0,0.0,0.0,0.0,0.0,0.0,0.0,0.0,0.0,0.0,0.0,1.0,0.0,0.0,0.0,0.0,0.0,0.0,0.0,0.0,1.0,0.0,0.0,2.0,0.0,0.0,0.0,0.0,2.0,0.0,0.0,0.0,0.0,0.0,1.0,0.0,0.0,0.0,0.0,0.0,1.0,0.0,1.0,0.0,0.0,0.0,0.0,0.0,0.0,0.0,0.0,0.0,0.0,0.0,0.0,0.0,0.0,0.0,0.0,0.0,1.0,0.0,0.0,0.0,0.0,0.0,0.0,1.0,0.0,0.0,0.0,2.0,1.0,0.0,0.0,0.0,1.0,0.0,1.0,0.0,1.0,2.0,0.0,0.0,1.0,0.0,1.0,0.0,0.0,0.0,0.0,0.0,0.0,0.0,1.0,0.0,0.0,0.0,0.0,0.0,0.0,0.0,0.0,0.0,0.0,0.0,0.0,1.0,0.0,1.0,0.0,0.0,1.0,0.0,0.0
340,0.0,0.0,0.0,0.0,0.0,0.0,0.0,0.0,0.0,0.0,0.0,0.0,0.0,0.0,0.0,0.0,0.0,0.0,0.0,0.0,0.0,0.0,0.0,1.0,0.0,0.0,0.0,0.0,0.0,0.0,0.0,0.0,0.0,0.0,0.0,0.0,0.0,0.0,0.0,0.0,0.0,0.0,0.0,0.0,1.0,0.0,0.0,0.0,0.0,0.0,0.0,0.0,0.0,0.0,0.0,3.0,0.0,0.0,0.0,0.0,0.0,0.0,0.0,0.0,0.0,0.0,0.0,0.0,0.0,0.0,0.0,0.0,0.0,0.0,0.0,0.0,0.0,0.0,0.0,0.0,0.0,0.0,0.0,0.0,0.0,0.0,0.0,0.0,0.0,1.0,1.0,0.0,1.0,0.0,0.0,0.0,0.0,0.0,0.0,0.0,0.0,0.0,0.0,0.0,0.0,0.0,0.0,0.0,0.0,0.0,0.0,0.0,0.0,0.0,0.0,0.0,0.0,0.0,0.0,0.0,0.0,0.0,0.0,0.0,1.0,0.0,0.0,0.0,0.0,0.0,2.0,0.0,0.0,0.0,0.0,0.0,0.0,0.0,0.0,0.0,0.0,0.0,0.0,0.0,0.0,0.0,0.0,0.0,0.0,0.0,0.0,0.0,0.0,0.0,0.0,0.0,0.0,0.0,0.0,0.0,0.0,0.0,0.0,0.0,0.0,0.0,0.0,0.0,0.0,0.0,0.0,0.0,0.0,0.0,0.0,0.0,0.0,0.0,0.0,0.0,1.0,0.0
341,2.0,0.0,0.0,0.0,0.0,2.0,0.0,0.0,0.0,0.0,0.0,0.0,0.0,0.0,0.0,0.0,0.0,0.0,0.0,0.0,0.0,0.0,0.0,0.0,0.0,0.0,0.0,0.0,1.0,0.0,0.0,0.0,0.0,1.0,0.0,0.0,0.0,0.0,0.0,0.0,0.0,0.0,0.0,0.0,0.0,1.0,0.0,0.0,0.0,0.0,0.0,0.0,0.0,0.0,0.0,0.0,0.0,0.0,0.0,0.0,0.0,0.0,0.0,0.0,0.0,0.0,0.0,1.0,0.0,0.0,0.0,0.0,0.0,0.0,1.0,0.0,0.0,0.0,0.0,0.0,0.0,0.0,0.0,0.0,0.0,0.0,0.0,1.0,1.0,1.0,1.0,0.0,2.0,1.0,0.0,1.0,0.0,0.0,0.0,0.0,0.0,0.0,0.0,0.0,0.0,0.0,0.0,0.0,0.0,0.0,0.0,0.0,0.0,0.0,0.0,0.0,0.0,0.0,0.0,0.0,1.0,0.0,0.0,0.0,3.0,0.0,0.0,0.0,1.0,2.0,0.0,0.0,0.0,0.0,0.0,0.0,0.0,0.0,0.0,0.0,0.0,0.0,0.0,0.0,1.0,1.0,1.0,0.0,0.0,0.0,0.0,0.0,0.0,0.0,0.0,0.0,0.0,0.0,0.0,0.0,0.0,0.0,0.0,0.0,0.0,0.0,0.0,0.0,0.0,0.0,0.0,0.0,0.0,0.0,4.0,1.0,1.0,0.0,0.0,0.0,0.0,0.0
342,2.0,0.0,0.0,1.0,0.0,0.0,2.0,0.0,0.0,0.0,0.0,0.0,0.0,0.0,0.0,0.0,0.0,0.0,0.0,0.0,1.0,0.0,0.0,0.0,0.0,0.0,0.0,0.0,3.0,0.0,0.0,0.0,0.0,5.0,0.0,0.0,0.0,0.0,0.0,0.0,0.0,0.0,0.0,0.0,0.0,0.0,0.0,0.0,0.0,2.0,0.0,1.0,0.0,0.0,0.0,0.0,0.0,0.0,0.0,0.0,0.0,0.0,0.0,0.0,0.0,0.0,0.0,1.0,1.0,0.0,0.0,0.0,0.0,0.0,0.0,2.0,0.0,2.0,0.0,2.0,1.0,0.0,0.0,5.0,0.0,2.0,3.0,1.0,2.0,0.0,2.0,0.0,0.0,2.0,0.0,5.0,0.0,0.0,0.0,0.0,0.0,0.0,6.0,2.0,1.0,0.0,3.0,2.0,1.0,0.0,0.0,0.0,2.0,0.0,0.0,0.0,0.0,4.0,0.0,0.0,1.0,0.0,0.0,0.0,2.0,0.0,0.0,0.0,0.0,2.0,0.0,0.0,0.0,1.0,0.0,0.0,2.0,0.0,3.0,0.0,0.0,1.0,0.0,0.0,0.0,1.0,0.0,0.0,1.0,0.0,0.0,0.0,0.0,2.0,0.0,0.0,0.0,0.0,0.0,0.0,0.0,0.0,0.0,0.0,2.0,0.0,1.0,0.0,0.0,0.0,0.0,0.0,0.0,2.0,1.0,0.0,0.0,0.0,0.0,0.0,0.0,0.0
343,0.0,0.0,0.0,0.0,0.0,0.0,0.0,0.0,0.0,0.0,0.0,0.0,0.0,0.0,0.0,0.0,0.0,0.0,0.0,0.0,0.0,0.0,0.0,0.0,0.0,0.0,0.0,0.0,0.0,0.0,0.0,0.0,0.0,0.0,0.0,0.0,0.0,0.0,0.0,0.0,0.0,0.0,0.0,0.0,0.0,0.0,0.0,0.0,0.0,0.0,0.0,0.0,0.0,0.0,0.0,0.0,0.0,0.0,0.0,0.0,0.0,4.0,0.0,0.0,0.0,0.0,0.0,0.0,0.0,0.0,0.0,0.0,0.0,0.0,0.0,0.0,0.0,0.0,0.0,0.0,0.0,0.0,0.0,0.0,0.0,2.0,0.0,0.0,0.0,0.0,0.0,0.0,0.0,1.0,0.0,2.0,0.0,0.0,0.0,0.0,0.0,0.0,0.0,2.0,1.0,0.0,0.0,0.0,0.0,0.0,0.0,0.0,0.0,0.0,0.0,0.0,2.0,0.0,0.0,0.0,0.0,0.0,0.0,0.0,0.0,0.0,0.0,0.0,0.0,0.0,0.0,0.0,0.0,0.0,0.0,0.0,0.0,0.0,0.0,0.0,0.0,0.0,0.0,0.0,0.0,0.0,0.0,0.0,0.0,0.0,0.0,0.0,0.0,1.0,0.0,3.0,0.0,2.0,0.0,0.0,0.0,0.0,2.0,0.0,0.0,0.0,0.0,0.0,0.0,2.0,0.0,0.0,0.0,0.0,0.0,0.0,0.0,0.0,0.0,0.0,0.0,0.0
345,0.0,0.0,0.0,0.0,0.0,0.0,0.0,0.0,0.0,0.0,0.0,0.0,0.0,0.0,0.0,0.0,0.0,0.0,0.0,0.0,0.0,0.0,0.0,0.0,0.0,0.0,0.0,0.0,0.0,0.0,0.0,0.0,0.0,0.0,0.0,0.0,0.0,0.0,0.0,0.0,0.0,0.0,0.0,0.0,0.0,0.0,0.0,0.0,0.0,0.0,0.0,0.0,0.0,1.0,1.0,0.0,0.0,0.0,0.0,0.0,0.0,8.0,0.0,0.0,0.0,0.0,0.0,0.0,0.0,0.0,0.0,0.0,0.0,0.0,0.0,0.0,0.0,0.0,0.0,0.0,0.0,0.0,0.0,0.0,0.0,0.0,0.0,0.0,0.0,0.0,0.0,0.0,0.0,0.0,0.0,0.0,0.0,0.0,0.0,0.0,0.0,0.0,0.0,0.0,0.0,0.0,0.0,0.0,0.0,0.0,0.0,0.0,1.0,0.0,0.0,0.0,0.0,0.0,0.0,0.0,0.0,0.0,0.0,0.0,0.0,0.0,0.0,0.0,0.0,0.0,0.0,0.0,0.0,1.0,0.0,0.0,0.0,0.0,0.0,0.0,0.0,0.0,0.0,0.0,0.0,0.0,0.0,0.0,0.0,0.0,0.0,0.0,0.0,0.0,0.0,0.0,0.0,0.0,0.0,0.0,0.0,0.0,0.0,0.0,0.0,0.0,0.0,1.0,0.0,0.0,0.0,0.0,1.0,0.0,0.0,0.0,0.0,0.0,0.0,0.0,0.0,0.0
346,0.0,0.0,0.0,0.0,0.0,0.0,0.0,0.0,0.0,0.0,0.0,0.0,0.0,0.0,0.0,0.0,0.0,0.0,0.0,0.0,0.0,0.0,0.0,0.0,0.0,0.0,0.0,0.0,0.0,0.0,0.0,0.0,0.0,0.0,0.0,0.0,0.0,0.0,0.0,0.0,0.0,0.0,0.0,0.0,0.0,0.0,0.0,0.0,0.0,1.0,0.0,0.0,0.0,0.0,0.0,0.0,0.0,0.0,0.0,0.0,0.0,0.0,0.0,0.0,0.0,0.0,0.0,0.0,0.0,0.0,0.0,0.0,0.0,0.0,0.0,0.0,0.0,0.0,0.0,0.0,0.0,0.0,0.0,0.0,0.0,0.0,0.0,0.0,0.0,0.0,0.0,0.0,0.0,0.0,0.0,1.0,0.0,0.0,0.0,0.0,0.0,0.0,0.0,0.0,0.0,0.0,0.0,0.0,0.0,0.0,0.0,0.0,0.0,0.0,0.0,0.0,0.0,0.0,0.0,0.0,0.0,0.0,0.0,0.0,0.0,0.0,0.0,0.0,0.0,0.0,0.0,0.0,0.0,0.0,0.0,0.0,0.0,0.0,0.0,0.0,0.0,0.0,0.0,0.0,1.0,0.0,1.0,0.0,0.0,0.0,0.0,0.0,0.0,0.0,0.0,0.0,0.0,0.0,1.0,0.0,0.0,0.0,0.0,0.0,0.0,0.0,0.0,0.0,0.0,0.0,0.0,0.0,0.0,0.0,0.0,0.0,0.0,0.0,0.0,0.0,0.0,0.0
348,0.0,0.0,0.0,0.0,0.0,1.0,0.0,0.0,0.0,0.0,0.0,0.0,0.0,0.0,0.0,0.0,0.0,0.0,0.0,0.0,0.0,0.0,0.0,0.0,0.0,0.0,0.0,0.0,0.0,0.0,0.0,0.0,0.0,0.0,0.0,0.0,0.0,0.0,0.0,0.0,0.0,0.0,0.0,0.0,0.0,0.0,0.0,0.0,0.0,0.0,0.0,0.0,0.0,0.0,0.0,0.0,0.0,0.0,0.0,0.0,0.0,0.0,0.0,0.0,0.0,0.0,0.0,0.0,0.0,0.0,0.0,0.0,0.0,0.0,0.0,0.0,0.0,0.0,0.0,0.0,0.0,0.0,0.0,0.0,0.0,0.0,0.0,0.0,0.0,0.0,0.0,0.0,0.0,0.0,0.0,0.0,0.0,0.0,0.0,0.0,0.0,0.0,0.0,0.0,0.0,0.0,0.0,0.0,0.0,0.0,0.0,0.0,0.0,0.0,0.0,0.0,0.0,0.0,0.0,0.0,0.0,0.0,0.0,0.0,0.0,0.0,0.0,0.0,0.0,0.0,0.0,0.0,0.0,0.0,0.0,0.0,0.0,0.0,0.0,0.0,0.0,0.0,0.0,0.0,0.0,0.0,0.0,0.0,0.0,0.0,0.0,0.0,0.0,0.0,0.0,0.0,0.0,0.0,0.0,0.0,0.0,0.0,0.0,0.0,0.0,0.0,0.0,0.0,0.0,0.0,0.0,0.0,0.0,0.0,0.0,0.0,0.0,0.0,0.0,0.0,0.0,0.0
349,0.0,0.0,0.0,0.0,0.0,1.0,0.0,0.0,0.0,0.0,0.0,0.0,0.0,0.0,0.0,0.0,0.0,0.0,0.0,0.0,0.0,0.0,0.0,0.0,0.0,0.0,0.0,0.0,0.0,0.0,0.0,0.0,0.0,0.0,0.0,0.0,0.0,0.0,0.0,0.0,0.0,0.0,0.0,0.0,0.0,0.0,0.0,0.0,0.0,0.0,0.0,0.0,0.0,0.0,0.0,0.0,0.0,0.0,0.0,0.0,0.0,0.0,0.0,0.0,0.0,0.0,0.0,0.0,0.0,0.0,0.0,0.0,0.0,0.0,0.0,0.0,0.0,0.0,0.0,0.0,0.0,0.0,0.0,0.0,0.0,0.0,0.0,0.0,0.0,0.0,0.0,0.0,0.0,0.0,0.0,0.0,0.0,0.0,0.0,0.0,0.0,0.0,0.0,0.0,0.0,0.0,0.0,0.0,0.0,0.0,0.0,0.0,0.0,0.0,0.0,0.0,0.0,0.0,0.0,0.0,0.0,0.0,0.0,0.0,0.0,0.0,0.0,0.0,0.0,0.0,0.0,0.0,0.0,0.0,0.0,0.0,0.0,0.0,0.0,0.0,0.0,0.0,0.0,0.0,0.0,0.0,0.0,0.0,0.0,0.0,0.0,0.0,0.0,0.0,0.0,0.0,0.0,0.0,0.0,0.0,0.0,0.0,0.0,0.0,0.0,0.0,0.0,0.0,0.0,0.0,0.0,0.0,0.0,0.0,0.0,0.0,0.0,0.0,0.0,0.0,0.0,0.0
360,0.0,0.0,0.0,0.0,1.0,2.0,0.0,0.0,0.0,2.0,0.0,0.0,0.0,0.0,0.0,1.0,0.0,0.0,1.0,0.0,0.0,0.0,0.0,0.0,0.0,0.0,0.0,0.0,0.0,0.0,0.0,0.0,0.0,1.0,0.0,0.0,3.0,0.0,0.0,1.0,0.0,0.0,0.0,0.0,0.0,0.0,0.0,0.0,0.0,0.0,0.0,0.0,0.0,0.0,0.0,0.0,0.0,0.0,0.0,0.0,0.0,1.0,0.0,0.0,1.0,0.0,0.0,0.0,0.0,0.0,0.0,0.0,0.0,0.0,0.0,0.0,0.0,0.0,0.0,1.0,0.0,0.0,0.0,0.0,0.0,0.0,0.0,1.0,0.0,1.0,0.0,0.0,0.0,0.0,0.0,0.0,0.0,0.0,0.0,0.0,0.0,0.0,3.0,1.0,0.0,0.0,0.0,0.0,0.0,0.0,0.0,0.0,0.0,0.0,0.0,0.0,0.0,0.0,0.0,0.0,0.0,0.0,0.0,0.0,0.0,0.0,0.0,0.0,0.0,0.0,0.0,0.0,0.0,0.0,0.0,0.0,1.0,0.0,0.0,0.0,0.0,0.0,0.0,0.0,0.0,0.0,0.0,1.0,0.0,1.0,0.0,1.0,2.0,1.0,0.0,0.0,0.0,0.0,0.0,0.0,0.0,0.0,1.0,0.0,0.0,0.0,0.0,0.0,0.0,0.0,0.0,0.0,0.0,0.0,0.0,0.0,0.0,2.0,1.0,0.0,0.0,0.0
400,0.0,0.0,0.0,2.0,0.0,0.0,0.0,0.0,0.0,1.0,0.0,0.0,0.0,1.0,1.0,0.0,0.0,0.0,0.0,1.0,0.0,1.0,1.0,0.0,0.0,0.0,0.0,0.0,0.0,0.0,0.0,0.0,0.0,0.0,0.0,0.0,0.0,0.0,0.0,0.0,0.0,1.0,0.0,1.0,0.0,0.0,0.0,0.0,1.0,0.0,0.0,0.0,0.0,0.0,1.0,1.0,0.0,1.0,1.0,0.0,0.0,0.0,0.0,0.0,0.0,0.0,0.0,0.0,0.0,0.0,0.0,0.0,0.0,0.0,0.0,0.0,0.0,1.0,0.0,0.0,0.0,0.0,0.0,0.0,0.0,0.0,0.0,0.0,0.0,0.0,1.0,0.0,0.0,1.0,0.0,0.0,0.0,0.0,0.0,0.0,0.0,0.0,0.0,1.0,0.0,1.0,0.0,0.0,0.0,0.0,0.0,0.0,0.0,1.0,0.0,1.0,0.0,0.0,0.0,0.0,0.0,1.0,0.0,0.0,0.0,0.0,0.0,0.0,0.0,0.0,0.0,0.0,0.0,0.0,1.0,0.0,0.0,0.0,1.0,0.0,0.0,0.0,0.0,0.0,0.0,0.0,0.0,0.0,0.0,0.0,0.0,1.0,1.0,0.0,0.0,0.0,0.0,1.0,1.0,0.0,0.0,1.0,0.0,0.0,0.0,0.0,0.0,0.0,0.0,0.0,0.0,0.0,0.0,0.0,0.0,0.0,0.0,0.0,0.0,0.0,0.0,1.0
