pluno,2016-02-01/2016-02-29,2016-03-01/2016-03-31,2016-04-01/2016-04-30,2016-05-01/2016-05-31,2016-06-01/2016-06-30,2016-07-01/2016-07-31
10000,18.0,14.0,25.0,18.0,24.0,23.0
10001,9.0,2.0,2.0,5.0,5.0,4.0
10002,5.0,9.0,15.0,17.0,19.0,13.0
10008,9.0,0.0,6.0,6.0,5.0,0.0
10100,1.0,0.0,0.0,6.0,5.0,5.0
10101,1.0,0.0,0.0,0.0,0.0,0.0
10102,3.0,0.0,0.0,0.0,1.0,0.0
10103,2.0,0.0,0.0,1.0,0.0,3.0
10109,7.0,0.0,4.0,1.0,4.0,8.0
10110,13.0,4.0,3.0,8.0,8.0,8.0
10111,1.0,0.0,1.0,4.0,0.0,1.0
10112,6.0,0.0,0.0,2.0,1.0,4.0
10113,12.0,3.0,0.0,4.0,5.0,1.0
10114,3.0,4.0,3.0,1.0,2.0,1.0
10116,35.0,15.0,11.0,12.0,1.0,8.0
10117,0.0,0.0,4.0,1.0,3.0,0.0
10119,83.0,14.0,25.0,12.0,13.0,19.0
10120,0.0,0.0,0.0,0.0,1.0,0.0
10130,3.0,4.0,2.0,6.0,15.0,14.0
10131,1.0,2.0,2.0,15.0,10.0,16.0
10132,1.0,4.0,3.0,7.0,13.0,10.0
10133,0.0,0.0,1.0,0.0,3.0,4.0
10135,10.0,3.0,1.0,5.0,3.0,1.0
10136,8.0,4.0,4.0,0.0,7.0,7.0
10137,2.0,7.0,5.0,0.0,2.0,3.0
10140,6.0,9.0,8.0,9.0,6.0,38.0
10141,40.0,49.0,74.0,39.0,51.0,92.0
10150,22.0,22.0,23.0,23.0,57.0,10.0
10151,5.0,5.0,21.0,1.0,11.0,16.0
10152,3.0,1.0,14.0,1.0,6.0,10.0
10153,1.0,0.0,0.0,0.0,0.0,0.0
10200,5.0,13.0,1.0,5.0,3.0,3.0
10201,51.0,14.0,41.0,26.0,26.0,2.0
10202,0.0,1.0,0.0,0.0,0.0,0.0
10203,0.0,0.0,0.0,0.0,0.0,2.0
10300,39.0,2.0,14.0,79.0,13.0,20.0
10309,3.0,3.0,0.0,0.0,0.0,0.0
10310,0.0,1.0,2.0,0.0,30.0,15.0
10312,0.0,0.0,3.0,0.0,6.0,0.0
10319,0.0,0.0,1.0,2.0,0.0,0.0
10400,4.0,0.0,0.0,0.0,1.0,0.0
10401,12.0,0.0,3.0,3.0,5.0,22.0
10410,1.0,1.0,0.0,0.0,0.0,0.0
10411,0.0,1.0,0.0,0.0,0.0,0.0
10420,6.0,0.0,1.0,0.0,0.0,1.0
10421,5.0,1.0,0.0,0.0,0.0,0.0
10422,4.0,1.0,1.0,0.0,0.0,3.0
10435,10.0,3.0,4.0,2.0,5.0,4.0
10439,2.0,0.0,1.0,0.0,1.0,0.0
10440,4.0,2.0,0.0,0.0,0.0,0.0
10441,3.0,0.0,1.0,6.0,0.0,1.0
10443,1.0,0.0,0.0,0.0,0.0,0.0
10450,1.0,0.0,0.0,1.0,0.0,6.0
10454,2.0,0.0,1.0,0.0,0.0,0.0
10501,22.0,2.0,36.0,12.0,0.0,0.0
10502,1.0,6.0,2.0,11.0,1.0,0.0
10603,1.0,0.0,0.0,0.0,0.0,0.0
10701,0.0,0.0,0.0,18.0,52.0,0.0
11000,0.0,1.0,0.0,0.0,0.0,1.0
11002,1.0,0.0,0.0,0.0,0.0,0.0
11003,0.0,0.0,1.0,0.0,0.0,0.0
11004,4.0,1.0,0.0,0.0,0.0,1.0
11005,2.0,1.0,0.0,1.0,0.0,0.0
11006,0.0,0.0,0.0,1.0,0.0,2.0
11008,1.0,0.0,1.0,0.0,0.0,0.0
11010,0.0,1.0,0.0,0.0,0.0,0.0
11011,7.0,7.0,2.0,6.0,3.0,1.0
11020,3.0,0.0,1.0,0.0,0.0,3.0
11022,7.0,5.0,4.0,3.0,2.0,1.0
11023,1.0,0.0,0.0,0.0,0.0,0.0
11030,0.0,0.0,2.0,0.0,0.0,0.0
11031,0.0,0.0,0.0,0.0,0.0,1.0
11034,0.0,1.0,0.0,1.0,0.0,0.0
11040,0.0,0.0,0.0,0.0,1.0,0.0
11041,0.0,0.0,0.0,0.0,3.0,3.0
11042,0.0,0.0,0.0,0.0,1.0,3.0
11043,0.0,0.0,0.0,0.0,1.0,1.0
11044,0.0,0.0,1.0,3.0,5.0,2.0
11046,0.0,0.0,1.0,2.0,1.0,1.0
11050,0.0,0.0,0.0,1.0,0.0,0.0
11051,0.0,0.0,0.0,0.0,1.0,0.0
11052,2.0,4.0,2.0,0.0,2.0,0.0
11054,5.0,2.0,5.0,2.0,1.0,3.0
11055,1.0,3.0,0.0,0.0,0.0,0.0
11056,0.0,14.0,48.0,9.0,4.0,5.0
11057,1.0,11.0,7.0,1.0,4.0,6.0
11058,1.0,0.0,1.0,0.0,0.0,0.0
11100,0.0,0.0,1.0,0.0,1.0,2.0
11101,1.0,0.0,2.0,0.0,0.0,1.0
11102,1.0,0.0,0.0,1.0,5.0,1.0
11103,0.0,0.0,0.0,1.0,1.0,2.0
11104,1.0,2.0,2.0,5.0,0.0,3.0
11105,0.0,0.0,0.0,0.0,1.0,0.0
11110,12.0,13.0,48.0,152.0,43.0,9.0
11111,3.0,2.0,1.0,1.0,0.0,1.0
11112,2.0,2.0,0.0,3.0,0.0,0.0
11114,3.0,1.0,1.0,0.0,0.0,0.0
11115,0.0,0.0,2.0,0.0,0.0,5.0
11116,0.0,0.0,0.0,1.0,1.0,0.0
11120,0.0,1.0,0.0,0.0,0.0,0.0
11121,0.0,0.0,2.0,0.0,2.0,0.0
11140,0.0,0.0,0.0,0.0,0.0,1.0
11141,4.0,1.0,2.0,1.0,0.0,6.0
11200,1.0,2.0,1.0,2.0,3.0,6.0
11201,1.0,2.0,0.0,0.0,0.0,1.0
11204,1.0,0.0,0.0,0.0,0.0,0.0
11205,0.0,2.0,0.0,0.0,0.0,1.0
11210,0.0,2.0,0.0,1.0,0.0,0.0
11212,0.0,0.0,0.0,0.0,0.0,3.0
11220,14.0,4.0,5.0,1.0,8.0,5.0
11221,11.0,3.0,0.0,4.0,4.0,3.0
11222,0.0,2.0,3.0,1.0,4.0,2.0
11230,8.0,3.0,9.0,3.0,3.0,8.0
11231,3.0,2.0,4.0,2.0,1.0,3.0
11232,0.0,1.0,0.0,0.0,0.0,0.0
11233,3.0,3.0,3.0,2.0,3.0,0.0
11234,0.0,1.0,0.0,0.0,0.0,0.0
11235,0.0,0.0,0.0,0.0,1.0,0.0
11240,3.0,2.0,2.0,2.0,0.0,0.0
11241,1.0,3.0,2.0,2.0,0.0,5.0
11250,0.0,0.0,0.0,0.0,5.0,7.0
11300,12.0,20.0,11.0,25.0,15.0,18.0
11301,10.0,2.0,7.0,8.0,4.0,10.0
11302,1.0,4.0,2.0,4.0,1.0,6.0
11303,13.0,17.0,20.0,12.0,11.0,13.0
11304,3.0,1.0,5.0,4.0,0.0,5.0
11305,2.0,0.0,1.0,0.0,4.0,0.0
11311,1.0,0.0,0.0,1.0,1.0,1.0
11312,1.0,0.0,0.0,0.0,0.0,0.0
11313,0.0,0.0,0.0,1.0,0.0,1.0
11400,2.0,3.0,3.0,2.0,1.0,0.0
11413,1.0,0.0,0.0,0.0,0.0,0.0
11500,15.0,20.0,7.0,16.0,15.0,25.0
11501,15.0,10.0,14.0,5.0,11.0,16.0
11502,4.0,5.0,6.0,3.0,6.0,1.0
11503,0.0,0.0,0.0,0.0,0.0,2.0
11504,0.0,4.0,4.0,1.0,0.0,3.0
11506,0.0,0.0,0.0,1.0,1.0,0.0
11507,0.0,0.0,2.0,6.0,0.0,0.0
11508,1.0,2.0,4.0,0.0,0.0,0.0
11511,4.0,1.0,2.0,5.0,4.0,2.0
11513,1.0,0.0,0.0,0.0,0.0,0.0
11521,7.0,3.0,6.0,4.0,2.0,2.0
11522,3.0,0.0,4.0,0.0,4.0,4.0
11530,1.0,1.0,0.0,2.0,1.0,0.0
11531,9.0,10.0,4.0,4.0,3.0,11.0
11532,4.0,4.0,15.0,6.0,10.0,19.0
11533,1.0,12.0,20.0,20.0,8.0,10.0
11540,2.0,0.0,0.0,1.0,0.0,2.0
11543,0.0,0.0,0.0,1.0,0.0,0.0
14000,3.0,4.0,10.0,8.0,10.0,15.0
14001,0.0,2.0,1.0,1.0,1.0,0.0
14002,1.0,1.0,1.0,0.0,1.0,0.0
14010,8.0,21.0,12.0,7.0,7.0,7.0
14011,0.0,1.0,1.0,1.0,0.0,0.0
14012,0.0,2.0,0.0,0.0,2.0,0.0
14013,4.0,3.0,11.0,4.0,7.0,3.0
14014,2.0,1.0,2.0,0.0,2.0,3.0
14015,4.0,5.0,2.0,0.0,1.0,7.0
14020,5.0,3.0,4.0,1.0,1.0,3.0
14021,2.0,1.0,5.0,4.0,7.0,3.0
14022,2.0,4.0,0.0,3.0,3.0,0.0
14031,2.0,0.0,1.0,1.0,1.0,3.0
14032,4.0,3.0,1.0,1.0,6.0,1.0
14033,5.0,2.0,3.0,4.0,8.0,7.0
14034,7.0,1.0,3.0,1.0,8.0,3.0
14040,1.0,0.0,1.0,1.0,1.0,5.0
14041,0.0,0.0,2.0,0.0,1.0,0.0
14042,0.0,0.0,0.0,0.0,0.0,1.0
14043,5.0,1.0,4.0,3.0,1.0,4.0
14050,3.0,5.0,13.0,2.0,5.0,4.0
14051,0.0,0.0,2.0,1.0,1.0,1.0
14052,7.0,10.0,13.0,6.0,8.0,5.0
14054,8.0,3.0,13.0,3.0,8.0,9.0
14060,6.0,5.0,2.0,2.0,5.0,4.0
14061,3.0,1.0,2.0,0.0,0.0,1.0
14063,0.0,0.0,0.0,0.0,0.0,5.0
14064,4.0,5.0,1.0,1.0,1.0,1.0
14070,2.0,2.0,2.0,2.0,1.0,2.0
14071,0.0,0.0,0.0,0.0,0.0,2.0
14072,1.0,3.0,6.0,2.0,0.0,3.0
14073,3.0,2.0,7.0,4.0,5.0,6.0
14074,0.0,0.0,1.0,3.0,2.0,3.0
14075,1.0,2.0,3.0,1.0,2.0,3.0
14076,6.0,10.0,12.0,10.0,12.0,15.0
14077,2.0,2.0,4.0,3.0,0.0,1.0
14078,0.0,0.0,1.0,1.0,0.0,1.0
14079,2.0,0.0,1.0,2.0,3.0,0.0
14080,6.0,4.0,9.0,7.0,6.0,6.0
14081,2.0,1.0,2.0,3.0,2.0,3.0
14082,31.0,4.0,14.0,8.0,11.0,20.0
14083,3.0,5.0,6.0,0.0,4.0,2.0
14084,1.0,2.0,1.0,1.0,2.0,0.0
14090,10.0,13.0,10.0,10.0,22.0,9.0
14091,20.0,17.0,36.0,29.0,30.0,26.0
14092,24.0,20.0,22.0,33.0,34.0,42.0
14093,5.0,0.0,5.0,1.0,2.0,0.0
14094,1.0,1.0,1.0,1.0,1.0,0.0
14100,11.0,2.0,2.0,5.0,0.0,2.0
14101,8.0,4.0,5.0,4.0,1.0,7.0
14102,0.0,0.0,0.0,0.0,1.0,0.0
14103,0.0,1.0,0.0,0.0,1.0,0.0
14105,3.0,3.0,1.0,3.0,3.0,4.0
14107,1.0,1.0,5.0,3.0,0.0,0.0
14108,2.0,0.0,0.0,0.0,2.0,2.0
14110,1.0,1.0,2.0,0.0,1.0,0.0
14111,1.0,1.0,2.0,4.0,0.0,1.0
14112,9.0,4.0,2.0,6.0,6.0,4.0
14113,0.0,1.0,1.0,0.0,0.0,0.0
14120,2.0,3.0,1.0,7.0,3.0,3.0
14121,4.0,5.0,8.0,9.0,9.0,8.0
14122,0.0,0.0,0.0,0.0,0.0,1.0
14130,9.0,10.0,23.0,9.0,10.0,4.0
14131,7.0,9.0,7.0,10.0,1.0,2.0
14132,5.0,4.0,5.0,11.0,1.0,7.0
14133,0.0,1.0,2.0,0.0,0.0,1.0
14140,7.0,2.0,6.0,4.0,1.0,3.0
14141,1.0,2.0,2.0,0.0,0.0,1.0
14142,3.0,4.0,9.0,3.0,1.0,2.0
14144,0.0,0.0,0.0,1.0,0.0,0.0
14145,4.0,0.0,0.0,2.0,0.0,0.0
14200,11.0,9.0,15.0,11.0,7.0,17.0
14201,1.0,1.0,3.0,0.0,0.0,0.0
14202,0.0,0.0,2.0,0.0,2.0,0.0
14203,7.0,1.0,4.0,4.0,2.0,3.0
14205,0.0,0.0,0.0,0.0,0.0,2.0
14207,1.0,1.0,2.0,2.0,0.0,0.0
14208,1.0,0.0,3.0,0.0,1.0,0.0
14209,0.0,0.0,7.0,0.0,2.0,2.0
14211,0.0,0.0,1.0,1.0,0.0,0.0
14215,0.0,1.0,0.0,0.0,0.0,0.0
14216,0.0,0.0,1.0,0.0,0.0,0.0
14220,0.0,1.0,2.0,0.0,0.0,0.0
14221,0.0,0.0,0.0,0.0,1.0,0.0
14222,3.0,4.0,6.0,2.0,6.0,8.0
14223,2.0,1.0,0.0,0.0,1.0,1.0
14230,0.0,0.0,1.0,0.0,0.0,0.0
14231,0.0,2.0,3.0,1.0,2.0,1.0
14232,1.0,0.0,2.0,2.0,1.0,1.0
14233,0.0,1.0,0.0,0.0,0.0,0.0
14234,0.0,0.0,0.0,0.0,1.0,0.0
14240,1.0,0.0,6.0,1.0,0.0,1.0
14241,0.0,2.0,4.0,4.0,9.0,6.0
14242,1.0,1.0,0.0,0.0,0.0,0.0
14243,1.0,1.0,2.0,4.0,1.0,4.0
14250,3.0,3.0,1.0,7.0,4.0,4.0
14251,0.0,0.0,0.0,0.0,0.0,1.0
14252,1.0,0.0,1.0,3.0,1.0,0.0
14253,0.0,1.0,0.0,0.0,7.0,0.0
14255,0.0,3.0,0.0,0.0,0.0,1.0
14256,0.0,0.0,0.0,0.0,2.0,2.0
14257,0.0,0.0,0.0,0.0,1.0,0.0
14258,3.0,1.0,1.0,5.0,1.0,2.0
14260,1.0,4.0,3.0,3.0,0.0,0.0
14261,1.0,3.0,1.0,2.0,2.0,5.0
14270,1.0,1.0,1.0,0.0,0.0,1.0
14271,3.0,1.0,0.0,0.0,0.0,0.0
14272,0.0,1.0,0.0,0.0,1.0,0.0
14275,5.0,8.0,3.0,10.0,5.0,14.0
14276,0.0,1.0,0.0,0.0,0.0,0.0
14280,1.0,0.0,1.0,0.0,2.0,3.0
14281,1.0,1.0,1.0,1.0,5.0,1.0
14282,0.0,0.0,0.0,0.0,0.0,1.0
14283,0.0,0.0,1.0,0.0,0.0,0.0
14284,2.0,3.0,1.0,1.0,5.0,1.0
14286,0.0,0.0,0.0,0.0,0.0,10.0
14300,3.0,7.0,6.0,8.0,7.0,24.0
14310,1.0,5.0,1.0,2.0,3.0,2.0
14340,2.0,0.0,0.0,0.0,0.0,0.0
14342,5.0,2.0,0.0,0.0,0.0,0.0
14351,2.0,0.0,0.0,0.0,0.0,0.0
14352,3.0,0.0,0.0,1.0,0.0,0.0
14362,0.0,0.0,0.0,0.0,0.0,1.0
14366,1.0,0.0,0.0,0.0,0.0,0.0
14400,0.0,0.0,0.0,0.0,0.847,0.0
14401,6.802,0.226,0.0,0.17,0.0,0.0
14402,0.0,0.856,0.522,1.228,0.5660000000000001,0.8
14403,0.29600000000000004,0.648,0.666,2.692,1.402,3.646000000000001
14404,0.0,0.0,0.096,0.492,0.0,0.0
14405,0.0,0.9400000000000001,0.18,0.0,0.11800000000000001,0.0
14406,0.0,0.162,0.706,0.0,2.7300000000000004,0.0
14407,0.0,0.418,0.23800000000000002,1.338,0.182,0.728
14409,0.0,0.0,0.426,0.594,0.35,0.56
14500,0.0,0.0,0.0,0.0,0.0,1.0
14503,0.0,0.0,0.0,1.0,0.0,0.0
14504,0.0,1.0,2.0,0.0,0.0,0.0
14505,0.0,0.0,0.0,1.0,0.0,0.0
14506,0.0,0.0,0.0,1.0,2.0,1.0
14510,0.0,0.0,0.0,2.0,1.0,2.0
14513,13.0,15.0,6.0,1.0,2.0,0.0
14515,1.0,2.0,0.0,0.0,1.0,4.0
14520,1.0,0.0,0.0,3.0,1.0,0.0
14521,1.0,1.0,4.0,2.0,5.0,3.0
14525,3.0,2.0,2.0,1.0,2.0,0.0
14528,1.0,0.0,0.0,0.0,0.0,0.0
14529,0.0,0.0,0.0,1.0,0.0,1.0
14530,1.0,1.0,4.0,4.0,3.0,4.0
14531,2.0,2.0,5.0,1.0,0.0,5.0
14532,0.0,1.0,0.0,0.0,0.0,0.0
14533,0.0,0.0,0.0,1.0,0.0,2.0
14534,0.0,0.0,0.0,1.0,0.0,0.0
14540,0.0,1.0,2.0,1.0,0.0,0.0
14541,1.0,0.0,1.0,0.0,1.0,3.0
14543,1.0,2.0,0.0,0.0,0.0,0.0
14550,0.0,1.0,0.0,0.0,0.0,0.0
14551,1.0,1.0,0.0,0.0,0.0,2.0
14552,0.0,5.0,0.0,6.0,0.0,3.0
14560,1.0,2.0,1.0,2.0,3.0,2.0
14561,1.0,0.0,0.0,0.0,0.0,0.0
14563,2.0,0.0,0.0,1.0,2.0,0.0
14570,3.0,2.0,1.0,2.0,1.0,2.0
14572,1.0,1.0,0.0,0.0,0.0,1.0
14573,0.0,4.0,1.0,1.0,1.0,2.0
14580,1.0,3.0,2.0,1.0,0.0,2.0
14581,0.0,0.0,0.0,3.0,0.0,0.0
14582,0.0,0.0,0.0,0.0,0.0,1.0
14583,1.0,1.0,0.0,1.0,0.0,0.0
14584,0.0,0.0,0.0,1.0,0.0,3.0
14585,0.0,2.0,1.0,1.0,1.0,1.0
14590,0.0,1.0,0.0,0.0,0.0,1.0
14593,3.0,4.0,2.0,8.0,0.0,3.0
14594,2.0,4.0,10.0,4.0,5.0,4.0
14596,1.0,2.0,7.0,5.0,3.0,1.0
14600,0.0,0.0,0.0,2.0,0.0,1.0
14613,2.0,0.0,0.0,0.0,0.0,0.0
14617,0.0,1.0,0.0,0.0,0.0,0.0
14620,1.0,0.0,1.0,0.0,0.0,0.0
14630,5.0,2.0,7.0,0.0,3.0,2.0
14631,0.0,1.0,4.0,0.0,0.0,0.0
14632,1.0,0.0,2.0,1.0,0.0,0.0
14633,1.0,0.0,4.0,0.0,1.0,2.0
14635,0.0,0.0,2.0,0.0,0.0,1.0
14636,4.0,0.0,2.0,5.0,2.0,1.0
14640,1.0,0.0,0.0,0.0,0.0,0.0
14644,3.0,0.0,0.0,0.0,1.0,1.0
14650,2.0,4.0,0.0,0.0,3.0,0.0
14651,1.0,1.0,0.0,1.0,2.0,1.0
14652,0.0,0.0,0.0,0.0,0.0,1.0
14653,2.0,0.0,0.0,0.0,0.0,0.0
14654,0.0,0.0,0.0,1.0,1.0,0.0
14655,3.0,0.0,1.0,0.0,0.0,0.0
14660,0.0,1.0,0.0,0.0,0.0,0.0
14661,11.0,5.0,2.0,2.0,0.0,1.0
14663,1.0,0.0,1.0,0.0,0.0,0.0
14700,0.0,3.0,1.0,1.0,1.0,6.0
14701,3.0,3.0,0.0,1.0,2.0,1.0
14702,0.0,0.0,0.0,0.0,0.0,1.0
14703,0.0,0.0,0.0,1.0,0.0,0.0
14705,2.0,1.0,1.0,0.0,0.0,0.0
14710,6.0,2.0,4.0,1.0,3.0,2.0
14713,0.0,0.0,0.0,0.0,1.0,0.0
14714,1.0,1.0,0.0,1.0,0.0,1.0
14715,0.0,1.0,1.0,0.0,1.0,0.0
14720,3.0,4.0,3.0,2.0,3.0,0.0
14721,23.0,24.0,15.0,19.0,14.0,17.0
14722,27.0,13.0,19.0,17.0,11.0,18.0
14723,17.0,5.0,3.0,1.0,0.0,1.0
14730,2.0,0.0,0.0,0.0,0.0,0.0
14732,0.0,0.0,2.0,0.0,0.0,1.0
14733,2.0,0.0,0.0,1.0,2.0,2.0
14741,1.0,0.0,0.0,0.0,1.0,1.0
14750,17.0,21.0,13.0,20.0,11.0,24.0
14753,2.0,1.0,0.0,1.0,4.0,2.0
14754,4.0,0.0,1.0,5.0,1.0,7.0
14760,0.0,1.0,0.0,0.0,0.0,0.0
14761,0.0,0.0,0.0,0.0,0.0,2.0
14763,0.0,0.0,0.0,1.0,1.0,0.0
14770,3.0,2.0,2.0,1.0,2.0,1.0
14771,1.0,1.0,0.0,0.0,0.0,0.0
14772,0.0,0.0,0.0,1.0,2.0,1.0
14774,1.0,2.0,0.0,2.0,2.0,3.0
14775,0.0,0.0,1.0,0.0,0.0,1.0
14777,3.0,1.0,0.0,0.0,0.0,0.0
14800,3.0,6.0,3.0,7.0,3.0,6.0
14801,1.0,4.0,0.0,1.0,3.0,4.0
14802,11.0,16.0,6.0,13.0,14.0,19.0
14803,0.0,0.0,0.0,0.0,1.0,0.0
14804,2.0,1.0,0.0,0.0,1.0,1.0
14810,2.0,0.0,1.0,3.0,0.0,0.0
14811,6.0,3.0,4.0,3.0,4.0,4.0
14812,7.0,1.0,5.0,6.0,3.0,6.0
14813,1.0,2.0,3.0,5.0,4.0,1.0
14814,2.0,3.0,3.0,3.0,2.0,2.0
14815,3.0,5.0,2.0,13.0,4.0,5.0
14816,0.0,0.0,0.0,1.0,0.0,0.0
14818,0.0,1.0,0.0,0.0,0.0,0.0
14820,5.0,2.0,2.0,6.0,0.0,1.0
14821,0.0,1.0,0.0,1.0,0.0,0.0
14822,5.0,7.0,3.0,7.0,3.0,1.0
14823,2.0,0.0,1.0,1.0,1.0,0.0
14824,0.0,0.0,0.0,1.0,0.0,0.0
14826,2.0,0.0,4.0,3.0,0.0,2.0
14827,0.0,1.0,0.0,0.0,0.0,1.0
14828,0.0,3.0,0.0,0.0,0.0,1.0
14830,10.0,6.0,5.0,4.0,7.0,10.0
14831,10.0,9.0,10.0,6.0,8.0,13.0
14832,0.0,1.0,1.0,0.0,0.0,0.0
14833,2.0,4.0,6.0,3.0,0.0,4.0
14834,30.0,2.0,2.0,0.0,0.0,6.0
14835,15.0,3.0,2.0,2.0,0.0,0.0
14836,5.0,4.0,4.0,2.0,4.0,4.0
14837,8.0,0.0,3.0,3.0,6.0,3.0
14838,3.0,0.0,0.0,0.0,0.0,1.0
14839,1.0,3.0,5.0,3.0,3.0,3.0
14840,1.0,3.0,0.0,3.0,1.0,0.0
14841,3.0,7.0,0.0,3.0,4.0,5.0
14842,8.0,0.0,1.0,11.0,2.0,5.0
14843,3.0,6.0,3.0,3.0,1.0,2.0
14844,8.0,6.0,3.0,5.0,3.0,5.0
14845,9.0,3.0,11.0,4.0,1.0,1.0
14846,10.0,9.0,1.0,2.0,4.0,2.0
14847,341.0,0.0,1.0,1.0,1.0,1.0
14850,2.0,3.0,2.0,0.0,1.0,1.0
14851,2.0,3.0,2.0,2.0,2.0,1.0
14852,0.0,1.0,0.0,0.0,0.0,0.0
14853,0.0,0.0,6.0,0.0,0.0,0.0
14860,15.0,35.0,19.0,31.0,14.0,31.0
14861,2.0,4.0,1.0,5.0,5.0,5.0
14862,0.0,2.0,0.0,0.0,0.0,2.0
14863,3.0,3.0,10.0,2.0,4.0,3.0
14865,0.0,0.0,1.0,0.0,0.0,0.0
14870,4.0,1.0,0.0,2.0,2.0,3.0
14871,3.0,2.0,0.0,1.0,0.0,1.0
14872,1.0,2.0,0.0,2.0,0.0,1.0
14873,7.0,14.0,6.0,22.0,8.0,1.0
14874,1.0,1.0,1.0,0.0,1.0,0.0
14900,20.0,20.0,19.0,30.0,27.0,33.0
14901,1.0,6.0,0.0,5.0,2.0,0.0
14902,0.0,3.0,0.0,0.0,0.0,0.0
14903,1.0,4.0,0.0,3.0,2.0,2.0
14905,10.0,2.0,0.0,3.0,3.0,4.0
14906,10.0,2.0,1.0,1.0,0.0,1.0
14911,2.0,0.0,1.0,1.0,0.0,1.0
14912,2.0,0.0,0.0,2.0,1.0,1.0
14914,2.0,0.0,0.0,1.0,0.0,3.0
14916,6.0,7.0,5.0,6.0,4.0,6.0
14917,1.0,4.0,1.0,3.0,3.0,3.0
14920,1.0,0.0,0.0,0.0,1.0,0.0
14922,0.0,0.0,0.0,0.0,1.0,0.0
14924,0.0,1.0,0.0,1.0,0.0,2.0
14925,0.0,1.0,0.0,0.0,0.0,0.0
14926,1.0,0.0,1.0,0.0,1.0,0.0
14928,0.0,1.0,0.0,1.0,0.0,0.0
14930,0.0,1.0,0.0,0.0,0.0,0.0
14931,0.0,2.0,0.0,1.0,0.0,0.0
14932,7.0,2.0,2.0,0.0,0.0,1.0
14933,1.0,0.0,0.0,0.0,0.0,0.0
14940,0.0,0.0,2.0,0.0,0.0,1.0
14941,0.0,0.0,0.0,1.0,0.0,0.0
14943,3.0,0.0,0.0,0.0,1.0,1.0
14944,0.0,1.0,0.0,0.0,0.0,0.0
14956,0.0,4.0,3.0,3.0,2.0,1.0
15000,19.0,5.0,14.0,15.0,16.0,10.0
15001,0.0,0.0,0.0,1.0,1.0,1.0
15002,1.0,0.0,0.0,2.0,0.0,1.0
15004,13.0,38.0,46.0,41.0,36.0,49.0
15005,2.0,0.0,1.0,0.0,1.0,0.0
15010,1.0,3.0,0.0,0.0,0.0,0.0
15012,4.0,0.0,4.0,2.0,1.0,0.0
15019,5.0,0.0,5.0,4.0,0.0,0.0
15021,1.0,0.0,4.0,1.0,0.0,3.0
15022,9.0,1.0,0.0,0.0,1.0,0.0
15029,0.0,0.0,2.0,1.0,0.0,4.0
15100,2.0,0.0,0.0,0.0,2.0,0.0
15101,2.0,1.0,4.0,0.0,4.0,1.0
15102,1.0,1.0,0.0,1.0,0.0,0.0
15103,1.0,1.0,0.0,0.0,0.0,1.0
15104,9.0,5.0,9.0,5.0,4.0,7.0
15105,0.0,0.0,1.0,1.0,1.0,3.0
15110,237.0,271.0,214.0,382.0,239.0,383.0
15111,21.0,15.0,14.0,13.0,7.0,14.0
15112,0.0,0.0,0.0,3.0,6.0,0.0
15113,9.0,19.0,21.0,19.0,63.0,32.0
15114,52.0,100.0,81.0,781.0,141.0,142.0
15115,63.0,86.0,53.0,66.0,57.0,63.0
15116,5.0,17.0,22.0,29.0,17.0,25.0
15119,72.0,145.0,759.0,87.0,50.0,129.0
15120,31.0,15.0,21.0,33.0,21.0,31.0
15121,2.0,5.0,1.0,3.0,0.0,4.0
15123,0.0,0.0,1.0,2.0,0.0,0.0
15130,37.0,30.0,49.0,70.0,73.0,79.0
15131,2.0,5.0,3.0,1.0,0.0,3.0
15139,0.0,6.0,11.0,4.0,4.0,4.0
15140,6.0,0.0,4.0,1.0,4.0,11.0
15149,3.0,3.0,7.0,3.0,9.0,5.0
15200,192.0,190.0,194.0,158.0,179.0,247.0
15201,26.0,28.0,1.0,16.0,0.0,15.0
15202,169.0,156.0,146.0,136.0,187.0,109.0
15209,8.0,10.0,7.0,6.0,1.0,4.0
15210,1.0,0.0,0.0,0.0,0.0,0.0
15211,7.0,0.0,3.0,0.0,0.0,0.0
15212,0.0,0.0,0.0,1.0,0.0,2.0
15219,4.0,1.0,2.0,1.0,2.0,0.0
15230,9.0,7.0,11.0,11.0,13.0,10.0
15231,11.0,18.0,30.0,20.0,24.0,25.0
15232,2.0,25.0,17.0,13.0,19.0,6.0
15235,4.0,6.0,19.0,14.0,14.0,6.0
15240,1.0,2.0,2.0,9.0,5.0,2.0
15241,3.0,0.0,1.0,1.0,0.0,1.0
15242,14.0,13.0,12.0,27.0,5.0,11.0
15243,2.0,0.0,0.0,2.0,1.0,0.0
15249,1.0,0.0,0.0,0.0,1.0,0.0
15250,0.0,1.0,1.0,2.0,1.0,3.0
15261,0.0,1.0,1.0,0.0,0.0,2.0
15262,0.0,0.0,0.0,0.0,6.0,0.0
15263,1.0,1.0,8.0,24.0,11.0,21.0
15269,0.0,1.0,0.0,0.0,0.0,0.0
15303,0.0,2.0,1.0,0.0,0.0,0.0
15306,1.0,1.0,0.0,0.0,0.0,0.0
15319,0.0,0.0,0.0,0.0,1.0,0.0
15320,1.0,2.0,2.0,1.0,1.0,0.0
15321,1.0,0.0,0.0,0.0,1.0,0.0
15323,2.0,2.0,1.0,2.0,2.0,0.0
15330,0.0,0.0,0.0,0.0,0.0,2.0
15333,2.0,0.0,1.0,0.0,0.0,0.0
15339,0.0,1.0,1.0,0.0,2.0,3.0
15340,2.0,0.0,0.0,0.0,1.0,0.0
15343,4.634,3.0,1.0,3.0,2.0,4.0
15401,1.0,2.0,0.0,0.0,1.0,2.0
15402,9.0,5.0,6.0,4.0,6.0,4.0
15404,1.0,2.0,3.0,0.0,2.0,0.0
15405,1.0,1.0,1.0,1.0,0.0,0.0
15409,0.0,1.0,0.0,0.0,0.0,1.0
15410,30.0,3.0,0.0,3.0,0.0,0.0
15411,6.0,0.0,0.0,0.0,0.0,0.0
15412,3.0,0.0,0.0,0.0,0.0,0.0
15415,6.0,0.0,0.0,0.0,0.0,0.0
15419,8.0,0.0,4.0,2.0,1.0,1.0
15420,1.0,0.0,0.0,0.0,2.0,1.0
15421,2.0,0.0,1.0,0.0,0.0,0.0
15422,0.0,0.0,0.0,1.0,2.0,1.0
15424,0.0,1.0,0.0,0.0,0.0,0.0
15430,0.0,1.0,0.0,0.0,0.0,1.0
15432,1.0,1.0,1.0,0.0,0.0,0.0
15433,0.0,4.0,1.0,1.0,0.0,3.0
15435,0.0,0.0,0.0,1.0,0.0,0.0
15440,0.0,0.0,0.0,8.0,19.0,0.0
15441,0.0,0.0,0.0,1.0,0.0,0.0
15442,0.0,0.0,0.0,1.0,3.0,0.0
15449,0.0,0.0,0.0,1.0,1.0,0.0
15450,0.0,0.0,0.0,0.0,0.0,1.0
15451,0.0,1.0,0.0,1.0,0.0,0.0
15459,1.0,1.0,3.0,2.0,6.0,0.0
15469,2.0,1.0,2.0,4.0,3.0,3.0
15500,0.0,0.0,0.0,0.0,8.0,0.0
15501,2.0,0.0,0.0,0.0,0.0,2.0
15502,11.0,21.0,10.0,7.0,8.0,23.0
15503,3.0,3.0,4.0,11.0,4.0,11.0
15603,0.0,1.0,0.0,1.0,0.0,0.0
15604,9.0,0.0,0.0,0.0,1.0,0.0
15605,9.0,7.0,11.0,4.0,5.0,8.0
20012,812.0,784.0,918.0,658.0,0.0,0.0
20014,0.0,0.0,0.0,0.0,1.4739999999999998,0.842
20100,0.0,0.0,0.0,0.243,0.344,0.5
20101,2.0,0.0,0.22,1.111,0.0,3.0
20102,0.0,0.0,0.228,0.0,0.0,0.0
20103,1.662,0.968,1.004,0.318,0.704,0.38799999999999996
20110,5.356,4.359999999999999,9.006,2.289,1.896,0.801
20111,0.0,0.0,0.004,0.0,0.0,0.0
20121,2.1,1.178,2.054,2.161,1.318,0.046
20130,2.9979999999999998,0.011,0.023,0.009000000000000001,0.124,0.0
20201,0.0,0.0,0.326,0.0,0.0,0.0
20202,2.408,1.19,0.522,0.0,0.0,0.0
21000,0.762,0.002,527.396,0.812,0.001,0.0
21001,0.0,0.0,0.0,3.4459999999999997,0.0,0.0
21011,4.372,0.001,3.85,2.238,3.366,0.968
21012,0.0,1.1720000000000002,0.19399999999999998,0.392,0.484,1.164
21020,0.7959999999999999,0.0,0.0,0.0,0.0,0.0
21021,2.036,2.4,15.2,10.65,8.459999999999999,8.464
21110,0.304,0.8680000000000001,0.354,0.68,0.0,0.298
21120,0.0,0.0,1.71,0.0,0.10400000000000001,0.138
21200,9.155999999999999,7.7,2.29,2.012,0.7559999999999999,1.192
21400,2.472,3.148,0.894,0.392,0.292,0.27
21700,0.5740000000000001,0.0,0.0,0.818,0.278,0.244
21801,4.6690000000000005,2.146,1.444,1.26,5.032,1.6989999999999998
21812,0.0,0.0,0.0,0.0,0.0,0.306
22000,0.7040000000000001,16.178,12.993000000000004,7.497000000000001,8.873999999999999,6.718
22001,15.473999999999997,31.714000000000002,34.452000000000005,21.182,2.0060000000000002,6.49
22002,0.0,0.636,0.002,6.668,35.518,15.575000000000001
22003,0.0,0.0,0.414,0.0,0.484,2.5540000000000003
22004,0.0,0.0,0.002,1.898,2.003,0.0
22005,0.0,0.0,0.0,3.026,6.3020000000000005,1.4609999999999999
22007,11.254,5.409,12.09,2.8190000000000004,1.715,9.809000000000001
22008,44.62699999999999,41.94600000000001,43.358000000000004,59.627,19.135,9.486
22010,9.750000000000002,10.154,4.9319999999999995,0.0,0.345,1.6039999999999999
22012,28.934000000000005,3.352,0.0,0.0,0.0,0.0
22013,39.083999999999996,19.786000000000005,6.011,0.0,0.522,0.442
22020,15.849999999999996,11.371999999999998,35.42199999999999,60.218,126.82799999999999,17.316000000000003
22021,25.102000000000007,11.350000000000001,14.641999999999998,57.785999999999994,7.069999999999999,7.791
22030,4.632,0.0,0.001,3.782,5.252,38.584999999999994
22032,8.963999999999999,0.0,0.0,0.0,0.006,0.008
22034,11.112,25.703,6.48,22.308,1.8840000000000001,5.568
22035,0.001,0.0,0.0,2.236,27.897000000000006,4.005999999999999
22036,60.85799999999999,38.73400000000001,47.274,43.144,28.080999999999996,30.298
22040,5.946,2.813,1.379,3.173,0.001,3.264
22041,0.0,0.0,0.282,0.0,0.696,0.0
22042,0.0,0.0,0.0,0.0,0.0,2.2880000000000003
22071,0.0,0.037000000000000005,0.189,0.0,0.003,0.0
22100,1.3599999999999999,2.828,7.905,11.778000000000002,13.86,9.261000000000001
22101,11.045999999999996,9.576,5.986,8.574000000000002,9.379999999999999,5.029999999999999
22102,43.483999999999995,29.506000000000007,58.782999999999994,68.70200000000004,76.50000000000007,34.086000000000006
22103,48.427,28.159,41.369,22.609999999999996,40.288,25.569999999999997
22110,4.098,6.518,0.0,1.032,0.0,4.378
22111,38.76200000000001,25.804,27.999999999999996,24.102000000000004,36.178000000000004,20.168000000000003
22120,25.038000000000007,278.25899999999996,3.619,2.02,0.292,0.382
22130,16.606,23.56300000000001,19.415999999999993,6.196000000000001,3.892,4.462
22131,0.0,0.942,1.6239999999999999,0.0,0.0,0.0
22132,1.139,1.152,1.3239999999999998,0.596,0.496,0.468
22160,1.46,0.41,0.5720000000000001,0.0,0.0,2.056
22170,4.4879999999999995,3.092,2.4120000000000004,2.9940000000000007,2.4880000000000004,1.974
22171,3.7620000000000005,1.3980000000000001,0.8420000000000001,1.252,2.192,1.6400000000000001
22172,13.962999999999997,6.151999999999999,11.202,8.985999999999999,7.177,1.894
22180,1.392,3.466,0.756,0.0,0.33,0.436
22190,10.913999999999998,7.292,3.9460000000000006,0.21400000000000002,0.428,0.187
22500,4.868000000000002,29.799,14.319999999999999,26.887,28.233999999999995,10.142999999999999
22501,0.0,0.0,0.742,0.62,0.0,0.122
22503,386.0,0.632,0.0,0.7,0.0,0.0
22511,0.44799999999999995,1.354,0.616,392.44,0.42200000000000004,0.0
22520,0.0,15.0,0.0,0.0,0.0,0.0
22600,20.884,4.444,14.312000000000001,43.208000000000006,37.384,24.933999999999997
22601,22.924,11.36,25.034000000000002,12.926000000000002,10.553999999999998,15.342
22602,0.33,1.492,0.0,0.0,0.0,0.43200000000000005
22603,1.354,0.74,2.696,9.786,7.36,3.2880000000000003
22604,0.43799999999999994,0.0,0.6,2.612,3.2699999999999996,3.5079999999999996
22610,0.48,1.05,2.018,3.226,1.99,4.506
22620,0.0,0.622,0.0,0.0,0.0,0.826
22621,0.358,0.0,0.622,0.386,0.964,1.134
22622,0.0,0.0,0.0,0.0,0.0,1.4500000000000002
22630,2.2640000000000002,3.8160000000000003,2.5799999999999996,6.517999999999999,8.16,10.524
22631,2.746,2.54,1.5939999999999999,3.89,1.284,0.5860000000000001
22671,4.142,2.436,4.99,7.367000000000003,3.258,14.506
22700,0.0,0.0,0.0,0.001,0.0,0.45799999999999996
22701,5.03,6.8340000000000005,9.64,1.134,2.662,6.482
22702,1.94,2.292,0.632,3.876000000000001,1.03,1.736
22710,6.542,0.0,0.0,0.0,0.0,0.0
22711,4.266,0.442,0.0,0.0,0.0,0.0
22712,1.04,0.3,0.302,0.0,0.0,0.0
22713,7.738000000000001,0.19,0.282,0.204,0.0,0.0
22714,2.8560000000000003,0.546,0.0,0.0,0.0,0.0
22715,4.7780000000000005,0.752,0.0,0.0,0.0,0.0
22716,3.2700000000000005,2.158,0.0,0.0,0.0,0.0
22800,0.336,0.314,2.1580000000000004,2.722,0.9620000000000001,5.608
22801,0.0,0.498,0.522,0.3,0.0,1.5679999999999998
22802,0.91,2.1879999999999997,1.734,3.492,1.346,2.144
22820,0.0,0.0,0.0,0.06,0.0,0.0
22821,0.0,0.0,0.46799999999999997,0.486,0.0,0.0
22830,0.728,0.878,0.49,0.742,0.332,0.242
22840,0.254,0.23199999999999998,0.0,0.0,0.0,1.382
22850,0.0,0.0,0.374,1.54,0.0,0.0
22851,0.0,0.0,0.364,0.5640000000000001,0.0,0.512
22852,0.0,0.0,0.0,0.0,0.0,0.506
22860,0.0,0.0,0.0,4.0,0.006999999999999999,0.0
22870,0.0,1.2340000000000002,0.176,0.08800000000000001,0.0,0.0
22900,0.11599999999999999,0.126,0.094,0.20400000000000001,0.0,0.0
22901,0.0,0.0,0.086,0.18,0.068,0.0
22902,0.0,0.16399999999999998,0.0,0.0,0.0,0.32399999999999995
23110,1711.0579999999998,1696.934,2429.926,1818.3529999999998,1121.946,1046.654
23112,6.0,6.0,6.0,4.482,4.0,4.0
23113,5.0,13.0,9.0,11.0,14.0,28.0
23120,7.2379999999999995,1.5480000000000003,2.8000000000000003,2.9179999999999997,10.178,5.3260000000000005
23121,4.662000000000001,1.992,3.0060000000000002,1.7799999999999998,2.194,1.0
23130,0.0,4.0,0.0,1.0,1.0,5.0
23131,0.012000000000000004,0.010000000000000002,0.016000000000000007,0.014000000000000005,0.02000000000000001,0.009000000000000001
23132,3.458,2.698,5.226,12.338000000000001,8.394,10.853000000000002
23133,4.0,0.0,0.0,0.0,0.0,0.0
23134,5.409999999999999,0.311,1.167,0.35500000000000004,2.5520000000000005,2.789
23135,3.0,1.0,1.0,0.0,1.0,1.0
23141,0.0,0.0,0.0,0.0,0.0,18.0
23142,0.312,0.0,0.544,0.0,23.0,0.4500000000000001
23150,0.0,1.0,0.0,0.0,0.0,0.0
23171,0.776,0.0,0.0,0.0,0.0,0.0
24000,14.172000000000002,6.053999999999999,2.8680000000000003,5.384,1.092,10.457000000000003
24010,18.872,14.419999999999998,20.362000000000002,17.229999999999997,27.793999999999997,23.68
24011,5.806000000000001,10.146,9.324000000000002,11.616,7.8919999999999995,9.392
24012,6.482000000000001,2.6439999999999997,1.96,2.0,0.6679999999999999,0.556
24030,2.798,0.266,0.258,0.268,0.0,3.1960000000000006
24032,0.266,0.0,0.0,0.0,0.0,0.0
24100,4.922,3.24,2.076,2.264,3.56,2.938
24101,11.212,8.386000000000001,14.114,10.474,9.547999999999998,10.870000000000001
24102,2.068,0.8220000000000001,0.67,2.706,0.87,0.734
24110,0.0,0.0,0.0,1.5,0.0,0.0
24111,0.0,0.0,0.0,0.9640000000000001,0.868,0.8320000000000001
24112,0.27,0.001,0.284,1.4299999999999997,0.0,0.0
24220,0.0,0.38799999999999996,0.596,0.278,0.32799999999999996,0.0
24400,0.0,0.0,0.20199999999999999,0.43799999999999994,0.0,0.0
24401,0.756,0.65,0.7720000000000001,0.668,0.33199999999999996,0.142
24403,0.21600000000000003,0.0,1.002,0.898,0.6,0.282
25005,3.508,5.016,0.0,1.508,0.0,1.508
25012,3.124,0.244,0.996,0.6280000000000001,1.228,0.406
25100,1.3459999999999999,0.21000000000000002,0.56,1.146,0.309,1.3259999999999998
25101,33.49199999999999,15.161999999999999,32.52799999999999,51.05400000000001,41.44799999999999,52.282000000000004
25102,0.001,0.0,0.0,0.0,0.0,0.0
25110,6.0,6.5,0.0,0.0,2.5,2.0
25111,41.0,136.46699999999998,63.134,53.0,62.0,54.0
25112,0.506,0.0,1.248,0.386,1.1560000000000001,0.0
25120,12.302999999999997,51.03100000000002,124.40200000000004,103.19400000000005,135.04699999999994,168.36699999999988
25121,27.461000000000002,22.898000000000003,4.044,15.368,5.5,2.418
25130,2.606,1.4660000000000002,0.0,1.686,0.624,0.8180000000000001
25150,2.092,0.0,0.0,2.092,2.092,0.0
25405,0.0,0.0,0.504,0.0,1.1219999999999999,1.59
27000,1391.03,8261.439,3291.473,6439.985000000001,8517.154,10379.898000000001
27002,18.148,28.029999999999987,528.625,155.40999999999997,177.03400000000002,17.362000000000005
27030,0.74,0.0,0.0,0.308,0.003,0.0
27100,4.7780000000000005,4.176000000000001,5.744,5.646000000000001,5.738000000000001,7.240000000000002
27200,2.935,3.0989999999999993,1.477,215.77700000000016,0.05100000000000002,7.060000000000011
27201,0.0,16.0,0.0,0.0,14.0,0.0
27210,0.0,0.0,0.0,0.0,1.574,2.361
27240,1986.0,1028.0,2042.0,4530.0,530.0,1052.0
27300,48.628000000000014,61.346,53.78199999999999,108.786,93.61400000000003,106.95499999999996
27400,131.15000000000006,1.7280000000000004,2.462,1655.9719999999995,2.7439999999999998,177.00800000000004
27401,11.964,0.6709999999999999,0.008,0.0,1.45,0.888
27410,518.9860000000003,237.69799999999998,189.682,214.55199999999996,126.526,515.144
27421,0.564,0.0,0.0,0.0,0.0,0.0
30000,4.0,13.0,0.0,6.0,2.0,2.0
30001,0.0,12.0,0.0,0.0,2.0,0.0
30005,0.0,0.0,0.0,1.0,0.0,0.0
30006,1.0,0.0,0.0,0.0,0.0,0.0
30010,3.0,8.0,2.0,2.0,0.0,4.0
30011,1.0,2.0,1.0,1.0,4.0,2.0
30012,0.0,1.0,0.0,0.0,1.0,0.0
30014,0.0,0.0,0.0,0.0,0.0,1.0
30020,0.0,1.0,2.0,0.0,0.0,2.0
30030,0.0,0.0,0.0,0.0,1.0,0.0
30040,1.0,0.0,0.0,0.0,0.0,0.0
30042,1.0,0.0,0.0,0.0,0.0,0.0
30050,0.0,0.0,0.0,1.0,0.0,0.0
30052,1.0,0.0,0.0,0.0,0.0,0.0
30102,0.0,0.0,0.0,0.0,1.0,0.0
30103,0.0,1.0,0.0,0.0,1.0,0.0
30120,0.0,4.0,0.0,0.0,0.0,0.0
30121,2.0,0.0,0.0,0.0,0.0,0.0
30124,2.0,0.0,2.0,2.0,0.0,0.0
30125,4.0,0.0,0.0,0.0,0.0,0.0
30126,4.0,0.0,0.0,0.0,0.0,0.0
30133,0.0,2.0,0.0,0.0,0.0,2.0
30141,0.0,0.0,0.0,0.0,1.0,2.0
30151,1.0,0.0,0.0,0.0,0.0,0.0
30161,15.0,0.0,0.0,2.0,1.0,0.0
30162,0.0,0.0,0.0,1.0,0.0,0.0
30164,0.0,0.0,1.0,1.0,0.0,0.0
30165,2.0,1.0,0.0,2.0,5.0,0.0
30166,2.0,1.0,0.0,0.0,3.0,0.0
30167,0.0,1.0,0.0,0.0,2.0,0.0
30168,0.0,0.0,0.0,1.0,1.0,0.0
30169,0.0,1.0,1.0,0.0,0.0,0.0
30170,1.0,2.0,0.0,0.0,1.0,0.0
30171,0.0,0.0,0.0,1.0,0.0,1.0
30172,1.0,0.0,0.0,0.0,0.0,0.0
30175,2.0,0.0,0.0,0.0,2.0,1.0
30202,0.0,0.0,2.0,0.0,0.0,0.0
30215,0.0,1.0,0.0,0.0,0.0,0.0
30231,1.0,0.0,2.0,1.0,0.0,0.0
30233,1.0,0.0,0.0,0.0,0.0,0.0
30241,0.0,0.0,0.0,1.0,0.0,0.0
30250,1.0,0.0,0.0,0.0,0.0,0.0
30300,0.0,1.0,0.0,1.0,0.0,0.0
30302,0.0,0.0,0.0,0.0,1.0,0.0
30304,5.0,0.0,1.0,0.0,2.0,3.0
30308,0.0,0.0,1.0,0.0,1.0,0.0
30310,0.0,1.0,0.0,0.0,0.0,0.0
30313,0.0,0.0,0.0,2.0,0.0,0.0
30314,0.0,1.0,0.0,0.0,0.0,0.0
30320,3.0,1.0,1.0,1.0,0.0,4.0
30321,4.0,7.0,4.0,2.0,4.0,5.0
30322,0.0,0.0,1.0,0.0,0.0,0.0
30323,3.0,2.0,2.0,0.0,2.0,3.0
30330,0.0,1.0,0.0,1.0,1.0,0.0
30331,1.0,0.0,0.0,0.0,0.0,1.0
30332,1.0,0.0,0.0,4.0,0.0,0.0
30333,0.0,1.0,0.0,0.0,0.0,0.0
30334,0.0,3.0,1.0,0.0,1.0,0.0
30335,2.0,0.0,0.0,2.0,3.0,2.0
30336,0.0,1.0,0.0,0.0,1.0,0.0
30337,2.0,0.0,0.0,0.0,0.0,0.0
30338,0.0,0.0,1.0,1.0,1.0,2.0
30340,0.0,0.0,0.0,1.0,0.0,0.0
30341,0.0,1.0,0.0,0.0,0.0,0.0
30346,0.0,0.0,0.0,1.0,0.0,0.0
30348,6.0,2.0,0.0,1.0,2.0,2.0
30350,0.0,1.0,0.0,4.0,0.0,0.0
30351,1.0,0.0,3.0,1.0,1.0,1.0
30352,1.0,1.0,0.0,0.0,0.0,0.0
30353,0.0,1.0,0.0,0.0,0.0,0.0
30354,0.0,1.0,0.0,0.0,0.0,0.0
30355,1.0,1.0,0.0,0.0,0.0,0.0
30356,2.0,1.0,1.0,0.0,0.0,1.0
30358,1.0,0.0,0.0,0.0,0.0,0.0
30360,0.0,0.0,0.0,1.0,0.0,0.0
30361,0.0,1.0,0.0,0.0,0.0,0.0
30362,0.0,0.0,1.0,0.0,0.0,0.0
30364,0.0,0.0,0.0,0.0,2.0,1.0
30365,2.0,3.0,1.0,3.0,0.0,5.0
30380,193.0,182.0,191.0,184.0,157.0,188.0
30393,1.0,0.0,0.0,0.0,0.0,0.0
30420,0.0,2.0,0.0,0.0,0.0,0.0
30421,0.0,0.0,0.0,1.0,1.0,0.0
30444,2.0,5.0,3.0,0.0,0.0,0.0
30445,1.0,1.0,1.0,1.0,0.0,0.0
30446,0.0,0.0,0.0,0.0,3.0,0.0
30447,1.0,0.0,0.0,1.0,0.0,1.0
30448,1.0,0.0,1.0,1.0,3.0,3.0
30451,2.0,0.0,0.0,0.0,0.0,1.0
30500,3.0,0.0,0.0,1.0,2.0,1.0
30503,2.0,0.0,0.0,1.0,1.0,0.0
30504,4.0,3.0,1.0,1.0,1.0,1.0
30507,0.0,0.0,0.0,1.0,0.0,0.0
30510,2.0,0.0,2.0,1.0,2.0,0.0
30511,0.0,0.0,0.0,0.0,1.0,0.0
30512,2.0,0.0,0.0,1.0,1.0,2.0
30514,8.0,1.0,2.0,2.0,2.0,0.0
30515,1.0,0.0,1.0,0.0,0.0,2.0
30521,0.0,0.0,1.0,1.0,0.0,0.0
30522,2.0,3.0,0.0,0.0,0.0,3.0
30530,0.0,1.0,0.0,1.0,1.0,0.0
30531,0.0,0.0,0.0,1.0,0.0,0.0
30533,0.0,0.0,0.0,1.0,0.0,0.0
30534,0.0,0.0,0.0,0.0,0.0,1.0
30541,2.0,1.0,2.0,3.0,0.0,0.0
30551,0.0,0.0,1.0,0.0,0.0,0.0
30553,0.0,0.0,2.0,0.0,0.0,0.0
30600,0.0,0.0,0.0,0.0,1.0,1.0
30602,1.0,0.0,1.0,0.0,0.0,0.0
30604,0.0,0.0,0.0,0.0,1.0,0.0
30611,0.0,0.0,0.0,0.0,1.0,0.0
30612,0.0,0.0,0.0,0.0,1.0,0.0
30634,0.0,7.0,1.0,3.0,2.0,0.0
30641,0.0,1.0,0.0,0.0,0.0,0.0
30643,0.0,0.0,0.0,0.0,0.0,2.0
30700,1.0,10.0,0.0,0.0,0.0,0.0
30701,0.0,1.0,2.0,2.0,1.0,1.0
30706,1.0,0.0,0.0,0.0,0.0,0.0
30707,0.0,0.0,0.0,1.0,0.0,0.0
30710,5.0,2.0,1.0,1.0,3.0,2.0
30723,0.0,2.0,0.0,0.0,1.0,0.0
30727,0.0,3.0,0.0,0.0,0.0,0.0
30728,0.0,0.0,1.0,0.0,0.0,0.0
30800,0.0,0.0,1.0,1.0,0.0,0.0
30803,0.0,0.0,1.0,0.0,1.0,0.0
30804,2.0,0.0,0.0,0.0,1.0,0.0
30810,0.0,0.0,0.0,1.0,1.0,1.0
30812,1.0,0.0,0.0,0.0,0.0,0.0
30816,0.0,0.0,0.0,0.0,0.0,1.0
30820,0.0,1.0,1.0,1.0,0.0,2.0
30821,2.0,5.0,0.0,1.0,1.0,3.0
30822,1.0,2.0,0.0,2.0,1.0,0.0
30825,0.0,0.0,0.0,0.0,0.0,1.0
30832,0.0,1.0,0.0,1.0,0.0,0.0
30840,0.0,1.0,0.0,0.0,0.0,0.0
30903,0.0,1.0,0.0,1.0,1.0,0.0
31001,1.0,1.0,3.0,1.0,2.0,2.0
31002,0.0,0.0,0.0,0.0,0.0,1.0
31003,1.0,1.0,2.0,2.0,0.0,4.0
31004,0.0,1.0,4.0,0.0,5.0,1.0
31010,2.0,0.0,0.0,0.0,0.0,0.0
31011,0.0,0.0,0.0,0.0,0.0,1.0
31012,0.0,1.0,0.0,0.0,0.0,0.0
31014,0.0,0.0,0.0,0.0,1.0,0.0
31015,0.0,0.0,0.0,1.0,1.0,0.0
31017,0.0,0.0,1.0,0.0,2.0,0.0
31020,0.0,0.0,0.0,0.0,1.0,0.0
31021,2.0,0.0,3.0,0.0,0.0,2.0
31022,0.0,1.0,0.0,0.0,0.0,0.0
31023,0.0,0.0,1.0,1.0,0.0,1.0
31024,0.0,0.0,1.0,0.0,0.0,2.0
31028,1.0,0.0,0.0,0.0,0.0,0.0
31029,0.0,1.0,0.0,3.0,0.0,0.0
31031,1.0,0.0,0.0,0.0,0.0,0.0
31032,1.0,0.0,0.0,0.0,0.0,0.0
31042,2.0,1.0,2.0,3.0,0.0,4.0
31043,0.0,0.0,0.0,0.0,0.0,1.0
31045,0.0,0.0,0.0,1.0,0.0,0.0
31047,0.0,1.0,0.0,0.0,0.0,0.0
31049,0.0,2.0,0.0,0.0,0.0,0.0
31101,0.0,0.0,0.0,1.0,0.0,0.0
31115,0.0,0.0,0.0,1.0,0.0,0.0
31131,0.0,1.0,0.0,0.0,0.0,0.0
31133,0.0,0.0,1.0,1.0,0.0,1.0
31134,0.0,0.0,0.0,1.0,0.0,0.0
31135,1.0,0.0,0.0,0.0,0.0,0.0
31137,1.0,0.0,0.0,0.0,0.0,0.0
31302,1.0,0.0,0.0,0.0,0.0,0.0
31423,1.0,0.0,0.0,0.0,0.0,0.0
31425,19.0,0.0,0.0,0.0,0.0,0.0
32012,0.0,1.0,0.0,0.0,0.0,0.0
32013,0.0,0.0,1.0,0.0,0.0,0.0
32030,1.0,0.0,0.0,1.0,0.0,3.0
32043,0.0,0.0,1.0,0.0,0.0,1.0
32110,0.0,0.0,0.0,0.0,0.0,3.0
32143,6.0,1.0,0.0,0.0,0.0,0.0
32203,0.0,1.0,0.0,0.0,0.0,0.0
32214,1.0,0.0,1.0,0.0,0.0,1.0
32300,1.0,0.0,0.0,0.0,0.0,0.0
32301,0.0,0.0,0.0,0.0,1.0,0.0
32314,1.0,0.0,0.0,0.0,0.0,0.0
32315,0.0,0.0,0.0,1.0,1.0,0.0
32316,2.0,4.0,0.0,2.0,0.0,0.0
32322,1.0,0.0,1.0,1.0,0.0,1.0
32323,0.0,0.0,1.0,0.0,1.0,0.0
32324,0.0,0.0,0.0,0.0,0.0,1.0
32325,4.0,2.0,0.0,0.0,1.0,1.0
32350,1.0,0.0,0.0,0.0,0.0,0.0
32352,1.0,1.0,0.0,0.0,0.0,0.0
32360,0.0,0.0,2.0,0.0,0.0,0.0
32361,0.0,0.0,1.0,1.0,0.0,0.0
32368,1.0,0.0,0.0,0.0,0.0,0.0
32403,1.0,0.0,0.0,2.0,1.0,2.0
32416,7.0,2.0,4.0,3.0,2.0,5.0
32628,0.0,0.0,0.0,3.0,0.0,0.0
32736,0.0,1.0,0.0,0.0,0.0,0.0
32821,0.0,1.0,1.0,0.0,0.0,0.0
32823,0.0,0.0,0.0,0.0,0.0,1.0
32917,3.0,3.0,11.0,0.0,0.0,0.0
33001,1.0,0.0,0.0,0.0,0.0,0.0
33003,0.0,0.0,0.0,1.0,0.0,0.0
33004,0.0,0.0,0.0,0.0,0.0,1.0
33006,0.0,0.0,0.0,0.0,1.0,0.0
33007,1.0,0.0,0.0,0.0,0.0,0.0
33011,0.0,0.0,0.0,1.0,0.0,0.0
33016,0.0,0.0,0.0,0.0,1.0,1.0
33018,0.0,1.0,0.0,0.0,0.0,0.0
33026,0.0,0.0,0.0,0.0,4.0,0.0
33053,0.0,0.0,0.0,1.0,0.0,0.0
33060,9.0,3.0,3.0,4.0,4.0,4.0
33064,0.0,0.0,1.0,0.0,0.0,0.0
34020,0.0,0.0,0.0,1.0,0.0,0.0
34023,0.0,0.0,0.0,0.0,2.0,1.0
34030,0.0,0.0,0.0,1.0,1.0,0.0
34032,0.0,1.0,0.0,0.0,0.0,0.0
34038,0.0,0.0,1.0,0.0,0.0,0.0
34051,0.0,3.0,0.0,0.0,0.0,0.0
34053,1.0,0.0,0.0,0.0,0.0,0.0
34100,1.0,0.0,0.0,0.0,1.0,0.0
34101,1.0,1.0,1.0,3.0,3.0,1.0
34104,0.0,0.0,0.0,0.0,0.0,3.0
34106,0.0,0.0,0.0,1.0,0.0,0.0
34110,0.0,0.0,0.0,0.0,1.0,0.0
34113,0.0,1.0,0.0,0.0,0.0,0.0
34120,0.0,0.0,0.0,0.0,0.0,1.0
34121,2.0,0.0,3.0,1.0,2.0,1.0
34127,1.0,0.0,0.0,0.0,0.0,0.0
34135,0.0,0.0,1.0,0.0,0.0,0.0
34150,0.0,0.0,0.0,0.0,2.0,0.0
34152,0.0,0.0,0.0,1.0,0.0,0.0
34200,0.0,0.0,1.0,0.0,1.0,0.0
34203,0.0,0.0,2.0,1.0,0.0,0.0
34204,3.0,2.0,6.0,0.0,2.0,1.0
34207,0.0,0.0,2.0,1.0,0.0,0.0
34210,0.0,0.0,0.0,1.0,0.0,0.0
34211,2.0,0.0,1.0,0.0,0.0,0.0
34212,1.0,0.0,1.0,3.0,1.0,0.0
34213,0.0,0.0,0.0,0.0,1.0,2.0
34220,0.0,1.0,4.0,8.0,3.0,0.0
34222,0.0,0.0,0.0,1.0,0.0,0.0
34225,0.0,5.0,4.0,12.0,3.0,4.0
34226,0.0,0.0,1.0,2.0,0.0,0.0
34240,2.0,0.0,0.0,0.0,2.0,1.0
34241,0.0,0.0,0.0,2.0,0.0,0.0
34250,1.0,0.0,0.0,0.0,0.0,0.0
34304,0.0,0.0,4.0,4.0,0.0,5.0
34333,0.0,0.0,2.0,0.0,0.0,0.0
34350,0.0,0.0,0.0,1.0,0.0,0.0
34356,0.0,0.0,0.0,0.0,0.0,1.0
34363,0.0,0.0,0.0,3.0,0.0,4.0
34511,0.0,1.0,3.0,0.0,1.0,0.0
34513,0.0,1.0,5.0,1.0,0.0,1.0
34514,0.0,0.0,0.0,0.0,0.0,1.0
34617,0.0,0.0,0.0,0.0,1.0,0.0
34621,0.0,0.0,0.0,0.0,1.0,1.0
34641,0.0,1.0,0.0,1.0,0.0,0.0
34831,1.0,0.0,0.0,0.0,0.0,0.0
34900,1.0,0.0,0.0,0.0,0.0,0.0
36010,1.0,1.0,2.0,0.0,1.0,0.0
36020,1.0,0.0,1.0,2.0,1.0,4.0
36022,0.0,0.0,1.0,1.0,0.0,0.0
36023,2.0,0.0,0.0,0.0,0.0,0.0
36025,0.0,0.0,0.0,0.0,0.0,2.0
36030,1.0,4.0,1.0,1.0,0.0,2.0
36035,2.0,0.0,0.0,0.0,1.0,0.0
40000,8.0,7.0,1.0,6.0,3.0,6.0
