pluno,time,qty,d,d+1,d+2,d+3,d+4,d+5,d+6
22000014,149,0.618,0.618,0.618,0.618,0.618,0.618,0.618,0.618
22000014,169,0.492,0.492,0.492,0.492,0.492,0.492,0.492,0.492
22000031,153,1.338,1.338,1.338,1.338,1.338,1.338,1.338,1.338
22000031,165,0.6,0.6,0.6,0.6,0.6,0.6,0.6,0.6
22000049,148,1.212,1.212,1.212,1.212,1.212,1.212,1.212,1.212
22000049,166,0.728,0.728,0.728,0.728,0.728,0.728,0.728,0.728
22000049,174,1.07,1.07,1.07,1.07,1.07,1.07,1.07,1.07
22001000,164,0.376,0.376,0.376,0.376,0.376,0.376,0.376,0.376
22001000,174,0.266,0.266,0.266,0.266,0.266,0.266,0.266,0.266
22001001,159,1.23,1.228,1.228,1.228,1.228,1.228,1.228,1.228
22001006,151,0.978,0.978,0.978,0.978,0.978,0.978,0.978,0.978
22001006,154,1.078,1.078,1.078,1.078,1.078,1.078,1.078,1.078
22001012,151,0.546,0.546,0.546,0.546,0.546,0.546,0.546,0.546
22001038,4,1.18,1.178,1.178,1.178,1.178,1.178,1.178,1.178
22001038,5,3.488,3.81,3.81,3.81,3.81,3.81,3.81,3.81
22001038,151,0.678,0.676,0.676,0.676,0.676,0.676,0.676,0.676
22001038,153,0.788,0.788,0.788,0.788,0.788,0.788,0.788,0.788
22002008,166,0.678,0.676,0.676,0.676,0.676,0.676,0.676,0.676
22002239,147,1.716,1.714,1.714,1.714,1.714,1.714,1.714,1.714
22002239,149,1.97,1.958,1.958,1.958,1.958,1.958,1.958,1.958
22002239,150,0.736,0.736,0.736,0.736,0.736,0.736,0.736,0.736
22002239,151,0.99,0.99,0.99,0.99,0.99,0.99,0.99,0.99
22002239,154,0.9,0.9,0.9,0.9,0.9,0.9,0.9,0.9
22002239,156,1.294,1.294,1.294,1.294,1.294,1.294,1.294,1.294
22002239,157,1.874,1.876,1.876,1.876,1.876,1.876,1.876,1.876
22002239,159,1.924,1.922,1.922,1.922,1.922,1.922,1.922,1.922
22002239,160,1.494,1.496,1.496,1.496,1.496,1.496,1.496,1.496
22002239,166,1.66,1.64,1.64,1.64,1.64,1.64,1.64,1.64
22002239,170,1.72,1.714,1.714,1.714,1.714,1.714,1.714,1.714
22002240,146,3.682,3.712,3.712,3.712,3.712,3.712,3.712,3.712
22002240,149,2.246,2.264,2.264,2.264,2.264,2.264,2.264,2.264
22002240,150,0.894,0.894,0.894,0.894,0.894,0.894,0.894,0.894
22002240,151,0.796,0.794,0.794,0.794,0.794,0.794,0.794,0.794
22002240,157,0.824,0.824,0.824,0.824,0.824,0.824,0.824,0.824
22002242,150,1.624,1.618,1.618,1.618,1.618,1.618,1.618,1.618
22002242,153,0.998,0.996,0.996,0.996,0.996,0.996,0.996,0.996
22003002,165,0.596,0.596,0.596,0.596,0.596,0.596,0.596,0.596
22003002,174,0.792,0.792,0.792,0.792,0.792,0.792,0.792,0.792
22004008,145,0.192,0.192,0.192,0.192,0.192,0.192,0.192,0.192
22005006,150,0.618,0.618,0.618,0.618,0.618,0.618,0.618,0.618
22005006,151,1.022,1.022,1.022,1.022,1.022,1.022,1.022,1.022
22005006,157,0.438,0.438,0.438,0.438,0.438,0.438,0.438,0.438
22007005,2,0.576,0.576,0.576,0.576,0.576,0.576,0.576,0.576
22007005,3,0.434,0.434,0.434,0.434,0.434,0.434,0.434,0.434
22007005,4,0.38,0.38,0.38,0.38,0.38,0.38,0.38,0.38
22007005,5,0.606,0.606,0.606,0.606,0.606,0.606,0.606,0.606
22007005,6,1.216,1.214,1.214,1.214,1.214,1.214,1.214,1.214
22007005,157,0.724,0.724,0.724,0.724,0.724,0.724,0.724,0.724
22007008,160,1.532,1.532,1.532,1.532,1.532,1.532,1.532,1.532
22007022,151,0.978,0.978,0.978,0.978,0.978,0.978,0.978,0.978
22007027,2,0.47,0.47,0.47,0.47,0.47,0.47,0.47,0.47
22007027,4,0.732,0.732,0.732,0.732,0.732,0.732,0.732,0.732
22007027,5,2.858,2.838,2.838,2.838,2.838,2.838,2.838,2.838
22007031,153,0.495,0.495,0.495,0.495,0.495,0.495,0.495,0.495
22007031,158,2.0,2.0,2.0,2.0,2.0,2.0,2.0,2.0
22007031,160,2.0,2.0,2.0,2.0,2.0,2.0,2.0,2.0
22007031,161,0.8,0.8,0.8,0.8,0.8,0.8,0.8,0.8
22007031,169,0.64,0.64,0.64,0.64,0.64,0.64,0.64,0.64
22008007,170,0.126,0.126,0.126,0.126,0.126,0.126,0.126,0.126
22008009,147,0.754,0.754,0.754,0.754,0.754,0.754,0.754,0.754
22008009,149,0.484,0.484,0.484,0.484,0.484,0.484,0.484,0.484
22008009,152,0.476,0.476,0.476,0.476,0.476,0.476,0.476,0.476
22008009,170,0.586,0.586,0.586,0.586,0.586,0.586,0.586,0.586
22008011,5,0.812,0.812,0.812,0.812,0.812,0.812,0.812,0.812
22008012,2,8.686,9.515,9.515,9.515,9.515,9.515,9.515,9.515
22008012,4,0.248,0.248,0.248,0.248,0.248,0.248,0.248,0.248
22008012,147,0.382,0.382,0.382,0.382,0.382,0.382,0.382,0.382
22008012,165,0.304,0.304,0.304,0.304,0.304,0.304,0.304,0.304
22008019,5,1.418,1.42,1.42,1.42,1.42,1.42,1.42,1.42
22008019,151,0.732,0.732,0.732,0.732,0.732,0.732,0.732,0.732
22008019,153,0.554,0.554,0.554,0.554,0.554,0.554,0.554,0.554
22008019,165,0.604,0.604,0.604,0.604,0.604,0.604,0.604,0.604
22008020,1,1.01,1.01,1.01,1.01,1.01,1.01,1.01,1.01
22008020,5,2.784,2.712,2.712,2.712,2.712,2.712,2.712,2.712
22008020,6,2.76,2.712,2.712,2.712,2.712,2.712,2.712,2.712
22008020,160,0.39,0.39,0.39,0.39,0.39,0.39,0.39,0.39
22008021,0,0.001,0.001,0.001,0.001,0.001,0.001,0.001,0.001
22008021,3,0.662,0.662,0.662,0.662,0.662,0.662,0.662,0.662
22008021,5,1.2,1.2,1.2,1.2,1.2,1.2,1.2,1.2
22008021,151,0.598,0.598,0.598,0.598,0.598,0.598,0.598,0.598
22008021,152,0.536,0.536,0.536,0.536,0.536,0.536,0.536,0.536
22008021,171,0.502,0.502,0.502,0.502,0.502,0.502,0.502,0.502
22008021,172,0.454,0.452,0.452,0.452,0.452,0.452,0.452,0.452
22008022,170,0.166,0.166,0.166,0.166,0.166,0.166,0.166,0.166
22008029,5,0.001,0.001,0.001,0.001,0.001,0.001,0.001,0.001
22010001,2,1.494,1.49,1.49,1.49,1.49,1.49,1.49,1.49
22010001,4,2.668,2.668,2.668,2.668,2.668,2.668,2.668,2.668
22010032,5,0.236,0.236,0.236,0.236,0.236,0.236,0.236,0.236
22010032,174,0.22,0.22,0.22,0.22,0.22,0.22,0.22,0.22
22012000,6,2.162,2.16,2.16,2.16,2.16,2.16,2.16,2.16
22012011,3,1.68,1.677,1.677,1.677,1.677,1.677,1.677,1.677
22012011,5,1.706,1.698,1.698,1.698,1.698,1.698,1.698,1.698
22013008,0,2.154,2.15,2.15,2.15,2.15,2.15,2.15,2.15
22013008,1,1.328,1.328,1.328,1.328,1.328,1.328,1.328,1.328
22013008,2,1.126,1.126,1.126,1.126,1.126,1.126,1.126,1.126
22013008,3,0.688,0.688,0.688,0.688,0.688,0.688,0.688,0.688
22013008,5,10.592,11.0,11.0,11.0,11.0,11.0,11.0,11.0
22013008,6,0.818,0.818,0.818,0.818,0.818,0.818,0.818,0.818
22013022,1,0.87,0.87,0.87,0.87,0.87,0.87,0.87,0.87
22020001,2,0.001,0.001,0.001,0.001,0.001,0.001,0.001,0.001
22020004,174,2.21,2.216,2.216,2.216,2.216,2.216,2.216,2.216
22020005,5,1.628,1.634,1.634,1.634,1.634,1.634,1.634,1.634
22020006,146,3.446,3.45,3.45,3.45,3.45,3.45,3.45,3.45
22020006,170,3.64,3.454,3.454,3.454,3.454,3.454,3.454,3.454
22020006,173,2.41,2.406,2.406,2.406,2.406,2.406,2.406,2.406
22020010,152,2.029,2.025,2.025,2.025,2.025,2.025,2.025,2.025
22020010,159,5.092,5.084,5.084,5.084,5.084,5.084,5.084,5.084
22021009,155,0.001,0.001,0.001,0.001,0.001,0.001,0.001,0.001
22021260,1,2.264,2.248,2.248,2.248,2.248,2.248,2.248,2.248
22021260,3,2.3,2.306,2.306,2.306,2.306,2.306,2.306,2.306
22021260,151,7.79,7.98,7.98,7.98,7.98,7.98,7.98,7.98
22030005,151,0.54,0.54,0.54,0.54,0.54,0.54,0.54,0.54
22030005,152,0.488,0.488,0.488,0.488,0.488,0.488,0.488,0.488
22030005,165,0.702,0.702,0.702,0.702,0.702,0.702,0.702,0.702
22030005,166,0.926,0.928,0.928,0.928,0.928,0.928,0.928,0.928
22030005,170,1.096,1.098,1.098,1.098,1.098,1.098,1.098,1.098
22030005,171,0.556,0.556,0.556,0.556,0.556,0.556,0.556,0.556
22030008,147,0.652,0.65,0.65,0.65,0.65,0.65,0.65,0.65
22030008,154,0.566,0.566,0.566,0.566,0.566,0.566,0.566,0.566
22030008,166,2.634,2.646,2.646,2.646,2.646,2.646,2.646,2.646
22030008,169,1.016,1.018,1.018,1.018,1.018,1.018,1.018,1.018
22030008,170,0.968,0.966,0.966,0.966,0.966,0.966,0.966,0.966
22030010,153,0.001,0.001,0.001,0.001,0.001,0.001,0.001,0.001
22030010,165,1.024,1.024,1.024,1.024,1.024,1.024,1.024,1.024
22030011,6,1.544,1.546,1.546,1.546,1.546,1.546,1.546,1.546
22030011,147,1.73,1.726,1.726,1.726,1.726,1.726,1.726,1.726
22030011,156,1.448,1.448,1.448,1.448,1.448,1.448,1.448,1.448
22030011,157,0.892,0.894,0.894,0.894,0.894,0.894,0.894,0.894
22030011,159,1.204,1.204,1.204,1.204,1.204,1.204,1.204,1.204
22030011,163,1.602,1.604,1.604,1.604,1.604,1.604,1.604,1.604
22030011,164,1.154,1.154,1.154,1.154,1.154,1.154,1.154,1.154
22030011,165,1.768,1.77,1.77,1.77,1.77,1.77,1.77,1.77
22030011,170,2.174,2.161,2.161,2.161,2.161,2.161,2.161,2.161
22030011,172,1.37,1.37,1.37,1.37,1.37,1.37,1.37,1.37
22030011,173,1.282,1.28,1.28,1.28,1.28,1.28,1.28,1.28
22030011,174,0.9,0.9,0.9,0.9,0.9,0.9,0.9,0.9
22030050,1,0.966,0.966,0.966,0.966,0.966,0.966,0.966,0.966
22032000,1,1.638,1.632,1.632,1.632,1.632,1.632,1.632,1.632
22032000,2,0.64,0.64,0.64,0.64,0.64,0.64,0.64,0.64
22032000,3,0.834,0.834,0.834,0.834,0.834,0.834,0.834,0.834
22032000,4,0.268,0.268,0.268,0.268,0.268,0.268,0.268,0.268
22032012,146,0.004,0.004,0.004,0.004,0.004,0.004,0.004,0.004
22032012,147,0.002,0.002,0.002,0.002,0.002,0.002,0.002,0.002
22032012,154,0.002,0.002,0.002,0.002,0.002,0.002,0.002,0.002
22032012,155,0.006,0.006,0.006,0.006,0.006,0.006,0.006,0.006
22034000,3,0.686,0.686,0.686,0.686,0.686,0.686,0.686,0.686
22034001,164,0.408,0.41,0.41,0.41,0.41,0.41,0.41,0.41
22034001,165,1.426,1.43,1.43,1.43,1.43,1.43,1.43,1.43
22034002,161,0.934,0.934,0.934,0.934,0.934,0.934,0.934,0.934
22034021,159,0.666,0.666,0.666,0.666,0.666,0.666,0.666,0.666
22035000,147,0.001,0.001,0.001,0.001,0.001,0.001,0.001,0.001
22035000,149,2.072,2.064,2.064,2.064,2.064,2.064,2.064,2.064
22035000,151,0.454,0.452,0.452,0.452,0.452,0.452,0.452,0.452
22035000,152,0.634,0.634,0.634,0.634,0.634,0.634,0.634,0.634
22035000,154,0.57,0.57,0.57,0.57,0.57,0.57,0.57,0.57
22035000,173,1.402,1.402,1.402,1.402,1.402,1.402,1.402,1.402
22035009,166,0.946,0.946,0.946,0.946,0.946,0.946,0.946,0.946
22035013,2,0.001,0.001,0.001,0.001,0.001,0.001,0.001,0.001
22036000,1,1.552,1.552,1.552,1.552,1.552,1.552,1.552,1.552
22036000,2,1.674,1.677,1.677,1.677,1.677,1.677,1.677,1.677
22036000,3,3.378,3.268,3.268,3.268,3.268,3.268,3.268,3.268
22036000,4,5.874,5.734,5.734,5.734,5.734,5.734,5.734,5.734
22036000,5,2.724,2.712,2.712,2.712,2.712,2.712,2.712,2.712
22036000,6,1.56,1.56,1.56,1.56,1.56,1.56,1.56,1.56
22036000,145,0.554,0.554,0.554,0.554,0.554,0.554,0.554,0.554
22036000,146,2.328,2.322,2.322,2.322,2.322,2.322,2.322,2.322
22036000,147,2.08,2.078,2.078,2.078,2.078,2.078,2.078,2.078
22036000,149,0.72,0.718,0.718,0.718,0.718,0.718,0.718,0.718
22036000,152,5.08,5.126,5.126,5.126,5.126,5.126,5.126,5.126
22036000,153,3.264,3.416,3.416,3.416,3.416,3.416,3.416,3.416
22036000,154,0.72,0.718,0.718,0.718,0.718,0.718,0.718,0.718
22036000,160,1.894,1.9,1.9,1.9,1.9,1.9,1.9,1.9
22036000,161,0.774,0.774,0.774,0.774,0.774,0.774,0.774,0.774
22036000,162,1.91,1.9,1.9,1.9,1.9,1.9,1.9,1.9
22036000,164,1.522,1.526,1.526,1.526,1.526,1.526,1.526,1.526
22036000,165,2.552,2.572,2.572,2.572,2.572,2.572,2.572,2.572
22036000,166,2.49,2.474,2.474,2.474,2.474,2.474,2.474,2.474
22036000,167,0.514,0.514,0.514,0.514,0.514,0.514,0.514,0.514
22036000,170,1.458,1.458,1.458,1.458,1.458,1.458,1.458,1.458
22036000,171,1.804,1.802,1.802,1.802,1.802,1.802,1.802,1.802
22036000,173,0.728,0.728,0.728,0.728,0.728,0.728,0.728,0.728
22040007,1,0.578,0.578,0.578,0.578,0.578,0.578,0.578,0.578
22040007,5,0.382,0.382,0.382,0.382,0.382,0.382,0.382,0.382
22040009,1,0.002,0.002,0.002,0.002,0.002,0.002,0.002,0.002
22040009,2,0.004,0.004,0.004,0.004,0.004,0.004,0.004,0.004
22040009,5,0.002,0.002,0.002,0.002,0.002,0.002,0.002,0.002
22040157,167,0.722,0.722,0.722,0.722,0.722,0.722,0.722,0.722
22040157,171,0.662,0.662,0.662,0.662,0.662,0.662,0.662,0.662
22040158,173,0.45,0.452,0.452,0.452,0.452,0.452,0.452,0.452
22042082,151,1.176,1.176,1.176,1.176,1.176,1.176,1.176,1.176
22042082,156,0.724,0.724,0.724,0.724,0.724,0.724,0.724,0.724
22042082,173,0.388,0.388,0.388,0.388,0.388,0.388,0.388,0.388
22100000,158,1.138,1.136,1.136,1.136,1.136,1.136,1.136,1.136
22100000,169,0.356,0.356,0.356,0.356,0.356,0.356,0.356,0.356
22100010,5,0.464,0.464,0.464,0.464,0.464,0.464,0.464,0.464
22100010,147,0.62,0.618,0.618,0.618,0.618,0.618,0.618,0.618
22100010,149,0.878,0.878,0.878,0.878,0.878,0.878,0.878,0.878
22100010,160,0.28,0.28,0.28,0.28,0.28,0.28,0.28,0.28
22100010,161,0.826,0.826,0.826,0.826,0.826,0.826,0.826,0.826
22100010,162,0.626,0.626,0.626,0.626,0.626,0.626,0.626,0.626
22100010,163,0.682,0.682,0.682,0.682,0.682,0.682,0.682,0.682
22100010,164,0.532,0.532,0.532,0.532,0.532,0.532,0.532,0.532
22100010,172,0.552,0.552,0.552,0.552,0.552,0.552,0.552,0.552
22100010,173,0.5,0.5,0.5,0.5,0.5,0.5,0.5,0.5
22100025,5,0.426,0.426,0.426,0.426,0.426,0.426,0.426,0.426
22100025,153,0.18,0.18,0.18,0.18,0.18,0.18,0.18,0.18
22101000,2,0.668,0.668,0.668,0.668,0.668,0.668,0.668,0.668
22101000,5,0.456,0.456,0.456,0.456,0.456,0.456,0.456,0.456
22101000,6,1.894,1.902,1.902,1.902,1.902,1.902,1.902,1.902
22101000,149,1.246,1.246,1.246,1.246,1.246,1.246,1.246,1.246
22101000,151,0.934,0.934,0.934,0.934,0.934,0.934,0.934,0.934
22101000,154,0.576,0.576,0.576,0.576,0.576,0.576,0.576,0.576
22101000,157,0.828,0.828,0.828,0.828,0.828,0.828,0.828,0.828
22101000,158,0.55,0.55,0.55,0.55,0.55,0.55,0.55,0.55
22101000,160,0.446,0.446,0.446,0.446,0.446,0.446,0.446,0.446
22101001,0,1.162,1.16,1.16,1.16,1.16,1.16,1.16,1.16
22101001,2,0.972,0.972,0.972,0.972,0.972,0.972,0.972,0.972
22101001,151,0.632,0.632,0.632,0.632,0.632,0.632,0.632,0.632
22101001,163,0.224,0.224,0.224,0.224,0.224,0.224,0.224,0.224
22101001,166,0.27,0.27,0.27,0.27,0.27,0.27,0.27,0.27
22101001,168,0.298,0.298,0.298,0.298,0.298,0.298,0.298,0.298
22101003,5,0.248,0.248,0.248,0.248,0.248,0.248,0.248,0.248
22102000,151,1.388,1.388,1.388,1.388,1.388,1.388,1.388,1.388
22102000,166,1.548,1.54,1.54,1.54,1.54,1.54,1.54,1.54
22102000,173,0.582,0.582,0.582,0.582,0.582,0.582,0.582,0.582
22102004,5,0.968,0.966,0.966,0.966,0.966,0.966,0.966,0.966
22102004,149,0.438,0.438,0.438,0.438,0.438,0.438,0.438,0.438
22102005,0,0.03,0.03,0.03,0.03,0.03,0.03,0.03,0.03
22102005,3,0.458,0.458,0.458,0.458,0.458,0.458,0.458,0.458
22102005,6,0.546,0.546,0.546,0.546,0.546,0.546,0.546,0.546
22102005,147,0.842,0.842,0.842,0.842,0.842,0.842,0.842,0.842
22102005,151,0.206,0.206,0.206,0.206,0.206,0.206,0.206,0.206
22102005,159,0.44,0.44,0.44,0.44,0.44,0.44,0.44,0.44
22102005,164,0.658,0.658,0.658,0.658,0.658,0.658,0.658,0.658
22102005,166,0.462,0.462,0.462,0.462,0.462,0.462,0.462,0.462
22102005,169,0.29,0.29,0.29,0.29,0.29,0.29,0.29,0.29
22102009,148,0.676,0.676,0.676,0.676,0.676,0.676,0.676,0.676
22102009,149,1.368,1.368,1.368,1.368,1.368,1.368,1.368,1.368
22102009,158,0.52,0.52,0.52,0.52,0.52,0.52,0.52,0.52
22102009,162,0.716,0.716,0.716,0.716,0.716,0.716,0.716,0.716
22102009,174,0.972,0.972,0.972,0.972,0.972,0.972,0.972,0.972
22102012,164,0.79,0.79,0.79,0.79,0.79,0.79,0.79,0.79
22102013,153,0.904,0.904,0.904,0.904,0.904,0.904,0.904,0.904
22102013,155,0.348,0.348,0.348,0.348,0.348,0.348,0.348,0.348
22102013,164,0.532,0.532,0.532,0.532,0.532,0.532,0.532,0.532
22102013,170,1.116,1.1,1.1,1.1,1.1,1.1,1.1,1.1
22102014,0,1.992,1.992,1.992,1.992,1.992,1.992,1.992,1.992
22102014,2,0.342,0.342,0.342,0.342,0.342,0.342,0.342,0.342
22102014,3,1.532,1.53,1.53,1.53,1.53,1.53,1.53,1.53
22102014,6,0.678,0.676,0.676,0.676,0.676,0.676,0.676,0.676
22102014,147,1.164,1.16,1.16,1.16,1.16,1.16,1.16,1.16
22102014,150,2.738,2.714,2.714,2.714,2.714,2.714,2.714,2.714
22102014,151,1.812,1.81,1.81,1.81,1.81,1.81,1.81,1.81
22102014,152,0.39,0.39,0.39,0.39,0.39,0.39,0.39,0.39
22102014,153,2.276,2.278,2.278,2.278,2.278,2.278,2.278,2.278
22102014,155,0.966,0.966,0.966,0.966,0.966,0.966,0.966,0.966
22102014,157,0.466,0.466,0.466,0.466,0.466,0.466,0.466,0.466
22102014,159,4.272,4.376,4.376,4.376,4.376,4.376,4.376,4.376
22102014,166,2.04,2.064,2.064,2.064,2.064,2.064,2.064,2.064
22102014,169,0.726,0.726,0.726,0.726,0.726,0.726,0.726,0.726
22102014,170,0.576,0.576,0.576,0.576,0.576,0.576,0.576,0.576
22102014,172,0.73,0.73,0.73,0.73,0.73,0.73,0.73,0.73
22102014,173,1.022,1.022,1.022,1.022,1.022,1.022,1.022,1.022
22102014,174,1.048,1.048,1.048,1.048,1.048,1.048,1.048,1.048
22103000,2,0.408,0.41,0.41,0.41,0.41,0.41,0.41,0.41
22103000,5,1.892,1.902,1.902,1.902,1.902,1.902,1.902,1.902
22103001,5,0.784,0.784,0.784,0.784,0.784,0.784,0.784,0.784
22103001,147,0.84,0.84,0.84,0.84,0.84,0.84,0.84,0.84
22103001,153,0.482,0.482,0.482,0.482,0.482,0.482,0.482,0.482
22103001,174,1.024,1.024,1.024,1.024,1.024,1.024,1.024,1.024
22103003,158,0.57,0.57,0.57,0.57,0.57,0.57,0.57,0.57
22103003,165,0.526,0.526,0.526,0.526,0.526,0.526,0.526,0.526
22103004,0,2.588,2.596,2.596,2.596,2.596,2.596,2.596,2.596
22103004,3,5.773,5.734,5.734,5.734,5.734,5.734,5.734,5.734
22103004,5,3.936,3.82,3.82,3.82,3.82,3.82,3.82,3.82
22103004,173,4.586,4.474,4.474,4.474,4.474,4.474,4.474,4.474
22103005,0,0.508,0.508,0.508,0.508,0.508,0.508,0.508,0.508
22103005,3,1.066,1.066,1.066,1.066,1.066,1.066,1.066,1.066
22103005,4,1.07,1.07,1.07,1.07,1.07,1.07,1.07,1.07
22103005,6,0.99,0.99,0.99,0.99,0.99,0.99,0.99,0.99
22103005,157,0.556,0.556,0.556,0.556,0.556,0.556,0.556,0.556
22103005,172,1.324,1.322,1.322,1.322,1.322,1.322,1.322,1.322
22103006,3,1.106,1.1,1.1,1.1,1.1,1.1,1.1,1.1
22103006,150,1.994,1.994,1.994,1.994,1.994,1.994,1.994,1.994
22103006,170,0.964,0.964,0.964,0.964,0.964,0.964,0.964,0.964
22103007,0,0.001,0.001,0.001,0.001,0.001,0.001,0.001,0.001
22103008,162,0.802,0.802,0.802,0.802,0.802,0.802,0.802,0.802
22103009,146,1.216,1.212,1.212,1.212,1.212,1.212,1.212,1.212
22103010,147,1.158,1.16,1.16,1.16,1.16,1.16,1.16,1.16
22103010,151,2.512,2.524,2.524,2.524,2.524,2.524,2.524,2.524
22103010,154,1.242,1.242,1.242,1.242,1.242,1.242,1.242,1.242
22103011,151,1.526,1.526,1.526,1.526,1.526,1.526,1.526,1.526
22103011,152,1.268,1.268,1.268,1.268,1.268,1.268,1.268,1.268
22103011,155,0.564,0.564,0.564,0.564,0.564,0.564,0.564,0.564
22103011,170,0.744,0.744,0.744,0.744,0.744,0.744,0.744,0.744
22103012,149,1.552,1.552,1.552,1.552,1.552,1.552,1.552,1.552
22103013,2,0.288,0.288,0.288,0.288,0.288,0.288,0.288,0.288
22103013,165,0.584,0.584,0.584,0.584,0.584,0.584,0.584,0.584
22110003,3,1.296,1.296,1.296,1.296,1.296,1.296,1.296,1.296
22110004,170,0.62,0.618,0.618,0.618,0.618,0.618,0.618,0.618
22110004,174,1.894,1.9,1.9,1.9,1.9,1.9,1.9,1.9
22110085,151,1.176,1.176,1.176,1.176,1.176,1.176,1.176,1.176
22111004,3,0.714,0.714,0.714,0.714,0.714,0.714,0.714,0.714
22111004,5,2.97,2.96,2.96,2.96,2.96,2.96,2.96,2.96
22111004,149,0.76,0.76,0.76,0.76,0.76,0.76,0.76,0.76
22111004,153,1.754,1.764,1.764,1.764,1.764,1.764,1.764,1.764
22111004,154,1.17,1.168,1.168,1.168,1.168,1.168,1.168,1.168
22111004,157,0.37,0.37,0.37,0.37,0.37,0.37,0.37,0.37
22111004,158,0.932,0.932,0.932,0.932,0.932,0.932,0.932,0.932
22111004,159,0.766,0.766,0.766,0.766,0.766,0.766,0.766,0.766
22111004,161,0.3,0.3,0.3,0.3,0.3,0.3,0.3,0.3
22111004,163,0.488,0.488,0.488,0.488,0.488,0.488,0.488,0.488
22111004,169,0.52,0.52,0.52,0.52,0.52,0.52,0.52,0.52
22111006,149,0.694,0.694,0.694,0.694,0.694,0.694,0.694,0.694
22111006,166,1.226,1.226,1.226,1.226,1.226,1.226,1.226,1.226
22111008,0,0.826,0.826,0.826,0.826,0.826,0.826,0.826,0.826
22111008,151,1.006,1.006,1.006,1.006,1.006,1.006,1.006,1.006
22111008,172,1.456,1.458,1.458,1.458,1.458,1.458,1.458,1.458
22111008,174,0.698,0.698,0.698,0.698,0.698,0.698,0.698,0.698
22111012,5,0.802,0.802,0.802,0.802,0.802,0.802,0.802,0.802
22111012,149,0.516,0.516,0.516,0.516,0.516,0.516,0.516,0.516
22111012,153,0.464,0.464,0.464,0.464,0.464,0.464,0.464,0.464
22111012,157,0.348,0.348,0.348,0.348,0.348,0.348,0.348,0.348
22111012,161,0.32,0.32,0.32,0.32,0.32,0.32,0.32,0.32
22111012,163,1.164,1.16,1.16,1.16,1.16,1.16,1.16,1.16
22111012,165,0.51,0.51,0.51,0.51,0.51,0.51,0.51,0.51
22111012,168,0.552,0.552,0.552,0.552,0.552,0.552,0.552,0.552
22111015,1,1.234,1.234,1.234,1.234,1.234,1.234,1.234,1.234
22111026,150,1.182,1.184,1.184,1.184,1.184,1.184,1.184,1.184
22111026,155,0.318,0.318,0.318,0.318,0.318,0.318,0.318,0.318
22111026,170,0.988,0.988,0.988,0.988,0.988,0.988,0.988,0.988
22111029,5,0.562,0.562,0.562,0.562,0.562,0.562,0.562,0.562
22111029,151,0.298,0.298,0.298,0.298,0.298,0.298,0.298,0.298
22111031,145,0.996,0.996,0.996,0.996,0.996,0.996,0.996,0.996
22111031,151,0.892,0.892,0.892,0.892,0.892,0.892,0.892,0.892
22111031,153,0.36,0.36,0.36,0.36,0.36,0.36,0.36,0.36
22111031,161,0.426,0.426,0.426,0.426,0.426,0.426,0.426,0.426
22111031,169,0.356,0.356,0.356,0.356,0.356,0.356,0.356,0.356
22120004,0,0.656,0.656,0.656,0.656,0.656,0.656,0.656,0.656
22120004,3,0.554,0.554,0.554,0.554,0.554,0.554,0.554,0.554
22120005,0,0.43,0.43,0.43,0.43,0.43,0.43,0.43,0.43
22120005,7,0.252,0.252,0.252,0.252,0.252,0.252,0.252,0.252
22120005,153,0.382,0.382,0.382,0.382,0.382,0.382,0.382,0.382
22120015,0,0.001,0.001,0.001,0.001,0.001,0.001,0.001,0.001
22120028,5,0.27,0.27,0.27,0.27,0.27,0.27,0.27,0.27
22120028,6,0.322,0.322,0.322,0.322,0.322,0.322,0.322,0.322
22120039,0,0.35,0.35,0.35,0.35,0.35,0.35,0.35,0.35
22120039,1,0.312,0.312,0.312,0.312,0.312,0.312,0.312,0.312
22120039,5,0.8,0.8,0.8,0.8,0.8,0.8,0.8,0.8
22120044,0,2.0,2.0,2.0,2.0,2.0,2.0,2.0,2.0
22130000,3,0.02,0.02,0.02,0.02,0.02,0.02,0.02,0.02
22130000,151,0.264,0.264,0.264,0.264,0.264,0.264,0.264,0.264
22130000,160,0.28,0.28,0.28,0.28,0.28,0.28,0.28,0.28
22130000,164,0.002,0.002,0.002,0.002,0.002,0.002,0.002,0.002
22130000,170,0.318,0.318,0.318,0.318,0.318,0.318,0.318,0.318
22130000,174,0.274,0.274,0.274,0.274,0.274,0.274,0.274,0.274
22130003,164,0.374,0.374,0.374,0.374,0.374,0.374,0.374,0.374
22130007,3,0.08,0.08,0.08,0.08,0.08,0.08,0.08,0.08
22130007,152,0.216,0.216,0.216,0.216,0.216,0.216,0.216,0.216
22130011,1,0.482,0.482,0.482,0.482,0.482,0.482,0.482,0.482
22130011,5,0.374,0.374,0.374,0.374,0.374,0.374,0.374,0.374
22130016,7,0.37,0.37,0.37,0.37,0.37,0.37,0.37,0.37
22130016,165,0.274,0.274,0.274,0.274,0.274,0.274,0.274,0.274
22130016,174,0.4,0.4,0.4,0.4,0.4,0.4,0.4,0.4
22130017,3,0.02,0.02,0.02,0.02,0.02,0.02,0.02,0.02
22130017,4,0.426,0.426,0.426,0.426,0.426,0.426,0.426,0.426
22130017,153,0.284,0.284,0.284,0.284,0.284,0.284,0.284,0.284
22130029,165,0.582,0.582,0.582,0.582,0.582,0.582,0.582,0.582
22130029,174,0.44,0.44,0.44,0.44,0.44,0.44,0.44,0.44
22132010,1,0.192,0.192,0.192,0.192,0.192,0.192,0.192,0.192
22132010,166,0.188,0.188,0.188,0.188,0.188,0.188,0.188,0.188
22132010,170,0.146,0.146,0.146,0.146,0.146,0.146,0.146,0.146
22132010,174,0.134,0.134,0.134,0.134,0.134,0.134,0.134,0.134
22160001,3,0.466,0.466,0.466,0.466,0.466,0.466,0.466,0.466
22160001,5,0.398,0.398,0.398,0.398,0.398,0.398,0.398,0.398
22160001,161,0.552,0.552,0.552,0.552,0.552,0.552,0.552,0.552
22160001,165,1.0,1.0,1.0,1.0,1.0,1.0,1.0,1.0
22170001,6,0.516,0.516,0.516,0.516,0.516,0.516,0.516,0.516
22170001,7,0.244,0.244,0.244,0.244,0.244,0.244,0.244,0.244
22170001,150,0.272,0.272,0.272,0.272,0.272,0.272,0.272,0.272
22170001,159,0.254,0.254,0.254,0.254,0.254,0.254,0.254,0.254
22170001,160,0.764,0.764,0.764,0.764,0.764,0.764,0.764,0.764
22170001,163,0.45,0.452,0.452,0.452,0.452,0.452,0.452,0.452
22170001,170,0.19,0.19,0.19,0.19,0.19,0.19,0.19,0.19
22170001,174,0.316,0.316,0.316,0.316,0.316,0.316,0.316,0.316
22171002,163,0.258,0.258,0.258,0.258,0.258,0.258,0.258,0.258
22171004,5,0.3,0.3,0.3,0.3,0.3,0.3,0.3,0.3
22171004,145,0.334,0.334,0.334,0.334,0.334,0.334,0.334,0.334
22171004,154,0.416,0.416,0.416,0.416,0.416,0.416,0.416,0.416
22171004,157,0.086,0.086,0.086,0.086,0.086,0.086,0.086,0.086
22171004,160,0.07,0.07,0.07,0.07,0.07,0.07,0.07,0.07
22171004,163,0.242,0.242,0.242,0.242,0.242,0.242,0.242,0.242
22171005,153,0.308,0.308,0.308,0.308,0.308,0.308,0.308,0.308
22172000,0,0.286,0.286,0.286,0.286,0.286,0.286,0.286,0.286
22172000,2,0.294,0.294,0.294,0.294,0.294,0.294,0.294,0.294
22172000,5,0.334,0.334,0.334,0.334,0.334,0.334,0.334,0.334
22172000,6,0.568,0.568,0.568,0.568,0.568,0.568,0.568,0.568
22172005,3,0.078,0.078,0.078,0.078,0.078,0.078,0.078,0.078
22172005,5,0.16,0.16,0.16,0.16,0.16,0.16,0.16,0.16
22172005,6,0.166,0.166,0.166,0.166,0.166,0.166,0.166,0.166
22172006,2,0.768,0.768,0.768,0.768,0.768,0.768,0.768,0.768
22172006,4,0.248,0.248,0.248,0.248,0.248,0.248,0.248,0.248
22172007,5,0.746,0.746,0.746,0.746,0.746,0.746,0.746,0.746
22172007,145,0.32,0.32,0.32,0.32,0.32,0.32,0.32,0.32
22172007,148,0.358,0.358,0.358,0.358,0.358,0.358,0.358,0.358
22172007,152,0.638,0.638,0.638,0.638,0.638,0.638,0.638,0.638
22172008,6,0.43,0.43,0.43,0.43,0.43,0.43,0.43,0.43
22172008,146,0.542,0.542,0.542,0.542,0.542,0.542,0.542,0.542
22172010,2,0.638,0.638,0.638,0.638,0.638,0.638,0.638,0.638
22172012,170,0.494,0.494,0.494,0.494,0.494,0.494,0.494,0.494
22172012,172,0.324,0.324,0.324,0.324,0.324,0.324,0.324,0.324
22172013,3,0.04,0.042,0.042,0.042,0.042,0.042,0.042,0.042
22172013,4,0.035,0.034,0.034,0.034,0.034,0.034,0.034,0.034
22180002,157,0.436,0.436,0.436,0.436,0.436,0.436,0.436,0.436
22180003,3,0.954,0.952,0.952,0.952,0.952,0.952,0.952,0.952
22190000,0,1.186,1.188,1.188,1.188,1.188,1.188,1.188,1.188
22190000,3,0.58,0.58,0.58,0.58,0.58,0.58,0.58,0.58
22190000,4,0.904,0.904,0.904,0.904,0.904,0.904,0.904,0.904
22190000,5,0.88,0.88,0.88,0.88,0.88,0.88,0.88,0.88
22190000,7,0.404,0.403,0.403,0.403,0.403,0.403,0.403,0.403
22190000,147,0.001,0.001,0.001,0.001,0.001,0.001,0.001,0.001
22190000,153,0.001,0.001,0.001,0.001,0.001,0.001,0.001,0.001
22190000,173,0.001,0.001,0.001,0.001,0.001,0.001,0.001,0.001
22190002,0,0.53,0.53,0.53,0.53,0.53,0.53,0.53,0.53
22190002,3,0.15,0.15,0.15,0.15,0.15,0.15,0.15,0.15
22190002,5,0.286,0.286,0.286,0.286,0.286,0.286,0.286,0.286
22190002,153,0.182,0.182,0.182,0.182,0.182,0.182,0.182,0.182
22500001,152,0.944,0.944,0.944,0.944,0.944,0.944,0.944,0.944
22500022,0,0.001,0.001,0.001,0.001,0.001,0.001,0.001,0.001
22500022,4,0.78,0.78,0.78,0.78,0.78,0.78,0.78,0.78
22500022,5,0.001,0.001,0.001,0.001,0.001,0.001,0.001,0.001
22500022,145,1.948,1.946,1.946,1.946,1.946,1.946,1.946,1.946
22500022,147,0.836,0.838,0.838,0.838,0.838,0.838,0.838,0.838
22500022,148,1.734,1.726,1.726,1.726,1.726,1.726,1.726,1.726
22500022,149,2.796,2.758,2.758,2.758,2.758,2.758,2.758,2.758
22500022,150,1.422,1.43,1.43,1.43,1.43,1.43,1.43,1.43
22500022,153,1.458,1.458,1.458,1.458,1.458,1.458,1.458,1.458
22500022,156,1.0,1.0,1.0,1.0,1.0,1.0,1.0,1.0
22500022,157,0.588,0.588,0.588,0.588,0.588,0.588,0.588,0.588
22500022,161,1.878,1.874,1.874,1.874,1.874,1.874,1.874,1.874
22500022,164,1.536,1.548,1.548,1.548,1.548,1.548,1.548,1.548
22500022,165,1.408,1.408,1.408,1.408,1.408,1.408,1.408,1.408
22500056,163,0.002,0.002,0.002,0.002,0.002,0.002,0.002,0.002
22500056,170,0.001,0.001,0.001,0.001,0.001,0.001,0.001,0.001
22500072,152,1.328,1.328,1.328,1.328,1.328,1.328,1.328,1.328
22503000,3,130.0,130.0,130.0,130.0,130.0,130.0,130.0,130.0
22503000,4,128.0,130.0,130.0,130.0,130.0,130.0,130.0,130.0
22503000,7,128.0,130.0,130.0,130.0,130.0,130.0,130.0,130.0
22511000,0,0.448,0.448,0.448,0.448,0.448,0.448,0.448,0.448
22511000,149,0.104,0.104,0.104,0.104,0.104,0.104,0.104,0.104
22600000,162,7.17,7.0,7.0,7.0,7.0,7.0,7.0,7.0
22600000,174,2.868,2.96,2.96,2.96,2.96,2.96,2.96,2.96
22600002,150,9.06,9.0,9.0,9.0,9.0,9.0,9.0,9.0
22600002,162,3.204,3.186,3.186,3.186,3.186,3.186,3.186,3.186
22600002,166,1.55,1.548,1.548,1.548,1.548,1.548,1.548,1.548
22600002,167,1.986,1.982,1.982,1.982,1.982,1.982,1.982,1.982
22600002,170,2.638,2.656,2.656,2.656,2.656,2.656,2.656,2.656
22601000,0,1.304,1.31,1.31,1.31,1.31,1.31,1.31,1.31
22601000,4,0.51,0.51,0.51,0.51,0.51,0.51,0.51,0.51
22601000,5,1.934,1.942,1.942,1.942,1.942,1.942,1.942,1.942
22601000,151,1.216,1.212,1.212,1.212,1.212,1.212,1.212,1.212
22601000,159,1.622,1.618,1.618,1.618,1.618,1.618,1.618,1.618
22601000,161,0.858,0.858,0.858,0.858,0.858,0.858,0.858,0.858
22601000,162,1.098,1.098,1.098,1.098,1.098,1.098,1.098,1.098
22601000,168,1.12,1.12,1.12,1.12,1.12,1.12,1.12,1.12
22601000,170,0.83,0.83,0.83,0.83,0.83,0.83,0.83,0.83
22601000,172,1.326,1.326,1.326,1.326,1.326,1.326,1.326,1.326
22602000,0,0.33,0.33,0.33,0.33,0.33,0.33,0.33,0.33
22603000,155,0.698,0.698,0.698,0.698,0.698,0.698,0.698,0.698
22603000,170,1.934,1.938,1.938,1.938,1.938,1.938,1.938,1.938
22603001,1,1.1,1.1,1.1,1.1,1.1,1.1,1.1,1.1
22603001,146,1.008,1.012,1.012,1.012,1.012,1.012,1.012,1.012
22603001,150,1.17,1.168,1.168,1.168,1.168,1.168,1.168,1.168
22603002,150,0.892,0.892,0.892,0.892,0.892,0.892,0.892,0.892
22604000,1,0.438,0.438,0.438,0.438,0.438,0.438,0.438,0.438
22604000,153,0.538,0.538,0.538,0.538,0.538,0.538,0.538,0.538
22604000,164,1.548,1.548,1.548,1.548,1.548,1.548,1.548,1.548
22604000,170,0.708,0.706,0.706,0.706,0.706,0.706,0.706,0.706
22604000,173,0.714,0.714,0.714,0.714,0.714,0.714,0.714,0.714
22610000,154,0.658,0.658,0.658,0.658,0.658,0.658,0.658,0.658
22610002,4,0.48,0.48,0.48,0.48,0.48,0.48,0.48,0.48
22610002,162,0.544,0.544,0.544,0.544,0.544,0.544,0.544,0.544
22610004,153,0.994,0.996,0.996,0.996,0.996,0.996,0.996,0.996
22610103,152,0.394,0.394,0.394,0.394,0.394,0.394,0.394,0.394
22610103,156,1.076,1.078,1.078,1.078,1.078,1.078,1.078,1.078
22610103,159,0.516,0.516,0.516,0.516,0.516,0.516,0.516,0.516
22610103,160,0.324,0.324,0.324,0.324,0.324,0.324,0.324,0.324
22620012,170,0.826,0.826,0.826,0.826,0.826,0.826,0.826,0.826
22621000,1,0.358,0.358,0.358,0.358,0.358,0.358,0.358,0.358
22621002,146,0.512,0.512,0.512,0.512,0.512,0.512,0.512,0.512
22621002,156,0.686,0.686,0.686,0.686,0.686,0.686,0.686,0.686
22621002,162,0.448,0.448,0.448,0.448,0.448,0.448,0.448,0.448
22622000,155,0.674,0.674,0.674,0.674,0.674,0.674,0.674,0.674
22630000,5,0.562,0.562,0.562,0.562,0.562,0.562,0.562,0.562
22630000,154,0.574,0.574,0.574,0.574,0.574,0.574,0.574,0.574
22630009,148,0.604,0.604,0.604,0.604,0.604,0.604,0.604,0.604
22630009,152,1.55,1.548,1.548,1.548,1.548,1.548,1.548,1.548
22630009,153,0.72,0.718,0.718,0.718,0.718,0.718,0.718,0.718
22630009,165,0.798,0.798,0.798,0.798,0.798,0.798,0.798,0.798
22630009,169,0.416,0.416,0.416,0.416,0.416,0.416,0.416,0.416
22630009,170,0.626,0.626,0.626,0.626,0.626,0.626,0.626,0.626
22630010,146,1.0,1.0,1.0,1.0,1.0,1.0,1.0,1.0
22630010,158,0.654,0.654,0.654,0.654,0.654,0.654,0.654,0.654
22630013,5,0.328,0.328,0.328,0.328,0.328,0.328,0.328,0.328
22630049,1,0.776,0.774,0.774,0.774,0.774,0.774,0.774,0.774
22630049,5,0.598,0.598,0.598,0.598,0.598,0.598,0.598,0.598
22630049,153,1.812,1.802,1.802,1.802,1.802,1.802,1.802,1.802
22631002,1,1.01,1.01,1.01,1.01,1.01,1.01,1.01,1.01
22631002,4,0.428,0.428,0.428,0.428,0.428,0.428,0.428,0.428
22631002,150,0.552,0.552,0.552,0.552,0.552,0.552,0.552,0.552
22631002,151,0.31,0.31,0.31,0.31,0.31,0.31,0.31,0.31
22631002,165,0.276,0.276,0.276,0.276,0.276,0.276,0.276,0.276
22671053,166,0.992,0.99,0.99,0.99,0.99,0.99,0.99,0.99
22671060,159,0.502,0.502,0.502,0.502,0.502,0.502,0.502,0.502
22671070,152,0.81,0.81,0.81,0.81,0.81,0.81,0.81,0.81
22671070,165,0.626,0.626,0.626,0.626,0.626,0.626,0.626,0.626
22671070,173,2.168,2.09,2.09,2.09,2.09,2.09,2.09,2.09
22671071,151,0.208,0.208,0.208,0.208,0.208,0.208,0.208,0.208
22671071,169,0.538,0.538,0.538,0.538,0.538,0.538,0.538,0.538
22671072,173,0.896,0.896,0.896,0.896,0.896,0.896,0.896,0.896
22671075,151,0.144,0.144,0.144,0.144,0.144,0.144,0.144,0.144
22671076,151,0.174,0.174,0.174,0.174,0.174,0.174,0.174,0.174
22671076,168,0.364,0.364,0.364,0.364,0.364,0.364,0.364,0.364
22671077,148,0.974,0.974,0.974,0.974,0.974,0.974,0.974,0.974
22671077,151,0.18,0.18,0.18,0.18,0.18,0.18,0.18,0.18
22671077,173,1.496,1.496,1.496,1.496,1.496,1.496,1.496,1.496
22671078,173,0.85,0.85,0.85,0.85,0.85,0.85,0.85,0.85
22671079,148,0.782,0.782,0.782,0.782,0.782,0.782,0.782,0.782
22700000,159,0.458,0.458,0.458,0.458,0.458,0.458,0.458,0.458
22701000,4,0.002,0.002,0.002,0.002,0.002,0.002,0.002,0.002
22701000,159,0.268,0.268,0.268,0.268,0.268,0.268,0.268,0.268
22701003,1,0.466,0.466,0.466,0.466,0.466,0.466,0.466,0.466
22701003,2,0.46,0.46,0.46,0.46,0.46,0.46,0.46,0.46
22701003,6,0.277,0.276,0.276,0.276,0.276,0.276,0.276,0.276
22701007,5,0.342,0.342,0.342,0.342,0.342,0.342,0.342,0.342
22701008,3,0.706,0.706,0.706,0.706,0.706,0.706,0.706,0.706
22701014,147,1.014,1.018,1.018,1.018,1.018,1.018,1.018,1.018
22701014,167,1.274,1.274,1.274,1.274,1.274,1.274,1.274,1.274
22701014,170,1.552,1.552,1.552,1.552,1.552,1.552,1.552,1.552
22701020,5,0.422,0.422,0.422,0.422,0.422,0.422,0.422,0.422
22702002,1,0.764,0.764,0.764,0.764,0.764,0.764,0.764,0.764
22702005,2,0.232,0.232,0.232,0.232,0.232,0.232,0.232,0.232
22702005,160,0.288,0.288,0.288,0.288,0.288,0.288,0.288,0.288
22702005,161,0.218,0.218,0.218,0.218,0.218,0.218,0.218,0.218
22702005,172,0.412,0.412,0.412,0.412,0.412,0.412,0.412,0.412
22710000,4,0.512,0.512,0.512,0.512,0.512,0.512,0.512,0.512
22710000,6,0.376,0.376,0.376,0.376,0.376,0.376,0.376,0.376
22710003,0,0.344,0.344,0.344,0.344,0.344,0.344,0.344,0.344
22710003,1,0.354,0.354,0.354,0.354,0.354,0.354,0.354,0.354
22710003,5,0.93,0.93,0.93,0.93,0.93,0.93,0.93,0.93
22710005,5,0.588,0.588,0.588,0.588,0.588,0.588,0.588,0.588
22710009,2,2.424,2.416,2.416,2.416,2.416,2.416,2.416,2.416
22710009,4,1.014,1.018,1.018,1.018,1.018,1.018,1.018,1.018
22711000,2,2.504,2.5,2.5,2.5,2.5,2.5,2.5,2.5
22711000,6,0.52,0.52,0.52,0.52,0.52,0.52,0.52,0.52
22712001,0,0.288,0.288,0.288,0.288,0.288,0.288,0.288,0.288
22712001,3,0.244,0.244,0.244,0.244,0.244,0.244,0.244,0.244
22712001,5,0.246,0.246,0.246,0.246,0.246,0.246,0.246,0.246
22712001,6,0.262,0.262,0.262,0.262,0.262,0.262,0.262,0.262
22713001,0,0.788,0.786,0.786,0.786,0.786,0.786,0.786,0.786
22713001,2,0.498,0.498,0.498,0.498,0.498,0.498,0.498,0.498
22713001,3,0.42,0.42,0.42,0.42,0.42,0.42,0.42,0.42
22713001,4,0.286,0.286,0.286,0.286,0.286,0.286,0.286,0.286
22713001,5,0.714,0.714,0.714,0.714,0.714,0.714,0.714,0.714
22713001,7,0.472,0.472,0.472,0.472,0.472,0.472,0.472,0.472
22713002,2,1.414,1.414,1.414,1.414,1.414,1.414,1.414,1.414
22713002,5,0.82,0.82,0.82,0.82,0.82,0.82,0.82,0.82
22713002,6,0.306,0.306,0.306,0.306,0.306,0.306,0.306,0.306
22713004,0,0.382,0.382,0.382,0.382,0.382,0.382,0.382,0.382
22713004,5,0.272,0.272,0.272,0.272,0.272,0.272,0.272,0.272
22713007,2,0.49,0.49,0.49,0.49,0.49,0.49,0.49,0.49
22713008,1,0.876,0.878,0.878,0.878,0.878,0.878,0.878,0.878
22800000,152,1.13,1.13,1.13,1.13,1.13,1.13,1.13,1.13
22800000,174,2.122,2.09,2.09,2.09,2.09,2.09,2.09,2.09
22800001,154,0.326,0.326,0.326,0.326,0.326,0.326,0.326,0.326
22800001,166,1.25,1.25,1.25,1.25,1.25,1.25,1.25,1.25
22801000,153,1.128,1.125,1.125,1.125,1.125,1.125,1.125,1.125
22802001,153,1.26,1.26,1.26,1.26,1.26,1.26,1.26,1.26
22802001,157,0.884,0.884,0.884,0.884,0.884,0.884,0.884,0.884
22830000,0,0.22,0.22,0.22,0.22,0.22,0.22,0.22,0.22
22830002,1,0.1,0.1,0.1,0.1,0.1,0.1,0.1,0.1
22830002,153,0.07,0.07,0.07,0.07,0.07,0.07,0.07,0.07
22830003,0,0.244,0.244,0.244,0.244,0.244,0.244,0.244,0.244
22830003,147,0.132,0.132,0.132,0.132,0.132,0.132,0.132,0.132
22840002,5,0.254,0.254,0.254,0.254,0.254,0.254,0.254,0.254
22840002,155,0.312,0.312,0.312,0.312,0.312,0.312,0.312,0.312
22840002,159,0.388,0.388,0.388,0.388,0.388,0.388,0.388,0.388
22851000,164,0.174,0.174,0.174,0.174,0.174,0.174,0.174,0.174
22851000,169,0.168,0.168,0.168,0.168,0.168,0.168,0.168,0.168
22851001,174,0.17,0.17,0.17,0.17,0.17,0.17,0.17,0.17
22852000,173,0.506,0.506,0.506,0.506,0.506,0.506,0.506,0.506
23110001,0,88.0,88.0,88.0,88.0,88.0,88.0,88.0,88.0
23110001,1,14.0,12.8,12.8,12.8,12.8,12.8,12.8,12.8
23110001,2,76.0,88.0,88.0,88.0,88.0,88.0,88.0,88.0
23110001,145,11.0,11.0,11.0,11.0,11.0,11.0,11.0,11.0
23110001,146,120.0,112.0,112.0,112.0,112.0,112.0,112.0,112.0
23110001,148,18.0,18.0,18.0,18.0,18.0,18.0,18.0,18.0
23110001,152,11.0,11.0,11.0,11.0,11.0,11.0,11.0,11.0
23110001,153,119.0,112.0,112.0,112.0,112.0,112.0,112.0,112.0
23110001,158,11.0,11.0,11.0,11.0,11.0,11.0,11.0,11.0
23110001,159,11.0,11.0,11.0,11.0,11.0,11.0,11.0,11.0
23110001,160,11.0,11.0,11.0,11.0,11.0,11.0,11.0,11.0
23110001,167,2.0,2.0,2.0,2.0,2.0,2.0,2.0,2.0
23110001,169,19.0,19.8,19.8,19.8,19.8,19.8,19.8,19.8
23110001,170,4.0,4.0,4.0,4.0,4.0,4.0,4.0,4.0
23110001,172,11.0,11.0,11.0,11.0,11.0,11.0,11.0,11.0
23110001,174,15.0,15.0,15.0,15.0,15.0,15.0,15.0,15.0
23110005,145,6.5,6.5,6.5,6.5,6.5,6.5,6.5,6.5
23110005,164,6.5,6.5,6.5,6.5,6.5,6.5,6.5,6.5
23110006,2,98.0,90.0,90.0,90.0,90.0,90.0,90.0,90.0
23110006,4,65.0,65.0,65.0,65.0,65.0,65.0,65.0,65.0
23110007,3,24.0,24.0,24.0,24.0,24.0,24.0,24.0,24.0
23110007,145,12.0,12.0,12.0,12.0,12.0,12.0,12.0,12.0
23110007,146,12.0,12.0,12.0,12.0,12.0,12.0,12.0,12.0
23110007,151,24.0,24.0,24.0,24.0,24.0,24.0,24.0,24.0
23110007,152,24.0,24.0,24.0,24.0,24.0,24.0,24.0,24.0
23110007,153,12.0,12.0,12.0,12.0,12.0,12.0,12.0,12.0
23110007,156,12.0,12.0,12.0,12.0,12.0,12.0,12.0,12.0
23110007,159,12.0,12.0,12.0,12.0,12.0,12.0,12.0,12.0
23110007,161,24.0,24.0,24.0,24.0,24.0,24.0,24.0,24.0
23110007,163,12.0,12.0,12.0,12.0,12.0,12.0,12.0,12.0
23110007,168,12.0,12.0,12.0,12.0,12.0,12.0,12.0,12.0
23110009,1,10.0,10.0,10.0,10.0,10.0,10.0,10.0,10.0
23110009,2,40.0,40.0,40.0,40.0,40.0,40.0,40.0,40.0
23110009,3,20.0,20.0,20.0,20.0,20.0,20.0,20.0,20.0
23110009,4,20.0,20.0,20.0,20.0,20.0,20.0,20.0,20.0
23110009,5,60.0,60.0,60.0,60.0,60.0,60.0,60.0,60.0
23110009,146,20.0,20.0,20.0,20.0,20.0,20.0,20.0,20.0
23110009,147,30.0,30.0,30.0,30.0,30.0,30.0,30.0,30.0
23110009,148,40.0,40.0,40.0,40.0,40.0,40.0,40.0,40.0
23110009,150,40.0,40.0,40.0,40.0,40.0,40.0,40.0,40.0
23110009,151,20.0,20.0,20.0,20.0,20.0,20.0,20.0,20.0
23110009,152,20.0,20.0,20.0,20.0,20.0,20.0,20.0,20.0
23110009,153,20.0,20.0,20.0,20.0,20.0,20.0,20.0,20.0
23110009,154,50.0,50.0,50.0,50.0,50.0,50.0,50.0,50.0
23110009,155,40.0,40.0,40.0,40.0,40.0,40.0,40.0,40.0
23110009,156,20.0,20.0,20.0,20.0,20.0,20.0,20.0,20.0
23110009,157,10.0,10.0,10.0,10.0,10.0,10.0,10.0,10.0
23110009,158,10.0,10.0,10.0,10.0,10.0,10.0,10.0,10.0
23110009,159,10.0,10.0,10.0,10.0,10.0,10.0,10.0,10.0
23110009,160,10.0,10.0,10.0,10.0,10.0,10.0,10.0,10.0
23110009,161,20.0,20.0,20.0,20.0,20.0,20.0,20.0,20.0
23110009,164,20.0,20.0,20.0,20.0,20.0,20.0,20.0,20.0
23110009,165,10.0,10.0,10.0,10.0,10.0,10.0,10.0,10.0
23110009,166,30.0,30.0,30.0,30.0,30.0,30.0,30.0,30.0
23110009,168,10.0,10.0,10.0,10.0,10.0,10.0,10.0,10.0
23110009,169,20.0,20.0,20.0,20.0,20.0,20.0,20.0,20.0
23110009,170,20.0,20.0,20.0,20.0,20.0,20.0,20.0,20.0
23110009,171,60.0,60.0,60.0,60.0,60.0,60.0,60.0,60.0
23110009,172,20.0,20.0,20.0,20.0,20.0,20.0,20.0,20.0
23110009,173,40.0,40.0,40.0,40.0,40.0,40.0,40.0,40.0
23110009,174,20.0,20.0,20.0,20.0,20.0,20.0,20.0,20.0
23110028,171,1.0,1.0,1.0,1.0,1.0,1.0,1.0,1.0
23110029,150,1.0,1.0,1.0,1.0,1.0,1.0,1.0,1.0
23110144,149,0.001,0.001,0.001,0.001,0.001,0.001,0.001,0.001
23110144,160,0.002,0.002,0.002,0.002,0.002,0.002,0.002,0.002
23110144,164,0.001,0.001,0.001,0.001,0.001,0.001,0.001,0.001
23110144,166,0.001,0.001,0.001,0.001,0.001,0.001,0.001,0.001
23110144,171,0.001,0.001,0.001,0.001,0.001,0.001,0.001,0.001
23110175,2,0.492,0.492,0.492,0.492,0.492,0.492,0.492,0.492
23110175,7,0.474,0.474,0.474,0.474,0.474,0.474,0.474,0.474
23110184,165,1.0,1.0,1.0,1.0,1.0,1.0,1.0,1.0
23110186,150,1.0,1.0,1.0,1.0,1.0,1.0,1.0,1.0
23110186,159,1.0,1.0,1.0,1.0,1.0,1.0,1.0,1.0
23110187,145,1.0,1.0,1.0,1.0,1.0,1.0,1.0,1.0
23110187,146,1.0,1.0,1.0,1.0,1.0,1.0,1.0,1.0
23110187,165,2.0,2.0,2.0,2.0,2.0,2.0,2.0,2.0
23110188,7,2.0,2.0,2.0,2.0,2.0,2.0,2.0,2.0
23110188,147,1.0,1.0,1.0,1.0,1.0,1.0,1.0,1.0
23110192,149,1.0,1.0,1.0,1.0,1.0,1.0,1.0,1.0
23110192,152,1.0,1.0,1.0,1.0,1.0,1.0,1.0,1.0
23112013,150,1.0,1.0,1.0,1.0,1.0,1.0,1.0,1.0
23112013,163,1.0,1.0,1.0,1.0,1.0,1.0,1.0,1.0
23112013,171,1.0,1.0,1.0,1.0,1.0,1.0,1.0,1.0
23112031,165,1.0,1.0,1.0,1.0,1.0,1.0,1.0,1.0
23112032,4,1.0,1.0,1.0,1.0,1.0,1.0,1.0,1.0
23112032,6,1.0,1.0,1.0,1.0,1.0,1.0,1.0,1.0
23112032,172,1.0,1.0,1.0,1.0,1.0,1.0,1.0,1.0
23113003,154,1.0,1.0,1.0,1.0,1.0,1.0,1.0,1.0
23113003,157,1.0,1.0,1.0,1.0,1.0,1.0,1.0,1.0
23113019,152,1.0,1.0,1.0,1.0,1.0,1.0,1.0,1.0
23113019,154,1.0,1.0,1.0,1.0,1.0,1.0,1.0,1.0
23113022,163,1.0,1.0,1.0,1.0,1.0,1.0,1.0,1.0
23113024,147,1.0,1.0,1.0,1.0,1.0,1.0,1.0,1.0
23113024,156,1.0,1.0,1.0,1.0,1.0,1.0,1.0,1.0
23113024,159,1.0,1.0,1.0,1.0,1.0,1.0,1.0,1.0
23113024,169,1.0,1.0,1.0,1.0,1.0,1.0,1.0,1.0
23113024,174,1.0,1.0,1.0,1.0,1.0,1.0,1.0,1.0
23113025,154,1.0,1.0,1.0,1.0,1.0,1.0,1.0,1.0
23113025,169,1.0,1.0,1.0,1.0,1.0,1.0,1.0,1.0
23113026,6,1.0,1.0,1.0,1.0,1.0,1.0,1.0,1.0
23113027,2,1.0,1.0,1.0,1.0,1.0,1.0,1.0,1.0
23113027,152,1.0,1.0,1.0,1.0,1.0,1.0,1.0,1.0
23113027,159,1.0,1.0,1.0,1.0,1.0,1.0,1.0,1.0
23113027,162,1.0,1.0,1.0,1.0,1.0,1.0,1.0,1.0
23113027,167,1.0,1.0,1.0,1.0,1.0,1.0,1.0,1.0
23113027,169,1.0,1.0,1.0,1.0,1.0,1.0,1.0,1.0
23113027,170,2.0,2.0,2.0,2.0,2.0,2.0,2.0,2.0
23113028,151,1.0,1.0,1.0,1.0,1.0,1.0,1.0,1.0
23113028,153,1.0,1.0,1.0,1.0,1.0,1.0,1.0,1.0
23120001,1,0.196,0.196,0.196,0.196,0.196,0.196,0.196,0.196
23120001,3,0.184,0.184,0.184,0.184,0.184,0.184,0.184,0.184
23120001,5,1.28,1.274,1.274,1.274,1.274,1.274,1.274,1.274
23120001,7,0.208,0.208,0.208,0.208,0.208,0.208,0.208,0.208
23120001,145,0.154,0.154,0.154,0.154,0.154,0.154,0.154,0.154
23120001,146,0.144,0.144,0.144,0.144,0.144,0.144,0.144,0.144
23120001,148,0.382,0.382,0.382,0.382,0.382,0.382,0.382,0.382
23120001,149,0.13,0.13,0.13,0.13,0.13,0.13,0.13,0.13
23120001,150,0.902,0.902,0.902,0.902,0.902,0.902,0.902,0.902
23120001,155,0.162,0.162,0.162,0.162,0.162,0.162,0.162,0.162
23120001,157,0.208,0.208,0.208,0.208,0.208,0.208,0.208,0.208
23120001,158,0.812,0.812,0.812,0.812,0.812,0.812,0.812,0.812
23120001,160,0.474,0.474,0.474,0.474,0.474,0.474,0.474,0.474
23120001,161,0.186,0.186,0.186,0.186,0.186,0.186,0.186,0.186
23120001,167,0.466,0.466,0.466,0.466,0.466,0.466,0.466,0.466
23120001,170,0.13,0.13,0.13,0.13,0.13,0.13,0.13,0.13
23120001,172,0.432,0.432,0.432,0.432,0.432,0.432,0.432,0.432
23120001,173,0.236,0.236,0.236,0.236,0.236,0.236,0.236,0.236
23120059,6,1.0,1.0,1.0,1.0,1.0,1.0,1.0,1.0
23120059,7,1.0,1.0,1.0,1.0,1.0,1.0,1.0,1.0
23121052,1,0.41,0.41,0.41,0.41,0.41,0.41,0.41,0.41
23121052,3,0.258,0.258,0.258,0.258,0.258,0.258,0.258,0.258
23121052,4,0.58,0.58,0.58,0.58,0.58,0.58,0.58,0.58
23121052,5,0.232,0.232,0.232,0.232,0.232,0.232,0.232,0.232
23121054,174,1.0,1.0,1.0,1.0,1.0,1.0,1.0,1.0
23130012,165,1.0,1.0,1.0,1.0,1.0,1.0,1.0,1.0
23130012,172,1.0,1.0,1.0,1.0,1.0,1.0,1.0,1.0
23130012,173,1.0,1.0,1.0,1.0,1.0,1.0,1.0,1.0
23130073,171,1.0,1.0,1.0,1.0,1.0,1.0,1.0,1.0
23130079,171,1.0,1.0,1.0,1.0,1.0,1.0,1.0,1.0
23131002,2,0.001,0.001,0.001,0.001,0.001,0.001,0.001,0.001
23131002,4,0.002,0.002,0.002,0.002,0.002,0.002,0.002,0.002
23131002,5,0.001,0.001,0.001,0.001,0.001,0.001,0.001,0.001
23131002,145,0.002,0.002,0.002,0.002,0.002,0.002,0.002,0.002
23131002,146,0.001,0.001,0.001,0.001,0.001,0.001,0.001,0.001
23131002,149,0.001,0.001,0.001,0.001,0.001,0.001,0.001,0.001
23131002,150,0.001,0.001,0.001,0.001,0.001,0.001,0.001,0.001
23131002,155,0.002,0.002,0.002,0.002,0.002,0.002,0.002,0.002
23131002,162,0.001,0.001,0.001,0.001,0.001,0.001,0.001,0.001
23131002,163,0.001,0.001,0.001,0.001,0.001,0.001,0.001,0.001
23131002,165,0.001,0.001,0.001,0.001,0.001,0.001,0.001,0.001
23131002,170,0.002,0.002,0.002,0.002,0.002,0.002,0.002,0.002
23132061,3,0.001,0.001,0.001,0.001,0.001,0.001,0.001,0.001
23132061,6,0.001,0.001,0.001,0.001,0.001,0.001,0.001,0.001
23132061,145,0.001,0.001,0.001,0.001,0.001,0.001,0.001,0.001
23132061,146,0.001,0.001,0.001,0.001,0.001,0.001,0.001,0.001
23132061,159,0.001,0.001,0.001,0.001,0.001,0.001,0.001,0.001
23132061,171,0.003,0.003,0.003,0.003,0.003,0.003,0.003,0.003
23132063,146,0.001,0.001,0.001,0.001,0.001,0.001,0.001,0.001
23132063,163,0.001,0.001,0.001,0.001,0.001,0.001,0.001,0.001
23132063,166,0.001,0.001,0.001,0.001,0.001,0.001,0.001,0.001
23132063,171,0.001,0.001,0.001,0.001,0.001,0.001,0.001,0.001
23132063,173,0.002,0.002,0.002,0.002,0.002,0.002,0.002,0.002
23132063,174,0.002,0.002,0.002,0.002,0.002,0.002,0.002,0.002
23132068,0,0.946,0.946,0.946,0.946,0.946,0.946,0.946,0.946
23132068,5,0.4,0.4,0.4,0.4,0.4,0.4,0.4,0.4
23132068,7,0.31,0.31,0.31,0.31,0.31,0.31,0.31,0.31
23132068,147,0.218,0.218,0.218,0.218,0.218,0.218,0.218,0.218
23132068,149,0.254,0.254,0.254,0.254,0.254,0.254,0.254,0.254
23132068,153,0.144,0.144,0.144,0.144,0.144,0.144,0.144,0.144
23132068,155,0.798,0.798,0.798,0.798,0.798,0.798,0.798,0.798
23132068,157,0.948,0.948,0.948,0.948,0.948,0.948,0.948,0.948
23132068,158,0.264,0.264,0.264,0.264,0.264,0.264,0.264,0.264
23132068,161,0.616,0.616,0.616,0.616,0.616,0.616,0.616,0.616
23132068,165,0.176,0.176,0.176,0.176,0.176,0.176,0.176,0.176
23132068,166,0.736,0.736,0.736,0.736,0.736,0.736,0.736,0.736
23132068,169,0.376,0.376,0.376,0.376,0.376,0.376,0.376,0.376
23132068,170,0.418,0.418,0.418,0.418,0.418,0.418,0.418,0.418
23132068,172,0.872,0.872,0.872,0.872,0.872,0.872,0.872,0.872
23132068,174,0.4,0.4,0.4,0.4,0.4,0.4,0.4,0.4
23132072,7,0.34,0.34,0.34,0.34,0.34,0.34,0.34,0.34
23132072,149,0.356,0.356,0.356,0.356,0.356,0.356,0.356,0.356
23133017,0,2.0,2.0,2.0,2.0,2.0,2.0,2.0,2.0
23133017,5,2.0,2.0,2.0,2.0,2.0,2.0,2.0,2.0
23134002,1,2.724,2.712,2.712,2.712,2.712,2.712,2.712,2.712
23134002,3,0.43,0.43,0.43,0.43,0.43,0.43,0.43,0.43
23134002,5,0.952,0.954,0.954,0.954,0.954,0.954,0.954,0.954
23134002,7,0.43,0.43,0.43,0.43,0.43,0.43,0.43,0.43
23134002,145,0.342,0.342,0.342,0.342,0.342,0.342,0.342,0.342
23134002,147,0.166,0.166,0.166,0.166,0.166,0.166,0.166,0.166
23134002,148,0.332,0.332,0.332,0.332,0.332,0.332,0.332,0.332
23134002,149,0.234,0.234,0.234,0.234,0.234,0.234,0.234,0.234
23134002,151,0.394,0.394,0.394,0.394,0.394,0.394,0.394,0.394
23134002,156,0.862,0.864,0.864,0.864,0.864,0.864,0.864,0.864
23134002,161,0.34,0.34,0.34,0.34,0.34,0.34,0.34,0.34
23134002,168,0.674,0.674,0.674,0.674,0.674,0.674,0.674,0.674
23134003,1,0.001,0.001,0.001,0.001,0.001,0.001,0.001,0.001
23134003,4,0.002,0.002,0.002,0.002,0.002,0.002,0.002,0.002
23134003,5,0.001,0.001,0.001,0.001,0.001,0.001,0.001,0.001
23134003,147,0.002,0.002,0.002,0.002,0.002,0.002,0.002,0.002
23134003,149,0.001,0.001,0.001,0.001,0.001,0.001,0.001,0.001
23134003,153,0.001,0.001,0.001,0.001,0.001,0.001,0.001,0.001
23134003,160,0.001,0.001,0.001,0.001,0.001,0.001,0.001,0.001
23134003,163,0.001,0.001,0.001,0.001,0.001,0.001,0.001,0.001
23134003,164,0.002,0.002,0.002,0.002,0.002,0.002,0.002,0.002
23134003,171,0.001,0.001,0.001,0.001,0.001,0.001,0.001,0.001
23134003,172,0.001,0.001,0.001,0.001,0.001,0.001,0.001,0.001
23135027,5,1.0,1.0,1.0,1.0,1.0,1.0,1.0,1.0
23135028,5,1.0,1.0,1.0,1.0,1.0,1.0,1.0,1.0
23141012,155,18.0,18.0,18.0,18.0,18.0,18.0,18.0,18.0
23142001,165,0.022,0.022,0.022,0.022,0.022,0.022,0.022,0.022
23142001,166,0.022,0.022,0.022,0.022,0.022,0.022,0.022,0.022
23142001,169,0.033,0.03,0.03,0.03,0.03,0.03,0.03,0.03
23142001,172,0.012,0.012,0.012,0.012,0.012,0.012,0.012,0.012
23142012,173,0.326,0.326,0.326,0.326,0.326,0.326,0.326,0.326
25005060,153,1.508,1.508,1.508,1.508,1.508,1.508,1.508,1.508
25012012,0,0.352,0.352,0.352,0.352,0.352,0.352,0.352,0.352
25012012,1,0.644,0.644,0.644,0.644,0.644,0.644,0.644,0.644
25012012,4,0.308,0.308,0.308,0.308,0.308,0.308,0.308,0.308
25100108,5,0.28,0.28,0.28,0.28,0.28,0.28,0.28,0.28
25100108,151,0.27,0.27,0.27,0.27,0.27,0.27,0.27,0.27
25100108,159,0.27,0.27,0.27,0.27,0.27,0.27,0.27,0.27
25100108,165,0.784,0.784,0.784,0.784,0.784,0.784,0.784,0.784
25100113,163,0.001,0.001,0.001,0.001,0.001,0.001,0.001,0.001
25101002,5,0.522,0.522,0.522,0.522,0.522,0.522,0.522,0.522
25101002,161,0.458,0.458,0.458,0.458,0.458,0.458,0.458,0.458
25101002,165,0.488,0.488,0.488,0.488,0.488,0.488,0.488,0.488
25101002,174,0.546,0.546,0.546,0.546,0.546,0.546,0.546,0.546
25101011,3,1.342,1.342,1.342,1.342,1.342,1.342,1.342,1.342
25101011,5,0.264,0.264,0.264,0.264,0.264,0.264,0.264,0.264
25101011,145,0.152,0.152,0.152,0.152,0.152,0.152,0.152,0.152
25101011,152,0.182,0.182,0.182,0.182,0.182,0.182,0.182,0.182
25101011,154,0.186,0.186,0.186,0.186,0.186,0.186,0.186,0.186
25101011,156,0.332,0.332,0.332,0.332,0.332,0.332,0.332,0.332
25101011,161,0.358,0.358,0.358,0.358,0.358,0.358,0.358,0.358
25101011,166,0.436,0.436,0.436,0.436,0.436,0.436,0.436,0.436
25101044,2,2.0,2.0,2.0,2.0,2.0,2.0,2.0,2.0
25101044,3,2.2,2.2,2.2,2.2,2.2,2.2,2.2,2.2
25101044,5,5.0,5.0,5.0,5.0,5.0,5.0,5.0,5.0
25101044,147,6.0,6.0,6.0,6.0,6.0,6.0,6.0,6.0
25101044,149,4.0,4.0,4.0,4.0,4.0,4.0,4.0,4.0
25101044,151,3.0,3.0,3.0,3.0,3.0,3.0,3.0,3.0
25101044,153,0.2,0.2,0.2,0.2,0.2,0.2,0.2,0.2
25101044,155,2.0,2.0,2.0,2.0,2.0,2.0,2.0,2.0
25101044,157,2.0,2.0,2.0,2.0,2.0,2.0,2.0,2.0
25101044,158,4.8,4.5,4.5,4.5,4.5,4.5,4.5,4.5
25101044,159,0.4,0.4,0.4,0.4,0.4,0.4,0.4,0.4
25101044,162,2.0,2.0,2.0,2.0,2.0,2.0,2.0,2.0
25101044,164,0.2,0.2,0.2,0.2,0.2,0.2,0.2,0.2
25101044,165,2.0,2.0,2.0,2.0,2.0,2.0,2.0,2.0
25101044,169,2.0,2.0,2.0,2.0,2.0,2.0,2.0,2.0
25101044,172,5.2,5.0,5.0,5.0,5.0,5.0,5.0,5.0
25101044,173,6.0,6.0,6.0,6.0,6.0,6.0,6.0,6.0
25101046,145,0.6,0.6,0.6,0.6,0.6,0.6,0.6,0.6
25101046,156,0.3,0.3,0.3,0.3,0.3,0.3,0.3,0.3
25101046,158,0.3,0.3,0.3,0.3,0.3,0.3,0.3,0.3
25101046,162,0.3,0.3,0.3,0.3,0.3,0.3,0.3,0.3
25101046,163,0.3,0.3,0.3,0.3,0.3,0.3,0.3,0.3
25101046,166,0.6,0.6,0.6,0.6,0.6,0.6,0.6,0.6
25101046,168,0.3,0.3,0.3,0.3,0.3,0.3,0.3,0.3
25110012,5,4.0,4.0,4.0,4.0,4.0,4.0,4.0,4.0
25110012,170,2.0,2.0,2.0,2.0,2.0,2.0,2.0,2.0
25111021,0,2.0,2.0,2.0,2.0,2.0,2.0,2.0,2.0
25111021,150,2.0,2.0,2.0,2.0,2.0,2.0,2.0,2.0
25111045,149,5.0,5.0,5.0,5.0,5.0,5.0,5.0,5.0
25111045,151,5.0,5.0,5.0,5.0,5.0,5.0,5.0,5.0
25111045,155,5.0,5.0,5.0,5.0,5.0,5.0,5.0,5.0
25111045,170,5.0,5.0,5.0,5.0,5.0,5.0,5.0,5.0
25111045,171,11.0,11.0,11.0,11.0,11.0,11.0,11.0,11.0
25111048,0,4.0,4.0,4.0,4.0,4.0,4.0,4.0,4.0
25111048,3,2.0,2.0,2.0,2.0,2.0,2.0,2.0,2.0
25111048,148,2.0,2.0,2.0,2.0,2.0,2.0,2.0,2.0
25111048,151,2.0,2.0,2.0,2.0,2.0,2.0,2.0,2.0
25111048,161,4.0,4.0,4.0,4.0,4.0,4.0,4.0,4.0
25111048,163,2.0,2.0,2.0,2.0,2.0,2.0,2.0,2.0
25111048,171,2.0,2.0,2.0,2.0,2.0,2.0,2.0,2.0
25111051,151,5.0,5.0,5.0,5.0,5.0,5.0,5.0,5.0
25111051,161,2.0,2.0,2.0,2.0,2.0,2.0,2.0,2.0
25120014,154,4.0,4.0,4.0,4.0,4.0,4.0,4.0,4.0
25120014,155,3.0,3.0,3.0,3.0,3.0,3.0,3.0,3.0
25120014,165,2.667,2.666,2.666,2.666,2.666,2.666,2.666,2.666
25120014,166,3.0,3.0,3.0,3.0,3.0,3.0,3.0,3.0
25120014,170,4.0,4.0,4.0,4.0,4.0,4.0,4.0,4.0
25120014,173,7.0,7.0,7.0,7.0,7.0,7.0,7.0,7.0
25120016,0,0.004,0.004,0.004,0.004,0.004,0.004,0.004,0.004
25120016,5,0.073,0.072,0.072,0.072,0.072,0.072,0.072,0.072
25120016,6,0.02,0.02,0.02,0.02,0.02,0.02,0.02,0.02
25120016,146,0.004,0.004,0.004,0.004,0.004,0.004,0.004,0.004
25120016,147,0.005,0.005,0.005,0.005,0.005,0.005,0.005,0.005
25120016,148,0.003,0.003,0.003,0.003,0.003,0.003,0.003,0.003
25120016,149,0.002,0.002,0.002,0.002,0.002,0.002,0.002,0.002
25120016,151,0.006,0.006,0.006,0.006,0.006,0.006,0.006,0.006
25120016,152,0.003,0.003,0.003,0.003,0.003,0.003,0.003,0.003
25120016,154,0.008,0.008,0.008,0.008,0.008,0.008,0.008,0.008
25120016,155,0.012,0.012,0.012,0.012,0.012,0.012,0.012,0.012
25120016,157,0.005,0.005,0.005,0.005,0.005,0.005,0.005,0.005
25120016,160,0.001,0.001,0.001,0.001,0.001,0.001,0.001,0.001
25120016,165,0.002,0.002,0.002,0.002,0.002,0.002,0.002,0.002
25120016,166,0.01,0.01,0.01,0.01,0.01,0.01,0.01,0.01
25120016,167,0.015,0.015,0.015,0.015,0.015,0.015,0.015,0.015
25120016,168,0.004,0.004,0.004,0.004,0.004,0.004,0.004,0.004
25120016,169,0.003,0.003,0.003,0.003,0.003,0.003,0.003,0.003
25120016,170,0.006,0.006,0.006,0.006,0.006,0.006,0.006,0.006
25120016,173,0.019,0.019,0.019,0.019,0.019,0.019,0.019,0.019
25120035,4,2.083,2.083,2.083,2.083,2.083,2.083,2.083,2.083
25120035,5,4.083,4.21,4.21,4.21,4.21,4.21,4.21,4.21
25120036,147,28.0,26.0,26.0,26.0,26.0,26.0,26.0,26.0
25120036,154,2.0,2.0,2.0,2.0,2.0,2.0,2.0,2.0
25120036,155,28.0,26.0,26.0,26.0,26.0,26.0,26.0,26.0
25120036,160,36.0,36.0,36.0,36.0,36.0,36.0,36.0,36.0
25120036,163,4.0,4.0,4.0,4.0,4.0,4.0,4.0,4.0
25120036,165,6.292,6.2,6.2,6.2,6.2,6.2,6.2,6.2
25120036,166,20.0,20.0,20.0,20.0,20.0,20.0,20.0,20.0
25120036,168,0.292,0.292,0.292,0.292,0.292,0.292,0.292,0.292
25120036,173,16.0,16.0,16.0,16.0,16.0,16.0,16.0,16.0
25120036,174,4.0,4.0,4.0,4.0,4.0,4.0,4.0,4.0
25121003,3,2.105,2.105,2.105,2.105,2.105,2.105,2.105,2.105
25121003,5,4.21,4.21,4.21,4.21,4.21,4.21,4.21,4.21
25121003,163,2.0,2.0,2.0,2.0,2.0,2.0,2.0,2.0
25121013,3,0.306,0.306,0.306,0.306,0.306,0.306,0.306,0.306
25121013,154,0.19,0.19,0.19,0.19,0.19,0.19,0.19,0.19
25121013,164,0.228,0.228,0.228,0.228,0.228,0.228,0.228,0.228
25130010,155,0.146,0.146,0.146,0.146,0.146,0.146,0.146,0.146
25130010,172,0.17,0.17,0.17,0.17,0.17,0.17,0.17,0.17
25150001,2,1.046,1.046,1.046,1.046,1.046,1.046,1.046,1.046
25150001,5,1.046,1.046,1.046,1.046,1.046,1.046,1.046,1.046
25405948,150,0.608,0.608,0.608,0.608,0.608,0.608,0.608,0.608
25405948,155,0.536,0.536,0.536,0.536,0.536,0.536,0.536,0.536
25405948,159,0.518,0.518,0.518,0.518,0.518,0.518,0.518,0.518
25405948,162,0.536,0.536,0.536,0.536,0.536,0.536,0.536,0.536
27000012,5,0.232,0.232,0.232,0.232,0.232,0.232,0.232,0.232
27000012,169,0.158,0.158,0.158,0.158,0.158,0.158,0.158,0.158
27000013,5,0.358,0.358,0.358,0.358,0.358,0.358,0.358,0.358
27000019,5,0.492,0.492,0.492,0.492,0.492,0.492,0.492,0.492
27000019,153,0.478,0.478,0.478,0.478,0.478,0.478,0.478,0.478
27000020,159,0.396,0.396,0.396,0.396,0.396,0.396,0.396,0.396
27000020,173,1.316,1.316,1.316,1.316,1.316,1.316,1.316,1.316
27000037,3,0.422,0.422,0.422,0.422,0.422,0.422,0.422,0.422
27000037,159,0.278,0.278,0.278,0.278,0.278,0.278,0.278,0.278
27000037,173,0.302,0.302,0.302,0.302,0.302,0.302,0.302,0.302
27000201,5,0.98,0.98,0.98,0.98,0.98,0.98,0.98,0.98
27000573,7,0.266,0.266,0.266,0.266,0.266,0.266,0.266,0.266
27000573,154,0.76,0.76,0.76,0.76,0.76,0.76,0.76,0.76
27000573,160,0.474,0.474,0.474,0.474,0.474,0.474,0.474,0.474
27000573,161,0.626,0.625,0.625,0.625,0.625,0.625,0.625,0.625
27000573,168,0.522,0.522,0.522,0.522,0.522,0.522,0.522,0.522
27000573,173,0.83,0.83,0.83,0.83,0.83,0.83,0.83,0.83
27000574,145,0.01,0.01,0.01,0.01,0.01,0.01,0.01,0.01
27000574,149,0.026,0.026,0.026,0.026,0.026,0.026,0.026,0.026
27000574,152,0.036,0.036,0.036,0.036,0.036,0.036,0.036,0.036
27000574,154,0.032,0.032,0.032,0.032,0.032,0.032,0.032,0.032
27000574,163,0.036,0.036,0.036,0.036,0.036,0.036,0.036,0.036
27000574,164,0.02,0.02,0.02,0.02,0.02,0.02,0.02,0.02
27000574,171,0.02,0.02,0.02,0.02,0.02,0.02,0.02,0.02
27000574,174,0.016,0.016,0.016,0.016,0.016,0.016,0.016,0.016
27000575,155,0.06,0.06,0.06,0.06,0.06,0.06,0.06,0.06
27000575,160,0.076,0.076,0.076,0.076,0.076,0.076,0.076,0.076
27000575,166,0.092,0.093,0.093,0.093,0.093,0.093,0.093,0.093
27000576,1,0.005,0.005,0.005,0.005,0.005,0.005,0.005,0.005
27000576,4,0.011,0.011,0.011,0.011,0.011,0.011,0.011,0.011
27000576,5,0.001,0.001,0.001,0.001,0.001,0.001,0.001,0.001
27000576,151,0.003,0.003,0.003,0.003,0.003,0.003,0.003,0.003
27000576,153,0.011,0.011,0.011,0.011,0.011,0.011,0.011,0.011
27000576,156,0.007,0.007,0.007,0.007,0.007,0.007,0.007,0.007
27000576,171,0.005,0.005,0.005,0.005,0.005,0.005,0.005,0.005
27000576,172,0.011,0.011,0.011,0.011,0.011,0.011,0.011,0.011
27000577,150,0.248,0.248,0.248,0.248,0.248,0.248,0.248,0.248
27000577,165,0.014,0.014,0.014,0.014,0.014,0.014,0.014,0.014
27000578,156,10.0,10.0,10.0,10.0,10.0,10.0,10.0,10.0
27000578,160,12.0,12.0,12.0,12.0,12.0,12.0,12.0,12.0
27000578,161,10.0,10.0,10.0,10.0,10.0,10.0,10.0,10.0
27000581,2,142.0,180.0,180.0,180.0,180.0,180.0,180.0,180.0
27000581,5,812.0,974.0,974.0,974.0,974.0,974.0,974.0,974.0
27000581,147,556.0,534.0,534.0,534.0,534.0,534.0,534.0,534.0
27000581,150,440.0,510.0,510.0,510.0,510.0,510.0,510.0,510.0
27000581,151,1332.0,1258.0,1258.0,1258.0,1258.0,1258.0,1258.0,1258.0
27000581,154,722.0,708.0,708.0,708.0,708.0,708.0,708.0,708.0
27000581,155,886.0,908.0,908.0,908.0,908.0,908.0,908.0,908.0
27000581,159,644.0,534.0,534.0,534.0,534.0,534.0,534.0,534.0
27000581,160,1318.0,1258.0,1258.0,1258.0,1258.0,1258.0,1258.0,1258.0
27000581,161,1396.0,1258.0,1258.0,1258.0,1258.0,1258.0,1258.0,1258.0
27000581,163,774.0,708.0,708.0,708.0,708.0,708.0,708.0,708.0
27000581,166,622.0,534.0,534.0,534.0,534.0,534.0,534.0,534.0
27000581,171,208.0,208.0,208.0,208.0,208.0,208.0,208.0,208.0
27000581,172,760.0,708.0,708.0,708.0,708.0,708.0,708.0,708.0
27000581,174,316.0,264.0,264.0,264.0,264.0,264.0,264.0,264.0
27000582,2,1.0,1.0,1.0,1.0,1.0,1.0,1.0,1.0
27000582,4,3.0,3.0,3.0,3.0,3.0,3.0,3.0,3.0
27000582,5,1.25,1.25,1.25,1.25,1.25,1.25,1.25,1.25
27000582,145,2.75,2.758,2.758,2.758,2.758,2.758,2.758,2.758
27000582,148,1.25,1.25,1.25,1.25,1.25,1.25,1.25,1.25
27000582,149,1.0,1.0,1.0,1.0,1.0,1.0,1.0,1.0
27000582,151,2.5,2.5,2.5,2.5,2.5,2.5,2.5,2.5
27000582,152,1.25,1.25,1.25,1.25,1.25,1.25,1.25,1.25
27000582,154,1.25,1.25,1.25,1.25,1.25,1.25,1.25,1.25
27000582,155,4.75,4.25,4.25,4.25,4.25,4.25,4.25,4.25
27000582,156,4.75,4.25,4.25,4.25,4.25,4.25,4.25,4.25
27000582,159,2.25,2.25,2.25,2.25,2.25,2.25,2.25,2.25
27000582,160,1.5,1.5,1.5,1.5,1.5,1.5,1.5,1.5
27000582,163,1.875,1.875,1.875,1.875,1.875,1.875,1.875,1.875
27000582,165,2.5,2.5,2.5,2.5,2.5,2.5,2.5,2.5
27000582,168,3.0,3.0,3.0,3.0,3.0,3.0,3.0,3.0
27000582,170,2.25,2.25,2.25,2.25,2.25,2.25,2.25,2.25
27000582,172,1.875,1.875,1.875,1.875,1.875,1.875,1.875,1.875
27000582,173,9.375,9.0,9.0,9.0,9.0,9.0,9.0,9.0
27000611,173,0.26,0.26,0.26,0.26,0.26,0.26,0.26,0.26
27002042,5,1.514,1.51,1.51,1.51,1.51,1.51,1.51,1.51
27002045,1,0.32,0.32,0.32,0.32,0.32,0.32,0.32,0.32
27002045,5,0.542,0.542,0.542,0.542,0.542,0.542,0.542,0.542
27002163,3,0.354,0.354,0.354,0.354,0.354,0.354,0.354,0.354
27002163,147,0.142,0.142,0.142,0.142,0.142,0.142,0.142,0.142
27002163,165,0.358,0.358,0.358,0.358,0.358,0.358,0.358,0.358
27002163,173,0.256,0.256,0.256,0.256,0.256,0.256,0.256,0.256
27002165,1,0.314,0.314,0.314,0.314,0.314,0.314,0.314,0.314
27002165,148,0.142,0.142,0.142,0.142,0.142,0.142,0.142,0.142
27002165,167,0.42,0.42,0.42,0.42,0.42,0.42,0.42,0.42
27002166,1,0.494,0.494,0.494,0.494,0.494,0.494,0.494,0.494
27002167,3,0.268,0.268,0.268,0.268,0.268,0.268,0.268,0.268
27002167,149,0.262,0.262,0.262,0.262,0.262,0.262,0.262,0.262
27002167,151,0.522,0.522,0.522,0.522,0.522,0.522,0.522,0.522
27002167,172,0.262,0.262,0.262,0.262,0.262,0.262,0.262,0.262
27002169,3,0.452,0.45,0.45,0.45,0.45,0.45,0.45,0.45
27002169,6,0.49,0.49,0.49,0.49,0.49,0.49,0.49,0.49
27002169,148,0.758,0.758,0.758,0.758,0.758,0.758,0.758,0.758
27002169,165,0.296,0.296,0.296,0.296,0.296,0.296,0.296,0.296
27002173,149,0.242,0.242,0.242,0.242,0.242,0.242,0.242,0.242
27002174,5,1.1,1.1,1.1,1.1,1.1,1.1,1.1,1.1
27002174,6,0.798,0.798,0.798,0.798,0.798,0.798,0.798,0.798
27002174,153,0.314,0.314,0.314,0.314,0.314,0.314,0.314,0.314
27002174,154,0.314,0.314,0.314,0.314,0.314,0.314,0.314,0.314
27002174,155,0.344,0.344,0.344,0.344,0.344,0.344,0.344,0.344
27002174,166,0.51,0.51,0.51,0.51,0.51,0.51,0.51,0.51
27002174,170,0.494,0.494,0.494,0.494,0.494,0.494,0.494,0.494
27002176,152,0.198,0.198,0.198,0.198,0.198,0.198,0.198,0.198
27002176,171,0.376,0.376,0.376,0.376,0.376,0.376,0.376,0.376
27002177,3,0.36,0.36,0.36,0.36,0.36,0.36,0.36,0.36
27002182,149,0.43,0.43,0.43,0.43,0.43,0.43,0.43,0.43
27002182,160,0.214,0.214,0.214,0.214,0.214,0.214,0.214,0.214
27002185,3,0.44,0.44,0.44,0.44,0.44,0.44,0.44,0.44
27002186,6,0.3,0.3,0.3,0.3,0.3,0.3,0.3,0.3
27002187,151,0.194,0.194,0.194,0.194,0.194,0.194,0.194,0.194
27002187,152,0.392,0.392,0.392,0.392,0.392,0.392,0.392,0.392
27002188,5,0.576,0.576,0.576,0.576,0.576,0.576,0.576,0.576
27002188,151,0.338,0.338,0.338,0.338,0.338,0.338,0.338,0.338
27002188,154,0.3,0.3,0.3,0.3,0.3,0.3,0.3,0.3
27002188,167,0.61,0.61,0.61,0.61,0.61,0.61,0.61,0.61
27002188,170,0.62,0.618,0.618,0.618,0.618,0.618,0.618,0.618
27002190,174,0.296,0.296,0.296,0.296,0.296,0.296,0.296,0.296
27002194,3,0.634,0.634,0.634,0.634,0.634,0.634,0.634,0.634
27002194,152,0.416,0.416,0.416,0.416,0.416,0.416,0.416,0.416
27002194,153,0.51,0.51,0.51,0.51,0.51,0.51,0.51,0.51
27002194,167,0.446,0.446,0.446,0.446,0.446,0.446,0.446,0.446
27002269,162,0.762,0.76,0.76,0.76,0.76,0.76,0.76,0.76
27002435,174,0.712,0.714,0.714,0.714,0.714,0.714,0.714,0.714
27002440,156,0.536,0.536,0.536,0.536,0.536,0.536,0.536,0.536
27002440,166,0.974,0.974,0.974,0.974,0.974,0.974,0.974,0.974
27002441,149,152.0,180.0,180.0,180.0,180.0,180.0,180.0,180.0
27002554,154,0.138,0.138,0.138,0.138,0.138,0.138,0.138,0.138
27002555,145,0.224,0.224,0.224,0.224,0.224,0.224,0.224,0.224
27002555,152,0.182,0.182,0.182,0.182,0.182,0.182,0.182,0.182
27002555,160,0.294,0.294,0.294,0.294,0.294,0.294,0.294,0.294
27002555,170,0.118,0.118,0.118,0.118,0.118,0.118,0.118,0.118
27002555,173,0.236,0.236,0.236,0.236,0.236,0.236,0.236,0.236
27002557,1,0.236,0.236,0.236,0.236,0.236,0.236,0.236,0.236
27002558,155,0.576,0.576,0.576,0.576,0.576,0.576,0.576,0.576
27002559,167,0.104,0.104,0.104,0.104,0.104,0.104,0.104,0.104
27002560,1,2.0,2.0,2.0,2.0,2.0,2.0,2.0,2.0
27002560,150,1.0,1.0,1.0,1.0,1.0,1.0,1.0,1.0
27002561,170,0.8,0.8,0.8,0.8,0.8,0.8,0.8,0.8
27002584,152,0.001,0.001,0.001,0.001,0.001,0.001,0.001,0.001
27002584,153,0.001,0.001,0.001,0.001,0.001,0.001,0.001,0.001
27002584,165,0.002,0.002,0.002,0.002,0.002,0.002,0.002,0.002
27002588,154,0.001,0.001,0.001,0.001,0.001,0.001,0.001,0.001
27030003,6,0.472,0.472,0.472,0.472,0.472,0.472,0.472,0.472
27030020,150,0.002,0.002,0.002,0.002,0.002,0.002,0.002,0.002
27100542,3,0.372,0.372,0.372,0.372,0.372,0.372,0.372,0.372
27100542,4,0.358,0.358,0.358,0.358,0.358,0.358,0.358,0.358
27100542,5,0.356,0.356,0.356,0.356,0.356,0.356,0.356,0.356
27100542,145,0.45,0.452,0.452,0.452,0.452,0.452,0.452,0.452
27100542,147,0.362,0.362,0.362,0.362,0.362,0.362,0.362,0.362
27100542,150,0.37,0.37,0.37,0.37,0.37,0.37,0.37,0.37
27100542,153,0.94,0.942,0.942,0.942,0.942,0.942,0.942,0.942
27100542,155,0.46,0.46,0.46,0.46,0.46,0.46,0.46,0.46
27100542,156,1.162,1.16,1.16,1.16,1.16,1.16,1.16,1.16
27100542,158,0.37,0.37,0.37,0.37,0.37,0.37,0.37,0.37
27100542,163,0.298,0.298,0.298,0.298,0.298,0.298,0.298,0.298
27100542,166,0.194,0.194,0.194,0.194,0.194,0.194,0.194,0.194
27100542,167,0.514,0.514,0.514,0.514,0.514,0.514,0.514,0.514
27100542,171,0.576,0.576,0.576,0.576,0.576,0.576,0.576,0.576
27100542,172,0.254,0.254,0.254,0.254,0.254,0.254,0.254,0.254
27100542,174,1.142,1.142,1.142,1.142,1.142,1.142,1.142,1.142
27200924,3,0.001,0.001,0.001,0.001,0.001,0.001,0.001,0.001
27200924,6,0.002,0.002,0.002,0.002,0.002,0.002,0.002,0.002
27200924,145,0.001,0.001,0.001,0.001,0.001,0.001,0.001,0.001
27200924,146,0.001,0.001,0.001,0.001,0.001,0.001,0.001,0.001
27200924,149,0.001,0.001,0.001,0.001,0.001,0.001,0.001,0.001
27200924,150,0.003,0.003,0.003,0.003,0.003,0.003,0.003,0.003
27200924,154,0.003,0.003,0.003,0.003,0.003,0.003,0.003,0.003
27200924,158,0.001,0.001,0.001,0.001,0.001,0.001,0.001,0.001
27200924,159,0.001,0.001,0.001,0.001,0.001,0.001,0.001,0.001
27200924,161,0.005,0.005,0.005,0.005,0.005,0.005,0.005,0.005
27200924,165,0.001,0.001,0.001,0.001,0.001,0.001,0.001,0.001
27200924,167,0.001,0.001,0.001,0.001,0.001,0.001,0.001,0.001
27200925,5,0.012,0.012,0.012,0.012,0.012,0.012,0.012,0.012
27200925,154,0.006,0.006,0.006,0.006,0.006,0.006,0.006,0.006
27200925,168,0.006,0.006,0.006,0.006,0.006,0.006,0.006,0.006
27200938,5,0.001,0.001,0.001,0.001,0.001,0.001,0.001,0.001
27200938,152,0.002,0.002,0.002,0.002,0.002,0.002,0.002,0.002
27200938,154,0.001,0.001,0.001,0.001,0.001,0.001,0.001,0.001
27200938,155,0.001,0.001,0.001,0.001,0.001,0.001,0.001,0.001
27200938,156,0.001,0.001,0.001,0.001,0.001,0.001,0.001,0.001
27200938,158,0.002,0.002,0.002,0.002,0.002,0.002,0.002,0.002
27200938,162,0.001,0.001,0.001,0.001,0.001,0.001,0.001,0.001
27200938,164,0.001,0.001,0.001,0.001,0.001,0.001,0.001,0.001
27200938,165,0.002,0.002,0.002,0.002,0.002,0.002,0.002,0.002
27200938,174,0.001,0.001,0.001,0.001,0.001,0.001,0.001,0.001
27200939,1,0.482,0.482,0.482,0.482,0.482,0.482,0.482,0.482
27200940,3,0.762,0.76,0.76,0.76,0.76,0.76,0.76,0.76
27200941,3,0.001,0.001,0.001,0.001,0.001,0.001,0.001,0.001
27210006,153,0.787,0.788,0.788,0.788,0.788,0.788,0.788,0.788
27210006,172,0.787,0.786,0.786,0.786,0.786,0.786,0.786,0.786
27240000,1,342.0,314.0,314.0,314.0,314.0,314.0,314.0,314.0
27240000,2,336.0,314.0,314.0,314.0,314.0,314.0,314.0,314.0
27300273,1,2.35,2.35,2.35,2.35,2.35,2.35,2.35,2.35
27300273,3,1.25,1.25,1.25,1.25,1.25,1.25,1.25,1.25
27300273,4,1.1,1.104,1.104,1.104,1.104,1.104,1.104,1.104
27300273,5,1.25,1.25,1.25,1.25,1.25,1.25,1.25,1.25
27300273,145,10.0,10.0,10.0,10.0,10.0,10.0,10.0,10.0
27300273,146,5.0,5.0,5.0,5.0,5.0,5.0,5.0,5.0
27300273,147,18.0,18.0,18.0,18.0,18.0,18.0,18.0,18.0
27300273,151,5.0,5.0,5.0,5.0,5.0,5.0,5.0,5.0
27300273,153,5.0,5.0,5.0,5.0,5.0,5.0,5.0,5.0
27300273,155,5.0,5.0,5.0,5.0,5.0,5.0,5.0,5.0
27300273,157,5.0,5.0,5.0,5.0,5.0,5.0,5.0,5.0
27300273,161,15.0,15.0,15.0,15.0,15.0,15.0,15.0,15.0
27300273,165,5.0,5.0,5.0,5.0,5.0,5.0,5.0,5.0
27300273,172,5.0,5.0,5.0,5.0,5.0,5.0,5.0,5.0
27300273,173,9.0,9.0,9.0,9.0,9.0,9.0,9.0,9.0
27300273,174,9.0,9.0,9.0,9.0,9.0,9.0,9.0,9.0
27300274,0,0.906,0.906,0.906,0.906,0.906,0.906,0.906,0.906
27300274,1,2.91,2.875,2.875,2.875,2.875,2.875,2.875,2.875
27300274,3,0.782,0.782,0.782,0.782,0.782,0.782,0.782,0.782
27300274,4,1.156,1.156,1.156,1.156,1.156,1.156,1.156,1.156
27300274,5,3.13,3.2,3.2,3.2,3.2,3.2,3.2,3.2
27300274,7,0.582,0.582,0.582,0.582,0.582,0.582,0.582,0.582
27300274,147,0.554,0.554,0.554,0.554,0.554,0.554,0.554,0.554
27300274,148,0.54,0.54,0.54,0.54,0.54,0.54,0.54,0.54
27300274,152,0.796,0.796,0.796,0.796,0.796,0.796,0.796,0.796
27300274,153,1.324,1.333,1.333,1.333,1.333,1.333,1.333,1.333
27300274,155,0.42,0.42,0.42,0.42,0.42,0.42,0.42,0.42
27300274,158,0.58,0.58,0.58,0.58,0.58,0.58,0.58,0.58
27300274,164,0.51,0.51,0.51,0.51,0.51,0.51,0.51,0.51
27300274,168,1.33,1.333,1.333,1.333,1.333,1.333,1.333,1.333
27300274,169,0.512,0.512,0.512,0.512,0.512,0.512,0.512,0.512
27300274,170,0.692,0.692,0.692,0.692,0.692,0.692,0.692,0.692
27300274,172,0.886,0.884,0.884,0.884,0.884,0.884,0.884,0.884
27300274,174,0.776,0.774,0.774,0.774,0.774,0.774,0.774,0.774
27300275,145,0.38,0.38,0.38,0.38,0.38,0.38,0.38,0.38
27300275,162,0.38,0.38,0.38,0.38,0.38,0.38,0.38,0.38
27300275,165,0.38,0.38,0.38,0.38,0.38,0.38,0.38,0.38
27300275,166,0.38,0.38,0.38,0.38,0.38,0.38,0.38,0.38
27300276,1,0.376,0.376,0.376,0.376,0.376,0.376,0.376,0.376
27300276,149,0.558,0.558,0.558,0.558,0.558,0.558,0.558,0.558
27300276,152,0.586,0.586,0.586,0.586,0.586,0.586,0.586,0.586
27300276,153,0.36,0.36,0.36,0.36,0.36,0.36,0.36,0.36
27300276,164,0.53,0.53,0.53,0.53,0.53,0.53,0.53,0.53
27300278,165,0.216,0.216,0.216,0.216,0.216,0.216,0.216,0.216
27300279,174,0.21,0.21,0.21,0.21,0.21,0.21,0.21,0.21
27300280,4,0.356,0.356,0.356,0.356,0.356,0.356,0.356,0.356
27300281,1,0.284,0.284,0.284,0.284,0.284,0.284,0.284,0.284
27300281,4,0.406,0.406,0.406,0.406,0.406,0.406,0.406,0.406
27300281,170,0.224,0.224,0.224,0.224,0.224,0.224,0.224,0.224
27300281,174,0.196,0.196,0.196,0.196,0.196,0.196,0.196,0.196
27300282,5,0.14,0.14,0.14,0.14,0.14,0.14,0.14,0.14
27300282,145,0.142,0.142,0.142,0.142,0.142,0.142,0.142,0.142
27300282,150,0.114,0.114,0.114,0.114,0.114,0.114,0.114,0.114
27300282,152,0.266,0.266,0.266,0.266,0.266,0.266,0.266,0.266
27300282,167,0.136,0.136,0.136,0.136,0.136,0.136,0.136,0.136
27300283,4,0.236,0.236,0.236,0.236,0.236,0.236,0.236,0.236
27400052,165,0.05,0.05,0.05,0.05,0.05,0.05,0.05,0.05
27400118,152,0.11,0.11,0.11,0.11,0.11,0.11,0.11,0.11
27400118,153,0.056,0.056,0.056,0.056,0.056,0.056,0.056,0.056
27400145,3,0.074,0.072,0.072,0.072,0.072,0.072,0.072,0.072
27400145,150,0.066,0.066,0.066,0.066,0.066,0.066,0.066,0.066
27400145,151,0.054,0.054,0.054,0.054,0.054,0.054,0.054,0.054
27400145,161,0.066,0.066,0.066,0.066,0.066,0.066,0.066,0.066
27400145,174,0.062,0.062,0.062,0.062,0.062,0.062,0.062,0.062
27400158,3,0.068,0.068,0.068,0.068,0.068,0.068,0.068,0.068
27400158,153,0.09,0.09,0.09,0.09,0.09,0.09,0.09,0.09
27400158,174,0.074,0.072,0.072,0.072,0.072,0.072,0.072,0.072
27400289,2,0.084,0.084,0.084,0.084,0.084,0.084,0.084,0.084
27400289,3,0.002,0.002,0.002,0.002,0.002,0.002,0.002,0.002
27400289,5,0.103,0.102,0.102,0.102,0.102,0.102,0.102,0.102
27400289,159,0.1,0.1,0.1,0.1,0.1,0.1,0.1,0.1
27400302,1,0.102,0.102,0.102,0.102,0.102,0.102,0.102,0.102
27400302,7,0.1,0.1,0.1,0.1,0.1,0.1,0.1,0.1
27400708,150,0.09,0.09,0.09,0.09,0.09,0.09,0.09,0.09
27400708,151,0.1,0.1,0.1,0.1,0.1,0.1,0.1,0.1
27400708,165,0.094,0.094,0.094,0.094,0.094,0.094,0.094,0.094
27400708,172,0.094,0.094,0.094,0.094,0.094,0.094,0.094,0.094
27400855,1,0.001,0.001,0.001,0.001,0.001,0.001,0.001,0.001
27400855,5,0.001,0.001,0.001,0.001,0.001,0.001,0.001,0.001
27400855,150,0.001,0.001,0.001,0.001,0.001,0.001,0.001,0.001
27400855,154,0.002,0.002,0.002,0.002,0.002,0.002,0.002,0.002
27400855,159,0.001,0.001,0.001,0.001,0.001,0.001,0.001,0.001
27400855,167,0.001,0.001,0.001,0.001,0.001,0.001,0.001,0.001
27401706,150,1.136,1.14,1.14,1.14,1.14,1.14,1.14,1.14
27401707,173,0.888,0.89,0.89,0.89,0.89,0.89,0.89,0.89
27410000,1,0.008,0.008,0.008,0.008,0.008,0.008,0.008,0.008
27410000,2,0.016,0.016,0.016,0.016,0.016,0.016,0.016,0.016
27410000,3,0.006,0.006,0.006,0.006,0.006,0.006,0.006,0.006
27410000,5,0.007,0.007,0.007,0.007,0.007,0.007,0.007,0.007
27410000,146,0.006,0.006,0.006,0.006,0.006,0.006,0.006,0.006
27410000,147,0.007,0.007,0.007,0.007,0.007,0.007,0.007,0.007
27410000,148,0.006,0.006,0.006,0.006,0.006,0.006,0.006,0.006
27410000,150,0.02,0.02,0.02,0.02,0.02,0.02,0.02,0.02
27410000,151,0.012,0.012,0.012,0.012,0.012,0.012,0.012,0.012
27410000,153,0.013,0.013,0.013,0.013,0.013,0.013,0.013,0.013
27410000,154,0.008,0.008,0.008,0.008,0.008,0.008,0.008,0.008
27410000,155,0.021,0.021,0.021,0.021,0.021,0.021,0.021,0.021
27410000,157,0.008,0.008,0.008,0.008,0.008,0.008,0.008,0.008
27410000,159,0.013,0.013,0.013,0.013,0.013,0.013,0.013,0.013
27410000,160,0.012,0.012,0.012,0.012,0.012,0.012,0.012,0.012
27410000,163,0.008,0.008,0.008,0.008,0.008,0.008,0.008,0.008
27410000,167,0.012,0.012,0.012,0.012,0.012,0.012,0.012,0.012
27410000,168,0.008,0.008,0.008,0.008,0.008,0.008,0.008,0.008
27410000,170,0.008,0.008,0.008,0.008,0.008,0.008,0.008,0.008
27410000,171,0.008,0.008,0.008,0.008,0.008,0.008,0.008,0.008
27410000,172,0.018,0.018,0.018,0.018,0.018,0.018,0.018,0.018
27410000,173,0.015,0.015,0.015,0.015,0.015,0.015,0.015,0.015
27410001,3,1.333,1.333,1.333,1.333,1.333,1.333,1.333,1.333
27410001,5,3.999,3.75,3.75,3.75,3.75,3.75,3.75,3.75
27410001,165,1.333,1.333,1.333,1.333,1.333,1.333,1.333,1.333
27410001,166,1.333,1.333,1.333,1.333,1.333,1.333,1.333,1.333
27410002,2,7.0,7.0,7.0,7.0,7.0,7.0,7.0,7.0
27410002,147,1.0,1.0,1.0,1.0,1.0,1.0,1.0,1.0
27410002,154,1.0,1.0,1.0,1.0,1.0,1.0,1.0,1.0
27410002,155,1.0,1.0,1.0,1.0,1.0,1.0,1.0,1.0
27410002,166,2.0,2.0,2.0,2.0,2.0,2.0,2.0,2.0
27410003,1,8.0,8.0,8.0,8.0,8.0,8.0,8.0,8.0
27410003,145,14.0,12.8,12.8,12.8,12.8,12.8,12.8,12.8
27410003,147,7.0,7.0,7.0,7.0,7.0,7.0,7.0,7.0
27410003,151,33.0,33.0,33.0,33.0,33.0,33.0,33.0,33.0
27410003,153,12.0,12.0,12.0,12.0,12.0,12.0,12.0,12.0
27410003,156,12.0,12.0,12.0,12.0,12.0,12.0,12.0,12.0
27410003,160,19.0,19.0,19.0,19.0,19.0,19.0,19.0,19.0
27410003,162,7.0,7.0,7.0,7.0,7.0,7.0,7.0,7.0
27410003,163,1.0,1.0,1.0,1.0,1.0,1.0,1.0,1.0
27410003,166,1.0,1.0,1.0,1.0,1.0,1.0,1.0,1.0
27410003,172,1.0,1.0,1.0,1.0,1.0,1.0,1.0,1.0
27410003,174,2.0,2.0,2.0,2.0,2.0,2.0,2.0,2.0
27410004,173,206.0,206.0,206.0,206.0,206.0,206.0,206.0,206.0
27410005,147,1.0,1.0,1.0,1.0,1.0,1.0,1.0,1.0
27410005,162,2.0,2.0,2.0,2.0,2.0,2.0,2.0,2.0
27410005,174,1.0,1.0,1.0,1.0,1.0,1.0,1.0,1.0
27410007,165,8.0,8.0,8.0,8.0,8.0,8.0,8.0,8.0
27410007,171,3.0,3.0,3.0,3.0,3.0,3.0,3.0,3.0
27410042,3,0.001,0.001,0.001,0.001,0.001,0.001,0.001,0.001
27410042,5,0.002,0.002,0.002,0.002,0.002,0.002,0.002,0.002
27410043,5,408.0,406.0,406.0,406.0,406.0,406.0,406.0,406.0
27410044,5,0.134,0.134,0.134,0.134,0.134,0.134,0.134,0.134
27410044,145,0.001,0.001,0.001,0.001,0.001,0.001,0.001,0.001
27410044,150,0.267,0.266,0.266,0.266,0.266,0.266,0.266,0.266
27410044,151,0.222,0.222,0.222,0.222,0.222,0.222,0.222,0.222
27410044,152,0.532,0.532,0.532,0.532,0.532,0.532,0.532,0.532
27410044,153,0.001,0.001,0.001,0.001,0.001,0.001,0.001,0.001
27410044,154,0.001,0.001,0.001,0.001,0.001,0.001,0.001,0.001
27410044,157,0.001,0.001,0.001,0.001,0.001,0.001,0.001,0.001
27410044,174,0.241,0.24,0.24,0.24,0.24,0.24,0.24,0.24
27410045,2,0.302,0.302,0.302,0.302,0.302,0.302,0.302,0.302
